0,0,65,6,1,5,44,1,0
0,0,45,1,1,4,4.725000000000001,0,0
0,0,40,4,1,2,3.198999999999998,0,0
0,0,62,6,1,4,4.240000000000002,1,0
0,0,48,3,1,2,2.5619999999999976,0,0
0,0,76,3,1,3,4.5219999999999985,1,0
0,0,27,3,1,2,3.2800000000000002,0,0
0,0,49,2,1,5,2.8019999999999996,0,0
1,0,22,2,1,1,2.0380000000000003,0,0
1,0,17,1,1,0,0.0,0,0
1,0,16,0,1,0,1.516,0,0
1,0,15,0,1,0,0.0,0,0
0,0,13,0,2,0,1.2810000000000006,0,0
0,0,11,1,1,1,0.0,0,0
0,0,14,0,2,0,1.2009999999999987,0,0
0,0,63,7,1,2,3.396000000000001,0,0
0,0,243,17,1,6,12.438000000000002,2,1
0,0,38,1,1,0,1.8029999999999973,0,0
0,0,21,0,1,0,1.9990000000000023,0,0
0,0,60,5,1,1,3.3999999999999986,0,0
0,0,66,1,1,1,3.206000000000003,0,0
0,0,75,6,1,2,3.997,1,0
0,0,33,3,1,1,2.5209999999999937,0,0
0,0,66,3,1,4,3.396000000000001,0,0
0,0,27,4,1,1,1.7270000000000039,0,0
0,0,35,5,1,1,1.4810000000000016,0,0
0,0,51,6,1,1,6.235999999999997,0,0
0,0,32,2,1,0,1.803,0,0
0,1,70,5,1,1,3.5180000000000002,0,0
0,0,72,4,1,4,3.7929999999999993,0,0
0,0,53,5,1,2,3.3290000000000006,1,0
0,0,48,3,1,2,3.5520000000000014,0,0
0,0,40,1,1,0,2.8089999999999975,0,0
0,0,64,3,1,2,5.838000000000001,1,0
0,0,27,4,1,0,2.0740000000000016,0,0
0,0,8,0,0,0,1.203999999999997,0,0
0,0,33,3,1,2,22.722000000000005,1,0
0,0,45,4,1,1,4.081999999999994,1,0
0,0,43,1,1,0,2.834000000000003,1,0
0,0,30,2,1,1,4.600000000000001,0,0
0,0,32,1,1,1,5.0760000000000005,2,0
0,0,50,5,1,0,5.168999999999999,0,0
0,0,20,1,1,0,4.231999999999999,0,0
1,0,31,1,1,1,3.080000000000002,1,0
0,0,37,4,1,0,4.2059999999999995,0,0
0,0,27,0,1,0,3.6430000000000007,0,0
1,0,51,2,1,1,10.674,2,0
0,0,13,1,1,1,4.280999999999999,0,0
0,0,24,2,1,1,2.6799999999999997,0,0
0,0,49,5,1,1,2.4410000000000025,0,0
1,0,52,4,1,1,2.997,0,0
0,0,19,1,1,0,2.2849999999999966,1,0
0,0,17,1,1,0,2.1540000000000035,1,0
0,0,25,3,1,1,10.527999999999999,1,0
0,0,3,0,0,0,2.474,0,0
0,1,23,1,1,1,2.8360000000000003,1,0
0,0,69,7,1,1,4.726000000000001,1,0
0,0,29,3,1,1,3.8739999999999988,0,0
0,0,24,2,1,1,3.6000000000000014,0,0
0,0,6,0,0,0,1.1999999999999993,0,0
0,0,9,0,1,0,3.1630000000000003,0,0
0,0,39,3,1,2,5.081999999999997,0,0
0,0,46,4,1,1,6.675000000000004,1,0
0,0,21,1,1,1,2.604999999999997,0,0
0,0,25,0,1,0,3.5219999999999985,0,0
0,0,20,0,1,0,2.635000000000005,0,0
0,1,19,0,1,0,3.759999999999998,0,0
0,0,16,0,10,0,2.083999999999996,0,0
1,0,12,0,1,0,3.084000000000003,1,0
1,0,61,6,1,3,3.357999999999997,1,0
1,0,12,1,1,0,1.681,0,0
1,0,19,1,1,0,1.5609999999999995,0,0
0,0,9,0,0,0,1.3100000000000005,0,0
1,0,13,1,4,0,1.1600000000000001,0,0
0,0,8,0,0,0,1.6839999999999993,0,0
1,0,5,1,0,0,1.9190000000000005,0,0
1,0,16,1,1,1,2.042,0,0
1,0,39,3,1,0,2.0429999999999993,0,0
1,0,18,1,1,0,1.4370000000000012,0,0
0,0,27,4,1,2,2.155999999999999,1,0
0,0,51,3,1,1,3.368000000000002,0,0
0,0,5,1,0,0,1.913999999999998,0,0
0,0,11,0,1,0,1.3219999999999992,0,0
1,0,28,0,1,0,2.998000000000001,0,0
0,0,11,2,0,0,1.3170000000000002,0,0
0,0,24,1,1,0,2.3210000000000015,0,0
0,0,12,0,1,1,9.765999999999998,0,0
1,0,13,1,3,0,1.2389999999999972,0,0
0,0,66,2,1,5,16.362000000000002,0,0
0,0,44,2,1,4,2.6370000000000005,3,0
0,0,30,1,1,1,2.2019999999999995,0,0
0,0,72,2,1,4,3.5140000000000002,0,0
1,0,12,0,1,1,2.5250000000000004,0,0
0,0,9,0,6,0,0.0,1,0
1,0,48,2,1,1,5.804,1,0
1,0,25,1,1,1,1.9579999999999984,1,0
0,0,20,1,1,0,3.8740000000000023,0,0
0,0,17,1,1,0,0.0,1,0
1,0,54,0,1,1,5.279999999999998,2,0
0,0,51,1,1,0,3.8470000000000013,2,0
0,0,24,2,1,3,10.712999999999997,0,0
0,0,31,3,1,2,11.522000000000006,0,0
0,0,9,0,0,0,1.8389999999999986,0,0
1,0,5,1,0,0,0.0,0,0
0,0,19,2,1,0,2.4849999999999994,0,0
0,0,47,3,1,3,3.716000000000001,0,0
0,0,23,0,1,0,16.84,1,0
1,0,14,0,1,1,1.9250000000000007,0,0
0,0,15,3,1,2,6.0340000000000025,0,0
0,0,55,4,1,2,4.6839999999999975,0,0
0,0,21,0,1,0,1.642000000000003,0,0
0,0,27,1,1,1,3.471999999999994,2,0
0,0,42,2,1,2,3.4410000000000025,1,0
0,0,43,5,1,0,2.639000000000003,1,0
0,0,5,0,0,0,3.5629999999999953,0,0
0,0,24,1,1,1,1.8840000000000003,0,0
0,0,76,4,1,2,5.597999999999999,1,0
0,0,37,4,1,0,3.317,0,0
0,0,53,2,1,3,3.683,0,0
0,0,10,0,0,0,2.956,0,0
0,0,26,0,1,3,1.488,0,0
0,0,23,3,1,0,1.5200000000000005,0,0
0,0,45,2,1,4,2.7189999999999994,0,0
0,0,29,1,1,2,2.4770000000000003,1,0
0,0,33,1,1,0,1.9570000000000007,0,0
1,0,47,4,1,1,2.004999999999999,1,0
0,0,69,4,1,5,4.48,1,0
0,0,35,2,1,2,3.0749999999999993,2,0
0,0,8,0,0,0,1.5670000000000002,0,0
0,0,24,2,1,1,2.117000000000001,0,0
1,0,15,0,1,1,2.0779999999999994,1,0
0,0,29,1,1,1,3.3169999999999966,0,0
0,0,40,2,1,1,5.525000000000006,1,0
0,0,23,1,1,0,2.003,0,0
0,0,35,2,1,0,4.071999999999996,0,0
0,0,28,1,1,1,3.3260000000000005,0,0
0,0,15,0,1,1,2.315000000000005,0,0
1,0,68,2,1,1,5.195999999999998,3,0
1,0,20,1,1,0,8.521,0,0
1,0,12,1,1,0,4.3629999999999995,0,0
0,0,20,0,1,2,4.442,0,0
1,0,18,2,1,0,2.324,0,0
0,0,31,4,1,0,17.356,1,0
0,0,60,4,1,1,7.077999999999996,0,0
0,0,23,1,1,0,3.284000000000006,0,0
0,0,29,0,1,0,3.719999999999999,0,0
0,0,20,0,1,0,1.5529999999999973,0,0
0,0,32,0,1,0,4.725000000000001,0,0
0,0,8,0,0,0,1.5649999999999977,0,0
0,0,4,0,0,0,1.9920000000000044,0,0
0,0,26,2,1,2,2.9669999999999987,0,0
0,0,45,2,1,2,5.2719999999999985,0,0
1,0,15,3,1,1,1.2049999999999996,0,0
0,1,22,1,1,1,4.477000000000001,1,0
0,0,22,0,1,1,0.0,0,0
0,0,64,5,1,1,4.325999999999999,0,0
0,0,18,0,1,1,2.557000000000002,0,0
1,0,31,1,1,1,2.200999999999997,0,0
1,0,10,0,1,0,1.9589999999999996,0,0
1,0,37,3,1,1,2.4800000000000004,2,0
1,0,65,7,1,2,5.759,2,0
1,0,12,0,1,1,2.282,0,0
0,0,56,3,1,3,7.559000000000001,4,0
0,0,30,1,1,1,2.4739999999999966,0,0
0,0,50,0,1,1,3.885000000000005,0,0
0,0,78,1,1,2,4.756,1,0
0,0,57,7,1,4,4.128999999999998,0,0
1,0,58,1,1,2,4.079999999999998,0,0
1,0,57,5,1,2,3.949000000000005,0,0
1,0,36,2,1,1,4.2,1,0
1,0,58,5,1,0,8.565000000000001,0,0
0,0,3,0,0,0,3.120000000000001,0,0
0,0,3,0,0,0,2.879999999999999,0,0
0,0,53,4,1,1,5.4830000000000005,0,1
0,0,30,2,1,1,3.6789999999999985,0,0
0,0,46,3,1,1,4.273,0,0
0,0,59,4,1,2,4.085000000000001,2,0
0,0,71,4,1,0,4.8430000000000035,1,0
0,0,33,1,1,0,3.2009999999999934,0,0
0,0,34,0,1,1,2.4720000000000013,0,1
0,0,49,2,1,0,3.6060000000000016,0,0
0,0,50,1,1,3,4.716999999999999,2,0
0,0,47,0,1,2,4.366,0,0
0,0,58,10,1,1,4.474,0,0
0,0,18,1,1,1,6.722999999999999,0,0
0,0,29,2,1,0,2.6350000000000016,0,0
0,0,27,0,1,1,2.487,0,0
1,0,14,1,1,0,2.759999999999998,0,0
0,0,24,1,1,0,20.152,0,1
0,0,43,2,1,0,6.6469999999999985,2,0
0,0,30,1,1,0,5.1540000000000035,0,0
0,0,15,0,3,0,2.684999999999995,0,0
1,0,6,0,0,0,5.399000000000001,0,0
0,0,27,1,1,1,1.5650000000000002,0,0
0,0,10,0,0,0,1.31,0,0
0,0,5,1,0,0,1.6839999999999997,0,0
0,0,16,0,1,0,3.045000000000001,0,0
1,0,19,1,1,0,3.7909999999999986,0,0
0,0,5,0,0,0,1.888,0,0
0,0,33,2,1,1,3.0749999999999993,0,0
0,0,41,2,1,0,3.878,1,0
1,0,62,3,1,1,4.883000000000003,0,0
0,0,30,1,1,1,5.1179999999999986,1,0
0,0,58,2,1,0,5.003999999999998,0,0
0,0,46,1,1,2,5.434000000000005,1,0
0,0,31,1,1,1,2.6029999999999944,0,0
0,0,29,1,1,0,1.8870000000000005,0,0
1,0,66,8,1,0,3.9550000000000054,1,0
1,0,23,2,1,2,2.843999999999994,1,0
0,0,11,0,0,1,5.515000000000001,0,0
0,0,7,0,0,1,2.399000000000001,0,0
0,0,9,0,1,0,1.607,0,0
1,0,5,0,0,0,3.676,0,0
0,0,5,0,0,0,1.9169999999999998,0,0
1,0,20,1,1,0,2.2380000000000004,0,0
1,0,22,1,1,1,7.285999999999998,0,0
0,0,35,0,1,1,4.359000000000002,0,0
1,0,23,2,1,1,2.875,0,0
0,0,4,0,0,0,1.9280000000000008,0,0
1,0,22,1,1,0,5.000999999999998,0,0
1,0,18,0,1,0,5.117000000000004,1,0
0,0,7,2,3,0,0.0,1,0
0,0,68,3,1,2,5.640000000000001,0,0
1,0,29,2,1,0,4.719999999999999,0,0
1,0,31,4,1,0,7.000999999999998,0,0
0,0,9,1,1,1,2.9609999999999985,0,0
0,0,15,2,1,0,2.158999999999999,0,0
0,0,21,2,1,0,3.679000000000002,1,0
0,0,12,2,1,1,7.401,2,0
0,0,5,0,0,0,2.1530000000000005,0,0
0,0,25,1,1,3,2.7249999999999996,0,0
0,0,4,0,0,0,0.0,0,0
0,0,38,2,1,0,4.397000000000002,2,0
0,0,34,2,1,0,3.602999999999998,0,0
1,0,30,0,1,1,4.073,1,0
0,0,38,1,1,1,4.850999999999999,1,0
0,0,5,1,0,0,2.1140000000000008,0,0
0,0,5,1,0,0,3.3190000000000026,0,0
0,0,53,4,1,0,10.916999999999994,0,0
0,0,38,4,1,0,2.480000000000004,0,0
0,0,79,8,1,1,5.240000000000002,0,0
1,0,13,1,1,0,3.283999999999999,0,0
0,0,32,0,1,1,3.6370000000000005,0,0
0,0,11,0,1,1,3.7230000000000003,0,0
0,0,36,5,1,1,4.284999999999999,1,0
1,0,4,1,0,0,6.195000000000002,0,0
1,0,4,1,0,0,2.5219999999999985,0,0
1,0,4,1,0,0,4.323,0,0
0,0,8,0,1,0,7.911999999999999,1,0
0,0,29,2,1,1,6.119000000000003,0,0
0,0,38,3,1,2,3.2849999999999966,0,0
0,0,27,3,1,2,2.884999999999998,0,0
0,0,29,2,1,2,3.6370000000000005,0,0
0,0,48,2,1,0,4.202000000000005,1,0
0,0,30,3,1,0,1.561,0,0
0,0,57,1,1,0,2.7549999999999955,0,0
0,1,87,2,1,1,3.801000000000002,1,0
0,0,30,2,1,0,2.3999999999999986,0,0
1,0,24,4,1,2,5.479,0,0
0,0,30,3,1,0,5.121,0,0
0,0,40,3,1,0,3.314,0,0
0,0,32,3,1,1,3.7220000000000013,0,0
1,0,15,0,1,0,2.040999999999997,0,0
0,0,21,1,1,0,19.807000000000002,0,0
0,0,33,0,1,1,2.5159999999999982,1,0
0,0,42,3,1,3,8.838000000000001,2,0
0,0,16,1,3,0,3.5219999999999985,0,1
0,0,14,0,1,1,4.198,0,0
0,0,19,0,1,0,3.2010000000000005,0,0
1,0,11,0,1,1,1.88,0,0
0,0,10,0,0,0,3.0,0,0
0,0,58,1,1,1,3.92,0,0
1,0,7,0,1,0,2.1950000000000003,0,0
0,0,23,0,1,1,1.4450000000000003,0,0
0,0,17,3,1,1,2.3619999999999983,0,0
0,0,26,1,1,1,2.6389999999999993,1,0
0,0,14,0,1,0,1.4840000000000018,0,0
0,0,12,1,1,0,1.5539999999999985,0,0
0,0,30,1,1,1,2.802000000000003,1,0
1,0,14,2,1,0,3.193999999999999,0,0
0,0,7,0,0,1,1.9230000000000018,0,0
0,0,69,3,1,2,6.922999999999995,0,0
0,0,30,2,1,2,17.521,0,0
0,0,69,1,1,2,4.518000000000001,0,0
0,0,34,0,1,1,2.7549999999999994,1,0
0,0,45,3,1,3,3.559,0,0
0,0,57,3,1,1,3.2429999999999994,0,0
0,1,61,5,1,0,3.0470000000000006,0,0
0,0,76,6,1,1,4.917,0,0
0,0,25,2,1,0,1.7190000000000012,1,0
0,0,47,3,1,2,3.1980000000000004,0,0
1,0,38,2,1,0,3.7650000000000006,1,0
0,0,25,3,1,0,2.3919999999999995,0,0
0,0,52,2,1,0,3.0399999999999956,0,0
0,0,63,3,1,0,3.288000000000004,0,0
0,0,10,1,2,0,5.116999999999997,0,0
0,0,17,0,1,0,0.0,0,0
0,0,26,0,1,0,3.121000000000002,2,0
1,0,35,0,1,0,2.2010000000000005,2,0
1,0,29,0,1,2,3.0720000000000027,0,0
0,0,33,3,1,1,3.130999999999993,1,0
1,0,16,0,1,1,1.389000000000003,0,0
0,0,7,2,3,0,0.0,1,0
0,0,56,1,1,2,3.926000000000002,0,0
1,0,20,0,1,0,12.358999999999995,0,0
0,0,48,2,1,3,3.3179999999999996,0,0
0,0,13,0,1,1,2.6850000000000005,1,0
0,0,25,0,1,1,0.0,1,0
1,0,19,1,1,0,2.1179999999999986,0,0
0,1,68,2,1,2,3.875,2,0
0,0,4,0,0,1,1.649000000000001,0,0
0,0,29,2,1,1,6.759,0,0
0,0,53,1,1,2,3.8019999999999996,0,0
0,0,10,1,2,0,2.1600000000000037,0,0
0,0,30,4,1,1,4.070999999999998,0,0
0,0,15,1,1,0,2.2879999999999967,0,0
0,0,47,2,1,0,6.118000000000002,3,0
0,0,62,2,1,4,3.355000000000004,0,0
0,0,26,1,1,0,3.478999999999999,0,0
0,0,38,2,1,0,0.0,1,0
0,0,30,1,1,2,1.8019999999999996,1,0
1,0,50,2,1,0,2.7620000000000005,0,0
0,0,69,2,1,0,7.481000000000001,1,0
0,0,15,0,1,0,1.9619999999999997,1,0
0,0,11,0,1,0,2.7619999999999987,0,0
0,0,40,2,1,0,1.9920000000000009,0,0
1,0,41,2,1,0,2.6029999999999998,0,0
0,0,49,1,1,0,3.3180000000000014,0,0
1,0,69,4,1,0,7.721999999999998,2,0
0,0,63,2,1,1,5.240000000000002,1,0
1,0,63,4,1,0,3.077999999999996,0,0
0,0,11,2,1,0,1.6810000000000045,1,0
0,0,10,0,1,1,5.158999999999999,0,1
0,0,23,2,1,0,0.0,1,0
1,0,45,4,1,0,2.1580000000000013,2,0
0,0,28,1,1,0,3.1610000000000014,0,0
1,0,34,1,1,1,2.7279999999999944,0,0
0,0,13,0,1,0,1.7929999999999993,0,0
0,0,25,1,1,0,1.9990000000000023,0,0
0,0,34,2,1,0,2.246000000000002,0,0
1,0,45,3,1,1,3.6779999999999973,3,0
0,0,24,2,1,0,1.3989999999999998,0,0
1,0,72,6,1,3,3.203,0,0
0,0,22,1,1,1,1.2770000000000001,0,0
0,0,21,1,1,0,2.282,1,0
0,0,22,2,1,0,5.322000000000001,1,0
0,0,73,6,1,2,4.792,1,0
0,0,23,2,1,0,2.559000000000001,0,0
0,0,76,5,1,3,3.965,2,0
0,0,52,2,1,1,3.5559999999999974,0,0
1,0,21,0,1,0,2.1209999999999987,1,0
1,0,47,3,1,2,11.641000000000005,2,0
0,0,69,4,1,3,3.756999999999998,1,0
0,0,32,1,1,1,2.5600000000000023,0,0
0,0,8,1,1,1,2.3299999999999983,0,0
0,0,7,1,0,0,3.314,0,0
0,0,72,3,1,2,5.277000000000001,0,0
0,0,45,4,1,2,2.0469999999999997,0,0
0,0,11,0,1,2,1.2319999999999998,1,0
0,0,37,3,1,2,3.806,1,0
0,0,6,0,0,0,0.0,0,0
0,0,8,0,0,0,4.234,0,0
0,0,35,0,1,0,3.324,0,0
1,0,25,0,1,0,2.600999999999999,0,0
0,0,32,5,1,0,2.8850000000000016,0,0
1,0,18,1,1,1,2.0380000000000003,1,0
0,0,43,4,1,0,2.2330000000000005,2,0
0,0,32,2,1,0,2.16,0,0
1,0,37,3,1,1,7.605,0,0
1,0,22,0,1,0,2.4409999999999954,1,0
0,0,64,7,1,4,7.314,1,0
0,0,69,6,1,5,4.766000000000005,0,0
0,0,23,1,1,0,2.1999999999999957,0,0
0,0,25,0,1,0,4.442,0,0
0,0,55,4,1,2,4.838000000000001,0,0
0,0,34,1,1,1,3.481,2,0
0,0,9,0,6,0,5.521,1,0
1,0,41,0,1,0,3.1959999999999997,2,0
0,0,24,2,1,0,2.5549999999999997,1,0
0,0,31,0,1,1,11.286999999999999,2,0
0,0,22,1,1,0,4.2010000000000005,1,0
0,0,28,2,1,1,3.2390000000000043,1,0
0,0,24,2,1,0,1.9949999999999974,0,0
0,0,40,1,1,0,3.5589999999999975,0,0
0,0,32,2,1,0,4.198,1,0
0,0,12,1,1,0,0.0,0,0
0,0,38,1,1,2,2.686,2,0
1,0,54,3,1,2,3.1240000000000023,0,0
1,0,49,2,1,2,2.830999999999996,0,0
0,0,42,3,1,2,3.368000000000002,3,0
0,0,11,0,1,0,1.3119999999999976,2,0
0,0,79,7,1,0,4.130000000000003,0,0
0,0,20,1,1,1,3.4370000000000003,1,0
0,0,51,3,1,1,15.0,2,0
0,0,12,0,1,0,1.7979999999999983,0,0
1,0,44,2,1,1,2.6340000000000003,1,0
1,0,42,2,1,1,5.045000000000002,0,0
1,0,33,2,1,1,4.0390000000000015,0,0
1,0,22,1,1,2,2.806999999999995,1,0
0,0,8,0,3,0,1.8390000000000057,0,0
0,0,79,2,1,1,5.998999999999995,0,0
0,0,57,6,1,2,2.7620000000000005,1,0
0,0,16,0,10,0,2.469999999999999,0,0
1,0,29,0,1,0,2.0020000000000024,1,0
0,0,50,2,2,0,2.125,0,0
0,0,32,1,1,1,2.314,1,0
0,0,14,0,2,0,1.7680000000000007,0,0
1,0,23,0,1,0,1.5949999999999989,0,0
1,0,22,3,1,1,2.475999999999999,1,0
1,0,23,0,1,0,2.6,1,0
0,0,39,3,1,1,2.7649999999999997,0,0
1,0,20,1,1,0,3.284,1,0
0,0,33,1,1,1,2.3950000000000014,1,0
1,0,26,2,1,1,1.5999999999999996,1,0
1,0,52,4,1,2,8.479,2,0
1,0,53,5,1,0,3.558,1,0
1,0,30,2,1,2,1.3979999999999997,1,0
0,0,49,4,1,1,3.960000000000001,2,0
1,0,47,2,1,2,3.4879999999999995,2,0
1,0,24,1,1,0,1.2779999999999987,1,0
1,0,24,1,1,1,19.324000000000005,1,0
1,0,13,1,4,0,2.276999999999994,0,0
0,0,16,0,10,0,1.1540000000000035,0,0
0,0,8,0,0,1,8.36,0,0
1,0,51,3,1,1,3.321999999999999,0,0
1,0,50,0,1,2,5.677,1,0
1,0,13,1,4,0,3.41,0,0
1,0,41,0,1,1,5.672000000000001,1,0
1,0,12,0,1,0,1.279,0,0
1,0,25,0,1,0,1.649000000000001,1,0
1,0,38,2,1,2,2.4770000000000003,1,0
1,0,29,1,1,1,2.5229999999999997,1,0
1,0,13,1,4,0,3.271000000000001,0,0
0,0,14,0,1,1,1.205999999999996,0,0
1,0,50,2,1,0,3.602000000000004,1,0
1,0,74,3,1,1,4.280999999999999,2,0
1,0,18,1,1,0,9.154000000000003,0,0
1,0,25,0,1,2,4.721999999999994,1,0
0,0,14,0,3,0,2.563,0,0
0,0,17,2,1,0,1.5620000000000003,0,0
1,0,27,4,1,1,2.4369999999999994,2,0
0,0,25,1,1,1,1.7990000000000004,1,0
0,0,50,2,2,0,3.1229999999999993,0,0
0,0,30,0,1,1,1.9930000000000003,1,0
1,0,22,0,1,1,5.718000000000002,1,0
0,0,38,1,1,1,1.968,3,0
0,0,48,0,1,0,2.517999999999997,2,0
1,0,52,3,1,0,6.477,1,0
1,0,13,1,3,0,3.4399999999999977,0,0
0,0,10,0,0,0,1.4870000000000019,0,0
0,0,30,1,1,1,1.7590000000000003,2,0
0,0,7,0,0,0,8.716999999999999,0,0
1,0,17,1,1,0,16.123000000000005,0,0
0,0,34,0,1,1,2.281,0,0
1,0,13,2,1,0,1.7530000000000001,1,0
0,0,37,2,1,2,14.965,1,0
1,0,43,0,1,1,13.120999999999999,0,0
1,0,40,1,1,1,1.7550000000000026,1,0
1,0,44,0,1,0,1.918999999999997,2,0
1,0,20,0,1,1,3.4410000000000025,0,0
1,0,43,3,1,0,1.9639999999999986,0,0
1,0,25,0,1,0,1.3119999999999976,0,0
1,0,54,2,1,1,2.8900000000000006,1,0
1,0,35,2,1,0,2.834000000000003,2,0
0,0,4,0,0,1,3.681999999999995,0,0
0,0,10,0,0,0,1.2000000000000028,0,0
1,0,15,1,1,0,3.6340000000000003,1,0
1,0,28,0,1,0,37.68699999999999,0,0
0,0,44,1,1,0,2.6340000000000003,0,0
1,0,69,6,1,1,8.647000000000006,0,0
1,0,45,2,1,0,4.474999999999994,1,0
0,0,72,3,1,0,12.122999999999998,2,0
1,0,16,0,1,1,5.079,0,0
0,0,14,3,1,0,1.2800000000000011,0,0
0,0,18,1,1,1,2.321999999999999,1,0
0,0,10,0,0,0,3.1609999999999996,0,0
0,0,15,1,1,1,2.2760000000000016,0,0
0,0,40,2,1,0,6.042999999999999,1,0
0,0,10,0,0,1,1.2390000000000008,0,0
1,0,34,3,1,0,3.914999999999999,0,0
0,0,68,4,1,2,4.287999999999997,1,0
0,0,26,1,1,0,1.7540000000000049,0,0
0,0,50,4,1,2,4.366,3,0
1,0,5,1,0,0,2.5109999999999957,0,0
0,0,12,0,1,1,2.4480000000000004,0,0
0,0,35,2,1,0,3.592000000000006,0,0
1,0,57,6,1,3,4.288999999999994,0,0
0,0,12,0,1,1,1.4810000000000016,0,0
1,0,32,1,1,1,7.759999999999998,0,0
0,0,26,2,1,0,0.0,1,0
0,0,20,3,1,1,2.317,0,0
0,0,43,2,1,0,9.16,1,0
0,0,21,1,1,1,3.7189999999999994,0,0
1,0,15,0,2,0,4.558,0,0
1,0,34,1,1,0,4.962,0,0
0,0,21,3,1,0,1.8030000000000008,0,0
1,0,15,0,2,0,1.8790000000000013,0,0
0,0,22,1,1,0,7.319000000000003,0,0
0,0,41,4,1,0,2.5219999999999985,0,0
0,0,10,0,0,0,1.1969999999999956,0,0
0,0,24,2,1,0,2.4000000000000057,1,0
0,0,23,1,1,1,2.6340000000000003,0,0
0,0,57,5,1,0,4.405999999999999,0,0
0,0,32,2,1,0,3.1229999999999976,0,0
0,0,36,0,1,0,6.359999999999999,2,0
0,0,32,1,1,0,0.0,2,0
0,0,39,1,1,1,3.512,0,0
0,0,47,2,1,0,3.8000000000000003,0,0
0,0,28,1,1,0,2.042,0,0
1,0,15,1,1,0,2.2859999999999996,0,0
0,0,8,0,0,1,1.875,0,0
0,0,26,0,1,2,3.1209999999999987,2,0
0,0,14,0,1,1,1.1550000000000011,0,0
0,0,10,0,1,0,4.210000000000001,0,0
1,0,32,2,1,3,4.356999999999999,0,0
0,0,37,2,1,0,2.6389999999999993,0,0
0,0,64,6,1,0,4.881,2,0
0,0,27,1,1,1,2.6779999999999973,4,0
0,0,71,4,1,1,6.560000000000002,1,0
0,0,42,2,1,0,4.359999999999999,0,0
0,0,27,2,1,0,2.196000000000005,0,0
1,0,21,1,1,0,34.20899999999999,0,0
0,0,52,1,1,0,2.9140000000000015,0,0
1,0,52,1,1,1,2.6359999999999992,1,0
0,0,25,1,1,0,1.2800000000000011,1,0
1,0,12,2,1,0,1.7630000000000017,0,0
0,0,37,0,2,0,1.6069999999999993,0,0
1,0,15,2,1,0,4.359999999999999,0,0
0,0,35,0,1,4,5.116999999999997,0,0
1,0,14,0,1,1,1.8359999999999985,2,0
0,0,7,0,0,0,3.4780000000000015,0,0
1,0,23,1,1,0,2.0080000000000027,1,0
0,0,35,4,1,0,2.5959999999999965,0,0
0,0,29,1,1,0,1.7240000000000038,0,0
0,0,32,2,1,0,1.6749999999999972,0,0
0,0,49,4,1,1,2.8460000000000036,0,0
1,0,22,1,1,0,2.519,0,0
0,0,77,7,1,1,3.9959999999999996,0,0
0,0,10,0,0,0,2.6340000000000003,0,0
1,0,42,5,1,1,2.606,1,0
0,0,54,3,1,1,3.3569999999999993,0,0
0,0,17,0,1,0,2.6370000000000022,0,0
0,0,38,3,1,3,5.640999999999998,1,0
0,0,31,0,2,0,3.158999999999999,0,0
1,0,55,2,1,2,6.846999999999998,2,0
1,0,13,1,3,0,3.440000000000005,0,0
0,0,10,0,0,0,2.155000000000001,0,0
1,0,40,2,1,1,5.360999999999997,1,0
1,0,37,2,1,0,2.238999999999997,2,0
1,0,37,1,1,0,1.8420000000000059,0,0
0,0,40,0,1,1,2.8870000000000005,2,0
0,0,18,0,1,0,12.154999999999994,0,0
1,0,24,0,1,0,9.722999999999999,0,0
1,0,43,0,1,1,2.040000000000001,0,0
0,0,8,0,0,0,2.481,0,0
1,0,5,1,0,0,1.5949999999999989,0,0
0,0,10,0,0,0,1.998000000000001,0,0
0,0,27,0,1,1,2.683,0,0
1,0,5,1,0,0,3.562000000000001,0,0
0,0,23,0,1,0,0.0,0,0
1,0,4,0,0,0,3.6819999999999986,0,0
0,0,41,5,1,1,0.0,1,0
0,0,39,2,1,0,2.3119999999999976,0,0
0,0,41,1,1,1,2.399000000000001,1,0
0,0,55,1,1,1,2.730000000000004,1,0
1,0,38,1,1,1,2.4299999999999997,2,0
0,0,59,3,1,2,3.2879999999999967,0,0
0,0,52,6,1,1,3.6780000000000044,0,0
0,0,54,3,1,0,3.561,0,0
1,0,25,2,1,1,2.1229999999999976,1,0
0,0,32,0,1,2,1.7190000000000012,1,0
0,0,44,2,1,1,3.3930000000000007,4,0
0,0,39,2,1,1,3.4399999999999977,1,0
1,0,25,1,1,0,2.9979999999999998,0,0
0,0,11,1,1,1,2.484,1,0
0,0,60,4,1,1,4.399000000000001,3,0
0,0,27,1,1,0,2.078999999999999,0,0
1,0,12,0,1,0,0.0,0,0
0,0,23,0,1,0,2.5580000000000016,2,0
0,0,7,2,3,0,0.0,1,0
0,0,26,1,1,0,2.480999999999998,0,0
0,0,19,0,1,0,2.2059999999999995,0,0
0,0,3,0,0,1,2.3930000000000007,0,0
0,0,44,3,1,0,3.1290000000000013,2,0
0,0,15,0,1,0,1.1969999999999992,0,0
0,0,37,2,1,0,1.7570000000000014,2,0
0,0,5,1,0,0,2.200999999999997,0,0
0,0,14,2,1,0,3.9609999999999985,1,0
0,0,29,1,1,0,2.085000000000001,0,0
1,0,18,3,1,0,2.6750000000000043,1,0
0,0,52,2,1,1,4.564,0,0
0,0,45,3,1,1,2.516999999999996,0,0
0,0,64,7,1,2,4.475999999999999,2,0
0,0,6,2,0,1,3.7220000000000013,0,0
1,0,41,1,1,1,15.165000000000006,1,0
0,0,33,2,1,3,3.7140000000000004,0,0
0,0,56,0,1,1,3.4780000000000015,0,0
0,0,5,1,0,0,3.1630000000000003,0,0
0,0,42,1,1,2,3.637999999999998,0,0
0,0,12,0,1,0,2.8419999999999987,1,0
0,0,9,1,0,0,2.8450000000000024,0,0
0,0,23,1,1,1,3.990999999999996,0,0
0,0,69,7,1,1,4.369,0,0
0,0,67,3,1,2,6.158000000000001,0,0
0,0,26,1,1,1,2.353999999999999,0,0
0,0,10,0,0,0,2.162000000000006,0,0
0,0,21,0,1,0,2.766999999999996,0,0
0,0,23,1,1,0,1.5600000000000023,1,0
0,0,47,0,1,0,6.195,1,0
0,0,28,1,1,2,2.7600000000000002,1,0
0,0,17,0,1,0,1.565,0,0
1,0,11,0,1,0,6.675999999999999,0,0
1,0,23,1,1,0,4.682000000000002,0,0
0,0,14,0,2,0,2.9949999999999974,0,0
0,0,29,2,1,0,4.843,0,0
0,0,68,3,1,0,4.162000000000003,0,0
0,0,59,5,1,0,3.6779999999999973,0,0
0,0,33,1,1,0,3.1570000000000036,0,0
1,0,28,1,1,0,2.8829999999999956,1,0
0,0,40,2,1,0,4.074000000000005,0,0
0,0,15,1,1,0,2.8489999999999966,0,0
0,0,7,0,0,1,1.7210000000000036,0,0
0,0,12,0,0,1,2.433,0,0
0,0,59,3,1,0,3.398999999999994,0,0
0,0,19,1,1,2,2.159000000000006,0,0
0,1,53,3,1,2,2.728999999999999,1,0
0,0,26,1,1,3,2.277000000000001,0,0
0,0,48,1,1,1,2.836999999999996,0,0
0,0,36,3,1,1,3.3640000000000003,0,0
0,0,9,0,6,0,3.676,1,0
0,0,61,5,1,0,5.718999999999999,0,0
0,0,48,5,1,0,3.16,0,0
0,0,12,0,1,0,1.6069999999999993,0,0
1,0,11,2,1,1,9.039000000000001,0,0
0,0,10,1,1,0,4.394000000000002,0,1
0,0,15,0,1,2,39.163,0,0
0,0,21,2,1,0,15.995000000000001,0,0
1,0,21,2,1,0,4.645,0,0
0,0,41,0,1,4,3.1570000000000036,0,0
0,0,14,0,3,0,10.677999999999997,0,0
1,0,10,2,1,0,5.162999999999997,0,0
0,0,64,2,1,2,4.358000000000004,0,0
0,0,50,4,1,3,3.6839999999999975,2,0
0,0,53,4,1,2,4.158,2,0
0,0,48,3,1,3,2.6419999999999995,2,0
1,0,14,1,1,0,1.6780000000000008,1,0
0,0,24,0,1,0,2.6449999999999996,0,0
0,0,19,0,1,0,1.2759999999999998,1,0
1,0,31,0,1,2,4.6370000000000005,0,0
1,0,21,1,1,0,10.607,1,0
0,0,9,0,1,0,2.719000000000001,0,0
0,0,15,0,1,0,2.1199999999999974,0,0
0,0,14,1,1,2,4.597999999999999,1,0
1,0,36,2,1,1,6.960000000000001,0,0
0,0,31,3,1,1,8.436,0,0
0,0,65,3,1,2,15.556999999999995,2,0
0,0,15,0,3,0,7.529999999999999,0,0
0,0,7,0,0,0,1.4809999999999999,0,0
1,0,21,1,1,0,1.6739999999999995,1,0
0,0,16,1,2,0,2.84,1,0
1,0,36,1,1,1,2.761000000000003,1,0
1,0,5,0,0,1,15.915999999999997,0,0
0,0,29,0,1,2,6.523000000000003,0,0
0,0,31,4,1,0,11.836999999999996,0,0
0,0,17,1,1,0,3.807000000000002,0,0
0,0,9,1,1,0,17.594,1,0
0,0,7,0,0,0,3.078999999999997,0,0
0,0,14,0,1,2,2.365000000000002,0,0
0,0,5,1,0,0,10.718,0,0
0,0,19,1,1,1,6.9979999999999976,0,0
0,0,18,1,1,1,3.841000000000001,0,0
0,0,21,2,1,2,2.919000000000004,1,0
0,0,45,3,1,2,5.358999999999995,0,0
0,0,21,0,1,0,6.407000000000004,0,0
0,0,26,1,1,0,6.793000000000001,1,0
0,0,8,0,0,0,3.048,0,0
0,0,21,0,1,0,5.116999999999999,0,0
0,0,46,2,1,0,6.9239999999999995,0,0
0,0,15,0,3,0,3.789999999999999,0,0
0,0,5,1,0,0,6.520000000000003,0,0
0,0,32,0,1,0,2.286999999999999,1,0
1,0,19,2,1,0,2.2010000000000005,0,0
0,0,12,0,1,1,1.6409999999999982,0,0
0,0,32,0,1,2,1.8789999999999978,1,0
0,0,53,1,1,2,2.8360000000000056,1,0
0,0,59,4,1,2,4.000999999999998,1,0
0,0,53,3,1,0,4.036000000000001,0,0
0,0,35,3,1,1,5.125999999999998,0,0
0,0,76,1,1,2,4.521000000000001,0,0
0,0,41,2,1,2,3.197,0,0
0,0,63,1,1,1,2.9189999999999996,1,0
0,0,47,1,1,1,2.442,0,0
0,0,46,4,1,1,2.2810000000000006,0,0
0,0,59,2,1,0,2.836999999999998,1,0
1,0,34,3,1,0,1.8050000000000033,1,0
0,0,69,3,1,1,3.358999999999998,0,0
1,0,30,1,1,0,1.6410000000000018,0,0
0,0,35,1,1,1,3.312999999999999,2,0
0,0,21,2,1,1,2.2390000000000008,1,0
0,0,28,2,1,0,2.003,1,0
0,0,22,1,1,1,3.125,0,0
1,0,26,2,1,1,0.0,0,0
1,0,40,1,1,1,2.3119999999999976,0,0
1,0,44,3,1,2,2.365000000000002,0,0
0,0,25,0,1,0,1.2789999999999964,0,0
0,0,20,1,1,0,1.7580000000000027,1,0
1,0,5,1,0,0,0.0,0,0
0,0,59,6,1,1,4.521000000000001,0,0
0,0,55,4,1,0,3.637999999999998,0,0
1,0,28,3,1,0,4.044000000000004,0,0
0,0,19,0,1,0,1.8369999999999962,0,0
1,0,33,5,1,0,4.082000000000001,0,0
1,0,15,0,1,0,3.0050000000000026,0,0
0,0,6,0,0,0,1.7140000000000004,0,0
1,0,31,5,1,0,1.9980000000000002,0,0
0,0,16,1,1,0,1.3629999999999995,1,0
0,0,13,0,1,0,2.3610000000000007,0,0
0,0,27,1,1,1,0.0,2,0
1,0,24,0,1,1,10.761999999999999,0,0
1,0,29,1,1,1,3.192,0,0
0,0,66,2,1,1,7.209,1,0
0,0,6,1,0,0,2.4339999999999975,0,0
0,0,22,1,1,0,2.200000000000003,0,0
0,0,14,0,3,0,4.686,0,0
0,0,71,1,1,3,5.311,2,0
0,0,26,0,1,0,4.166000000000004,0,0
0,0,8,0,1,0,2.3629999999999995,0,0
0,0,21,1,1,0,3.9169999999999945,0,0
0,0,4,0,0,0,2.034000000000006,0,0
0,0,44,0,1,3,5.68,1,0
0,0,21,1,1,0,3.0859999999999994,0,0
0,0,23,1,1,0,7.0009999999999994,0,0
0,0,13,0,1,0,3.242000000000001,0,0
1,0,74,5,1,1,14.230999999999998,1,0
0,0,40,1,1,1,2.841000000000001,0,0
0,0,43,3,1,0,2.166000000000004,0,0
0,0,69,3,1,2,3.360999999999997,0,0
0,0,29,1,1,2,1.9149999999999991,1,0
0,0,30,1,1,1,2.6430000000000007,0,0
0,0,60,2,1,2,4.634999999999998,2,0
0,0,41,3,1,0,2.0870000000000033,0,0
0,0,13,1,3,0,1.3119999999999976,0,0
0,0,12,0,1,1,4.609000000000002,0,0
0,0,15,1,1,0,2.637999999999998,0,0
0,0,10,0,3,0,0.0,0,0
0,0,44,2,1,2,3.1540000000000035,0,0
0,0,13,1,3,0,1.3639999999999999,0,0
0,0,13,1,1,0,3.724,0,0
0,0,15,0,3,0,9.675999999999998,0,0
1,0,22,2,1,0,2.839000000000002,0,0
1,0,34,5,1,0,0.0,0,0
0,0,7,0,0,0,2.919999999999998,0,0
1,0,34,0,1,1,6.526,0,0
0,0,45,2,1,0,1.9130000000000003,2,0
1,0,36,2,1,0,5.605000000000004,0,0
0,0,26,2,1,0,0.0,1,0
0,0,44,3,1,1,2.198999999999998,1,0
0,0,21,0,1,0,1.7959999999999994,1,0
0,0,74,4,1,0,4.0020000000000024,0,0
0,0,31,2,1,1,2.003,0,0
0,0,19,0,1,0,5.354999999999997,0,0
0,0,18,1,1,0,3.9269999999999996,1,0
1,0,16,1,1,0,0.0,0,0
0,0,40,2,1,0,3.669000000000004,2,0
0,0,44,1,1,1,3.09,0,0
0,0,8,0,0,0,1.1970000000000005,0,0
0,0,21,1,1,0,3.2750000000000004,1,0
0,0,15,0,1,1,2.167,0,0
1,0,41,3,1,0,2.519,0,0
0,0,52,5,1,2,4.803000000000001,1,0
0,0,38,2,1,2,4.157,0,0
0,0,60,2,1,0,3.436,0,0
0,0,21,0,1,3,2.9209999999999994,0,0
0,0,57,6,1,1,8.484000000000002,1,0
0,0,67,1,1,1,3.7179999999999964,2,0
0,0,16,0,1,0,8.557000000000002,0,0
0,0,59,4,1,1,8.921,0,0
0,0,64,4,1,1,6.998000000000005,0,0
0,0,10,1,1,0,2.484,0,0
0,0,36,2,1,0,2.561,0,0
0,0,51,2,1,2,3.1959999999999997,0,0
0,0,42,4,1,1,7.485000000000001,0,0
0,0,12,0,0,1,7.521000000000001,0,0
0,0,68,4,1,0,4.996999999999996,2,0
0,0,40,3,1,1,2.838000000000001,1,0
0,0,57,1,1,2,2.886000000000003,1,0
1,0,34,2,1,0,2.277000000000001,0,0
0,0,8,1,0,1,0.0,0,0
0,0,22,1,1,0,1.3179999999999978,1,0
0,0,51,2,1,1,2.2819999999999965,1,0
0,0,19,0,1,1,1.392000000000003,0,0
0,0,4,0,0,1,0.0,0,0
0,0,21,0,1,0,1.5309999999999988,1,0
0,0,72,6,1,2,3.676000000000002,0,0
0,0,13,1,3,0,2.2349999999999994,0,0
0,0,30,1,1,0,0.0,0,0
0,0,37,3,1,0,2.728999999999999,0,0
0,0,30,3,1,1,2.038000000000004,0,0
0,0,34,1,1,0,1.5619999999999976,0,0
0,0,39,1,1,1,2.1169999999999973,0,0
0,0,67,4,1,2,3.3150000000000004,2,0
0,0,53,4,1,2,3.5249999999999995,2,0
0,0,42,3,1,1,2.314,0,0
0,0,13,0,1,1,2.0470000000000006,0,0
0,0,7,0,0,0,4.235999999999999,0,0
0,0,16,0,1,0,2.365000000000002,1,0
1,0,65,1,1,0,3.2330000000000005,0,0
0,0,64,3,1,2,3.8439999999999976,1,0
0,0,38,0,1,2,3.396000000000001,3,0
0,0,53,4,1,1,5.763000000000002,0,0
0,0,26,1,1,0,3.4439999999999955,0,0
0,0,23,1,1,0,3.1610000000000014,1,0
0,0,11,0,1,0,1.956000000000003,0,0
0,0,23,0,1,1,2.5619999999999976,1,0
0,0,17,0,1,1,3.038000000000004,0,0
1,0,40,2,1,0,6.642999999999994,1,0
0,0,35,1,1,0,0.0,0,0
0,0,20,1,1,0,2.118000000000002,0,0
1,0,20,0,1,1,0.0,0,0
1,0,29,3,1,1,2.7580000000000027,1,0
0,0,83,7,1,0,9.724,0,0
0,0,77,5,1,1,10.279000000000002,0,0
0,0,44,2,1,0,2.192999999999998,0,0
0,0,32,2,1,2,1.6479999999999997,0,0
0,0,17,0,1,0,2.3569999999999993,2,0
1,0,14,1,1,0,0.0,1,0
0,0,49,3,1,1,3.953000000000003,1,0
0,0,43,2,1,0,2.208000000000002,0,0
0,0,33,3,1,2,1.8359999999999985,1,0
1,0,68,2,1,3,4.5589999999999975,2,0
0,0,60,4,1,1,3.3999999999999986,0,0
0,0,46,2,1,1,10.883000000000003,2,0
0,0,31,3,1,1,2.155999999999999,0,0
0,0,70,5,1,1,6.240000000000002,1,0
1,0,43,3,1,0,3.6450000000000005,0,0
1,0,64,2,1,2,5.284,3,0
0,0,61,2,1,2,9.399000000000001,0,0
0,0,26,0,1,0,3.5199999999999996,1,0
0,0,15,0,1,0,2.879999999999999,0,0
0,0,51,2,1,0,3.1099999999999994,0,0
0,0,48,7,1,1,3.482000000000003,0,0
0,0,52,5,1,2,3.681999999999995,2,0
0,0,60,2,1,0,3.365000000000002,0,0
0,0,72,5,1,1,3.597999999999999,0,0
1,0,52,3,1,1,3.4750000000000014,0,0
0,0,58,7,1,3,7.119,2,0
0,0,38,1,1,2,3.4470000000000027,0,0
1,0,66,4,1,1,3.4399999999999977,0,0
0,0,9,0,6,0,1.642,1,0
0,0,53,2,1,2,2.591,0,0
1,0,42,2,1,0,2.4800000000000004,1,0
0,0,13,0,2,0,2.048,0,0
0,0,4,0,0,0,2.16,0,0
0,0,28,2,1,1,2.792,0,0
0,0,81,3,1,0,4.324999999999999,0,0
0,0,32,3,1,0,2.2020000000000017,0,0
1,0,55,1,1,2,3.354999999999997,1,0
0,0,29,2,1,2,2.808,1,0
1,0,5,1,0,1,11.798000000000002,0,0
0,0,10,1,1,0,2.9939999999999998,1,0
0,0,10,2,1,0,5.926000000000002,0,0
0,0,23,3,1,0,3.2419999999999973,0,0
1,0,38,2,1,0,3.030000000000001,1,0
1,0,16,1,1,0,2.203000000000003,0,0
0,0,15,1,1,0,3.2049999999999983,0,0
0,0,41,2,1,0,17.834999999999997,0,0
0,0,65,3,1,1,3.9239999999999995,1,0
1,0,49,1,1,1,8.437000000000001,1,0
0,0,39,0,1,2,8.0,0,0
0,0,13,0,1,2,2.5159999999999982,0,0
0,0,51,1,1,1,6.166000000000004,0,0
1,0,34,0,1,1,2.3149999999999977,0,0
1,0,31,1,1,1,2.1600000000000037,0,0
0,0,61,3,1,1,7.4069999999999965,0,0
1,0,14,1,1,0,2.956,0,0
0,0,69,3,1,2,4.717,2,0
0,0,12,1,1,1,6.768000000000001,0,0
0,0,40,0,1,0,6.200000000000001,0,0
0,0,47,4,1,1,3.279,0,0
0,0,35,2,1,1,4.239999999999998,0,0
1,0,16,1,1,0,2.753,0,0
0,0,48,0,1,0,4.400000000000002,0,0
0,0,41,2,1,0,4.524000000000001,0,0
0,0,13,1,1,0,2.962999999999994,0,0
0,0,31,4,1,1,4.475000000000001,1,0
0,0,5,0,0,1,5.8060000000000045,0,0
1,0,78,3,1,0,3.830999999999996,1,0
1,0,4,0,0,0,5.1200000000000045,0,0
0,0,14,0,3,0,6.165000000000001,0,0
0,0,55,4,1,2,8.915000000000001,0,0
0,0,69,1,1,2,3.968,1,0
0,0,34,2,1,0,1.9599999999999973,0,0
0,0,48,2,1,3,3.0410000000000004,0,0
0,0,66,1,1,4,4.121000000000002,0,0
0,0,58,3,1,2,4.318999999999999,1,0
0,0,25,0,1,0,2.6779999999999973,1,0
0,0,52,4,1,2,3.760000000000005,0,0
1,0,11,1,1,1,2.279999999999994,0,0
0,0,15,0,3,0,1.1990000000000052,0,0
1,0,13,1,1,2,1.8029999999999973,0,0
1,0,28,2,1,0,2.841000000000001,1,0
0,0,14,1,1,0,6.079999999999998,0,0
0,0,21,0,1,0,3.9990000000000023,2,0
1,0,25,1,1,1,3.4709999999999965,0,0
0,0,25,0,1,0,2.364,2,0
0,0,29,2,1,1,2.601,0,0
1,0,24,3,1,1,2.1559999999999997,0,0
1,0,56,3,1,1,2.4450000000000003,1,0
1,0,58,3,1,3,3.237,1,0
0,0,71,4,1,1,6.042,4,0
0,0,43,2,1,1,1.838000000000001,0,0
0,0,67,7,1,5,5.117000000000001,0,0
0,0,55,2,1,3,3.1629999999999967,0,0
0,0,8,0,0,0,1.1570000000000036,0,0
0,0,14,0,1,0,1.4849999999999994,0,0
0,1,72,3,1,2,4.716000000000001,1,0
0,0,49,2,1,5,3.7650000000000006,0,0
0,0,44,4,1,2,2.7239999999999966,0,0
0,0,10,0,0,0,1.1899999999999977,0,0
0,0,25,0,1,0,1.8430000000000035,0,0
0,0,8,0,1,0,1.4870000000000019,0,1
0,0,29,1,1,1,2.9939999999999998,2,0
0,0,65,5,1,4,5.035999999999994,2,0
0,0,47,4,1,2,-3540,0,0
0,0,10,0,0,0,1.244,0,0
1,0,42,2,1,2,3.2359999999999998,1,0
0,0,64,4,1,2,4.162000000000001,1,0
0,0,28,1,1,1,2.555999999999999,0,0
0,0,52,4,1,1,2.5600000000000005,0,0
0,0,21,1,1,0,1.439,1,0
1,0,33,1,1,1,1.9689999999999994,0,0
0,0,17,1,1,1,2.240000000000002,0,0
0,0,35,4,1,0,2.6769999999999996,1,0
0,0,51,4,1,0,4.044999999999998,0,0
1,0,45,3,1,0,3.3560000000000016,2,0
0,0,11,0,1,2,1.314,0,0
0,0,44,1,1,2,10.122999999999998,0,0
0,0,58,3,1,2,2.442999999999998,1,0
0,0,73,6,1,4,3.8740000000000023,0,0
0,0,62,2,1,1,3.128999999999998,0,0
0,0,33,2,1,0,2.3570000000000064,0,0
0,0,45,2,1,1,3.036999999999999,0,0
0,0,43,4,1,0,3.2849999999999966,0,0
0,0,33,0,1,1,2.070999999999998,0,0
0,0,32,3,1,3,3.25,0,0
0,0,9,0,0,1,1.7199999999999998,0,0
1,0,6,0,0,0,11.475000000000001,0,0
1,0,73,1,1,2,3.158999999999999,0,0
0,0,31,2,1,0,1.9990000000000023,0,0
0,0,34,3,1,0,2.808,0,0
0,0,24,1,1,1,2.628999999999998,0,0
0,0,5,1,0,0,1.8889999999999993,0,0
1,0,6,0,0,0,9.881999999999998,0,0
1,0,6,0,0,0,1.9920000000000044,0,0
0,0,51,1,1,1,2.918999999999997,2,0
0,0,8,0,3,0,1.2450000000000045,0,0
0,0,37,3,1,3,3.1569999999999965,1,0
0,0,43,3,1,1,3.0859999999999985,0,0
0,0,74,6,1,1,4.478999999999999,0,0
0,0,28,1,1,1,2.199000000000005,0,0
0,0,11,0,2,0,45.236999999999995,0,0
0,0,11,0,2,0,3.719000000000001,0,0
0,0,12,0,0,0,31.196999999999996,0,0
0,0,17,0,1,1,3.687999999999999,0,0
1,0,64,1,1,1,9.279999999999998,3,0
0,0,35,1,1,0,6.792000000000002,0,0
0,0,10,0,0,0,1.6840000000000046,0,0
0,0,23,4,1,1,1.8049999999999997,1,0
0,0,10,0,0,0,1.2309999999999945,0,0
0,0,16,1,1,0,2.2010000000000005,0,0
0,0,42,2,1,1,6.405000000000001,0,0
1,0,45,2,1,1,2.838000000000001,0,0
0,0,10,1,2,0,2.078000000000003,0,0
0,0,31,0,2,0,56.122,0,0
1,0,36,2,1,0,4.035999999999994,1,0
1,0,61,1,1,0,3.7240000000000038,3,0
1,0,22,0,1,0,2.245,1,0
1,0,49,0,1,0,15.472,0,0
1,0,16,0,1,0,1.9669999999999987,0,0
1,0,18,1,1,0,4.876000000000001,0,0
0,0,36,2,1,2,12.595000000000002,1,0
0,0,25,2,1,4,4.050999999999995,0,0
0,0,25,2,1,2,4.32,0,0
1,0,32,2,1,3,4.074000000000005,0,0
0,0,36,3,1,3,4.119999999999997,0,0
0,0,26,0,1,2,4.000999999999998,0,0
0,0,28,3,1,1,4.559000000000005,0,0
1,0,28,3,1,2,4.439,0,0
0,0,25,1,1,3,4.32,0,0
0,0,25,1,1,3,4.485000000000001,0,0
0,0,28,1,1,1,4.314999999999998,0,0
0,0,30,3,1,1,4.565000000000001,0,0
0,0,47,6,1,3,9.959,1,0
0,0,25,1,1,0,5.761000000000003,0,0
0,0,25,1,1,0,6.2379999999999995,0,0
0,0,16,0,10,0,1.439,0,0
1,0,17,2,1,0,1.5649999999999977,0,0
0,0,28,2,1,1,4.473999999999997,1,0
0,0,20,1,1,0,2.476000000000006,1,0
0,0,23,3,1,2,2.479999999999997,1,0
0,0,25,0,1,0,2.164999999999999,1,0
0,0,84,5,1,7,4.119,0,0
0,0,59,2,1,0,4.643999999999999,0,0
0,0,60,3,1,2,4.958,1,0
0,1,52,2,1,3,3.0770000000000017,1,0
0,0,56,1,1,2,2.7270000000000003,2,0
0,0,61,3,1,0,3.2379999999999995,0,0
0,0,49,1,1,0,2.1529999999999987,0,0
0,0,35,0,1,1,2.5249999999999986,0,0
0,0,73,5,1,2,3.9190000000000005,0,0
0,0,16,1,3,0,1.5649999999999977,0,1
0,0,33,1,1,2,2.358000000000004,0,0
0,0,15,0,1,1,1.152000000000001,0,0
0,0,38,3,1,0,2.722999999999999,0,0
0,0,51,3,1,0,3.7169999999999987,0,0
1,0,28,1,1,0,5.530000000000001,1,0
0,0,37,2,1,2,2.549999999999997,0,0
0,0,62,4,1,2,3.8019999999999996,0,0
0,0,69,8,1,4,3.3659999999999997,1,0
0,0,53,5,1,2,2.677,1,0
0,0,65,4,1,4,3.2829999999999995,0,0
1,0,11,0,1,0,1.391,0,0
0,0,28,0,1,0,2.162000000000001,0,0
1,0,31,1,1,2,4.163,1,0
1,0,36,2,1,1,2.237,1,0
1,0,12,0,1,0,1.2390000000000008,0,0
0,1,89,5,1,1,4.369,0,0
0,0,52,3,1,1,4.074999999999999,0,0
0,0,39,3,1,2,4.722999999999999,0,0
0,0,16,2,1,1,3.956000000000003,0,0
0,0,22,1,1,2,2.8429999999999964,1,0
0,0,45,3,1,2,2.9179999999999993,1,0
0,0,11,0,0,0,1.5200000000000031,0,0
1,0,21,0,1,2,1.644999999999996,0,0
0,0,19,0,1,0,2.517000000000003,1,0
0,0,25,1,1,1,1.4840000000000018,1,0
0,0,10,0,0,0,1.3499999999999943,0,0
0,0,47,4,1,1,4.050000000000004,0,0
0,0,25,1,1,0,1.5600000000000023,0,0
0,0,32,2,1,1,2.0319999999999965,0,0
0,0,31,1,1,1,3.5249999999999986,2,0
1,0,11,1,2,0,1.6769999999999996,0,0
0,0,64,3,1,2,5.476000000000001,1,0
0,0,64,3,1,1,4.443,0,0
0,0,29,2,1,1,3.08,0,0
0,0,31,1,1,0,2.3629999999999995,2,0
0,0,47,2,1,3,3.157,1,0
0,0,86,4,1,3,5.526,1,0
0,0,52,3,1,1,3.7170000000000023,3,0
1,0,26,3,1,0,2.0779999999999994,1,0
0,0,46,2,1,0,7.841000000000001,1,0
0,0,3,0,0,0,1.3549999999999969,0,0
0,0,10,1,1,0,0.0,1,0
0,0,60,6,1,3,4.402999999999999,0,0
0,0,14,0,1,0,2.2439999999999998,1,0
1,0,30,1,1,2,2.842000000000006,1,0
1,0,25,1,1,1,3.077999999999996,0,0
1,0,40,1,1,1,2.472999999999999,0,0
0,0,48,1,1,1,3.449000000000005,1,0
0,0,55,3,1,3,4.399999999999999,0,0
0,0,31,1,1,0,2.3129999999999997,1,0
0,0,52,3,1,0,3.1610000000000005,0,0
0,0,43,2,1,1,2.3970000000000002,0,0
0,0,39,5,1,4,4.604999999999999,0,0
0,0,7,0,0,0,2.5200000000000014,0,0
0,0,14,0,1,0,2.317999999999998,1,0
1,0,16,2,2,0,2.122,0,0
0,0,17,0,1,1,4.517000000000003,1,0
1,0,16,2,2,0,3.5649999999999977,0,0
0,0,12,0,0,0,3.9970000000000034,0,0
1,0,20,0,1,0,2.6430000000000007,1,0
1,0,4,0,0,0,3.921999999999997,0,0
0,0,60,4,1,2,5.472999999999999,2,0
0,0,32,2,1,0,2.4780000000000015,0,0
0,0,11,0,1,1,2.6099999999999994,1,0
0,0,21,2,1,0,3.8699999999999974,0,0
0,0,39,3,1,1,3.8000000000000043,0,0
0,0,39,2,1,1,2.8389999999999986,0,0
0,0,14,0,1,1,2.924,1,0
0,0,37,1,1,1,3.0009999999999994,0,0
0,0,9,0,1,0,7.526000000000002,1,0
1,0,13,0,1,0,2.875,0,0
0,0,13,0,1,0,3.722999999999999,0,0
1,0,63,4,1,2,4.201999999999998,1,0
0,0,13,1,1,1,1.389000000000003,1,0
1,0,33,3,1,0,3.4029999999999987,0,0
0,0,44,1,1,1,6.847999999999999,1,0
0,0,34,3,1,1,4.039999999999999,1,0
0,0,39,3,1,3,3.271000000000001,0,0
0,0,61,6,1,1,3.6850000000000023,0,0
0,0,39,1,1,2,2.8799999999999955,0,0
0,0,67,7,1,2,3.680000000000007,0,0
0,0,75,2,1,1,4.683,0,0
0,0,79,5,1,5,4.195,2,0
0,0,12,1,1,1,2.596,0,0
0,0,65,6,1,3,3.681000000000001,0,0
1,0,18,0,1,0,2.1259999999999994,0,0
0,0,11,0,0,0,1.2780000000000005,0,0
0,0,52,4,1,0,3.1239999999999988,0,0
1,0,52,4,1,2,4.474,1,0
0,0,14,0,2,0,1.686,0,0
0,0,19,0,1,1,7.913,0,0
0,0,31,3,1,1,14.921000000000003,0,0
0,0,12,2,1,0,1.7659999999999982,0,0
0,0,68,5,1,1,4.552999999999997,1,0
0,0,16,2,1,1,6.125,0,0
0,0,44,2,1,2,3.155999999999999,0,0
0,0,31,2,1,1,3.125,0,0
0,0,17,1,1,1,1.9939999999999998,1,0
0,0,27,0,1,1,5.887,0,0
0,0,45,3,1,3,3.511000000000001,0,0
0,0,28,3,1,2,2.2070000000000007,1,0
0,0,42,2,1,1,2.233999999999998,0,0
0,0,73,2,1,2,4.847000000000001,1,0
0,0,67,5,1,3,3.314,0,0
1,0,12,0,2,0,1.8859999999999992,0,0
1,0,13,1,1,1,1.6310000000000002,0,0
1,0,73,1,1,2,4.244999999999997,2,0
0,0,41,3,1,1,2.362000000000002,0,0
0,0,78,4,1,1,4.158000000000001,2,0
0,0,45,6,1,1,2.475999999999999,1,0
0,0,55,6,1,1,3.521000000000001,0,0
0,0,36,3,1,0,8.649000000000001,1,0
1,0,32,2,1,0,3.4399999999999977,0,0
1,0,50,2,1,0,3.1929999999999996,0,0
1,0,23,0,1,1,2.1580000000000004,2,0
1,0,32,0,2,0,2.5589999999999993,3,0
1,0,12,1,1,0,3.849,0,0
1,0,33,1,1,1,4.6739999999999995,1,0
0,0,21,0,1,0,2.7639999999999993,2,0
0,0,50,3,1,2,2.7230000000000025,2,0
1,0,18,0,1,2,1.195999999999998,2,0
0,0,47,3,1,3,3.5950000000000024,1,0
1,0,76,3,1,4,4.208000000000002,2,0
0,0,29,1,1,1,3.120999999999995,1,0
0,0,20,1,1,1,2.1170000000000044,0,0
1,0,18,0,1,1,3.032999999999994,1,0
0,0,31,2,1,0,0.0,1,0
0,0,28,0,1,0,1.2800000000000011,1,0
0,0,56,1,1,1,3.844999999999999,0,0
0,0,25,3,1,2,2.2020000000000053,0,0
1,0,39,3,1,0,7.000999999999998,0,0
1,0,28,0,1,0,1.9939999999999998,0,0
0,0,57,2,1,0,2.8419999999999987,0,0
1,0,36,3,1,2,2.203,1,0
1,0,37,4,1,1,2.1149999999999998,1,0
1,0,13,2,1,0,1.4880000000000004,0,0
1,0,35,1,1,1,1.9130000000000003,1,0
0,0,16,1,2,0,2.325,1,0
0,0,40,1,1,0,2.1929999999999996,1,0
0,0,40,3,1,1,2.16,1,0
0,0,35,0,1,1,4.759999999999998,0,0
0,0,61,3,1,3,5.766000000000002,1,0
0,0,18,2,1,0,2.597999999999999,0,0
0,0,31,3,1,0,3.2010000000000005,1,0
0,0,22,1,1,0,3.363999999999997,0,0
0,0,36,0,1,0,22.357000000000006,1,0
0,0,47,4,1,1,2.995999999999995,0,0
0,0,51,4,1,2,3.0,2,0
0,0,17,0,2,0,3.3209999999999997,0,0
0,0,45,2,1,1,2.596,0,0
1,0,14,0,1,1,1.5700000000000003,0,0
0,0,78,0,1,3,3.1980000000000004,0,0
0,0,16,1,3,0,2.7979999999999983,0,1
1,0,13,0,1,0,3.1590000000000025,0,0
1,0,13,0,1,0,1.5189999999999984,1,0
0,0,44,2,1,0,2.556000000000001,1,0
1,0,64,5,1,2,3.128999999999998,0,0
1,0,4,0,0,0,2.081000000000003,0,0
0,0,39,1,1,1,2.5519999999999996,0,0
1,0,28,3,1,1,3.487999999999996,0,0
1,0,12,0,2,0,3.5549999999999997,0,0
1,0,26,0,1,1,2.196000000000005,1,0
1,0,65,1,1,1,3.6400000000000006,1,0
1,0,13,0,1,1,1.2789999999999964,0,0
0,0,46,5,1,3,3.0829999999999984,2,0
1,0,21,0,1,0,1.1570000000000036,1,0
1,0,15,0,1,0,3.442999999999998,0,0
1,0,6,0,0,0,1.6769999999999996,0,0
0,0,11,0,0,0,2.5600000000000023,0,0
0,0,47,1,1,2,3.844999999999999,1,0
0,0,65,5,1,3,3.761,0,0
0,0,14,0,1,0,1.6389999999999993,0,0
0,0,40,1,1,0,3.9939999999999998,0,0
1,0,16,1,1,0,1.9290000000000003,1,0
1,0,32,0,2,0,1.841000000000001,3,0
0,0,32,0,1,1,2.7189999999999976,0,0
0,0,30,1,1,1,2.434000000000001,0,0
0,0,45,2,1,4,3.559000000000001,1,0
0,0,26,0,1,1,5.524000000000001,0,0
1,0,37,3,1,0,1.6439999999999984,1,0
0,0,39,4,1,2,2.072999999999997,0,0
0,0,33,2,1,1,2.7630000000000052,1,0
1,0,30,0,2,0,3.915999999999997,1,0
1,0,46,1,1,1,3.642000000000003,0,0
0,0,24,3,1,0,2.283999999999999,0,0
1,0,52,1,1,1,2.9579999999999984,0,0
0,0,17,2,1,0,13.604,1,0
0,0,9,0,0,0,2.6799999999999997,0,0
0,0,29,3,1,0,4.111000000000001,1,0
0,0,11,0,0,1,8.569,0,0
0,0,9,0,0,1,16.761,0,0
1,0,3,0,0,0,7.348999999999997,0,0
0,0,3,0,0,0,4.650000000000006,0,0
0,0,53,2,1,1,3.1899999999999977,0,0
0,0,35,2,1,2,2.3220000000000027,0,0
0,0,32,3,1,0,2.884999999999998,1,0
1,0,36,0,1,0,8.637999999999998,0,0
0,0,47,1,1,1,3.086,0,0
0,0,31,1,1,0,3.7539999999999996,0,0
0,0,40,1,1,0,3.639000000000001,0,0
0,0,27,2,1,0,3.5639999999999983,1,0
0,0,21,0,1,0,2.0360000000000014,0,0
0,0,66,2,1,2,3.443999999999999,0,0
0,0,56,3,1,0,3.713000000000001,2,0
1,0,11,1,2,0,1.4450000000000003,0,0
0,0,56,4,1,2,4.437999999999999,1,0
0,0,70,4,1,1,4.798000000000002,0,0
1,0,58,2,1,1,3.5600000000000023,0,0
0,0,3,0,0,0,1.3189999999999955,0,0
0,0,3,0,0,0,2.085000000000001,0,0
0,0,7,0,1,0,2.0450000000000017,0,0
0,0,17,0,1,0,3.7549999999999955,0,0
0,0,21,0,1,0,2.8830000000000027,0,0
0,0,18,0,1,1,4.234999999999999,0,0
0,0,11,1,1,1,1.884999999999998,0,0
0,0,10,0,1,0,1.5220000000000056,0,0
0,0,9,0,1,0,3.719999999999999,0,0
0,0,46,4,1,0,3.68,0,0
1,0,19,0,1,1,1.6789999999999994,0,0
1,0,30,2,1,0,2.835000000000001,0,0
0,0,30,3,1,0,3.2379999999999995,0,0
0,0,29,2,1,0,3.2059999999999995,0,0
0,0,12,0,1,0,2.436,0,0
1,0,20,0,1,0,2.2029999999999994,0,0
1,0,22,1,1,1,2.7119999999999997,1,0
0,0,22,1,1,0,32.841,1,0
0,0,25,1,1,0,1.8490000000000038,0,0
0,0,24,0,1,0,3.641,1,0
0,0,17,2,1,1,1.3100000000000005,1,0
1,0,9,0,1,0,1.2849999999999993,0,0
1,0,20,1,1,0,8.722000000000001,0,0
0,0,25,3,1,0,7.633000000000001,0,0
0,0,78,1,1,4,6.161999999999999,1,0
0,0,47,0,1,0,2.6370000000000005,1,0
0,0,27,0,1,0,1.6050000000000004,1,0
1,0,9,0,1,0,3.9209999999999994,1,0
1,0,13,0,1,1,3.1229999999999976,0,0
0,0,36,2,1,0,2.115000000000002,2,0
1,0,46,1,1,0,4.357999999999997,2,0
0,0,61,3,1,2,4.402000000000001,0,0
1,0,30,0,2,0,4.399000000000001,1,0
0,0,41,0,1,0,2.922000000000004,0,0
1,0,35,2,1,0,1.519999999999996,1,0
1,0,68,4,1,1,3.283999999999999,1,0
0,0,75,3,1,1,4.679,0,0
0,0,52,2,1,0,2.553000000000001,1,0
0,0,58,8,1,2,3.1630000000000003,0,0
0,0,33,2,1,4,2.044999999999998,1,0
0,0,47,4,1,0,2.279,0,0
0,0,50,4,1,1,2.4730000000000025,0,0
0,0,56,1,1,3,3.0489999999999995,0,0
1,0,43,2,1,0,4.314,1,0
0,0,41,0,1,0,2.0790000000000006,0,0
0,0,21,2,1,1,1.8469999999999978,0,0
1,0,51,3,1,0,5.677,1,0
1,0,68,4,1,3,3.7139999999999986,1,0
0,0,20,0,1,0,7.608000000000004,0,0
0,0,17,0,2,0,2.800999999999995,0,0
0,0,38,3,1,2,6.9510000000000005,0,0
1,0,14,0,1,0,2.0400000000000063,0,0
0,1,71,4,1,1,4.603,1,0
0,0,11,1,1,0,2.0010000000000003,1,0
0,0,57,0,1,3,2.3169999999999993,2,0
0,0,55,1,1,1,3.5600000000000005,0,0
0,0,41,2,1,0,4.046999999999999,0,0
0,0,47,5,1,2,2.6310000000000002,0,0
0,0,12,1,1,0,4.521000000000001,0,0
1,0,5,1,0,0,2.684000000000001,0,0
1,0,5,1,0,0,0.0,0,0
0,0,16,0,10,0,1.2019999999999982,0,0
0,0,63,5,1,3,5.242000000000004,0,0
0,0,34,3,1,2,1.840999999999994,0,0
0,0,65,2,1,3,3.3930000000000007,0,0
0,0,16,1,1,0,1.6470000000000056,0,0
0,0,8,0,1,0,1.9149999999999991,0,0
0,0,30,3,1,1,8.518,1,0
1,0,44,0,1,1,11.519999999999996,1,0
1,0,26,1,1,0,6.557999999999999,0,0
0,0,48,2,1,1,6.488000000000001,1,0
0,0,56,2,1,2,2.7219999999999995,0,0
0,0,17,2,1,1,1.6739999999999995,0,0
0,0,69,4,1,2,3.7620000000000005,1,0
1,0,8,0,1,0,2.9190000000000005,0,0
0,0,44,3,1,1,13.358,0,0
0,0,57,2,1,0,2.807000000000002,0,0
0,0,32,3,1,2,2.833999999999996,0,0
0,0,10,0,3,0,5.319000000000003,0,0
1,0,32,1,1,0,6.116999999999997,0,0
1,0,14,0,1,0,2.169000000000004,1,0
0,0,7,1,0,1,16.07699999999999,0,0
1,0,9,1,1,0,4.843000000000002,0,0
1,0,53,3,1,0,3.8359999999999985,0,0
0,0,9,0,1,0,8.321000000000002,0,0
0,0,28,1,1,1,10.199999999999996,0,0
0,0,30,3,1,3,3.3560000000000016,2,0
0,0,22,2,1,1,1.4429999999999978,0,0
1,0,43,3,1,0,2.2820000000000036,1,0
0,0,65,3,1,0,3.951999999999998,0,0
0,0,10,0,0,0,1.321000000000005,0,0
1,0,45,2,1,0,2.2409999999999997,0,0
0,0,62,5,1,2,3.7989999999999995,1,0
0,0,47,4,1,4,2.685,0,0
0,0,48,2,1,2,2.634,0,0
0,0,34,2,1,1,2.561,0,0
1,0,31,2,1,1,2.1270000000000007,0,0
0,0,40,1,1,2,2.599,0,0
0,0,37,1,1,0,15.515999999999998,0,0
0,0,35,1,1,0,3.724,0,0
0,0,54,2,1,0,4.922000000000004,0,0
0,0,30,0,1,0,4.961999999999996,0,0
0,0,34,2,1,0,4.2379999999999995,0,0
0,0,29,2,1,0,3.2409999999999997,0,0
0,0,22,2,1,0,9.639000000000003,0,0
0,0,45,1,1,0,15.951999999999998,0,0
1,0,42,4,1,3,2.2409999999999997,0,0
0,0,10,0,0,0,2.007999999999999,0,0
1,0,26,1,1,1,3.118000000000002,0,0
0,0,47,2,1,0,3.4399999999999977,1,0
0,0,23,2,1,0,3.1220000000000034,0,0
0,0,48,2,1,2,2.3119999999999976,1,0
0,0,25,2,1,1,1.4840000000000018,0,0
0,0,37,1,1,3,3.475999999999999,1,0
0,0,17,2,1,1,0.0,1,0
0,0,40,2,1,0,3.0889999999999986,0,0
0,0,50,2,1,2,3.5960000000000036,0,0
0,0,35,5,1,0,3.323999999999998,1,0
0,0,10,0,0,0,1.195999999999998,0,0
0,0,24,1,1,0,1.6439999999999984,0,0
1,0,10,0,1,0,2.9140000000000015,0,0
0,0,4,0,0,0,0.0,0,0
0,0,42,4,1,3,4.638000000000005,0,0
0,0,24,2,1,1,3.367999999999995,0,0
0,0,23,1,1,2,3.076,0,0
0,0,15,0,1,1,1.5979999999999999,0,0
0,0,56,2,1,1,2.317,1,0
1,0,34,4,1,1,3.521000000000001,0,0
0,0,23,0,1,0,2.3979999999999997,1,0
1,0,25,4,1,1,13.444,1,0
0,0,24,0,1,1,3.1209999999999987,3,0
0,0,19,0,1,1,4.7209999999999965,1,0
1,0,17,2,1,0,0.0,0,0
0,0,31,1,1,1,3.4750000000000014,1,0
0,0,21,1,1,0,3.2480000000000047,0,0
1,0,20,2,1,0,2.9139999999999944,0,0
0,0,21,1,1,0,4.239000000000004,0,0
0,0,35,2,1,0,3.722999999999999,0,0
0,0,63,5,1,0,5.601999999999997,2,0
0,0,37,0,2,0,1.916000000000004,0,0
0,0,30,2,1,1,1.884999999999998,0,0
1,0,56,3,1,2,3.673,1,0
1,0,28,0,1,1,3.2809999999999997,1,0
0,0,11,0,0,0,2.203000000000001,0,0
0,0,54,5,1,5,5.241999999999999,0,0
0,0,21,1,1,0,5.3969999999999985,0,0
0,0,35,1,1,0,5.756,1,0
1,0,11,0,0,0,6.328000000000003,0,0
0,0,7,0,0,0,2.3560000000000016,0,0
0,0,18,1,1,0,2.8049999999999997,1,0
1,0,48,2,1,1,2.2719999999999985,0,0
1,0,42,3,1,1,2.240000000000002,1,0
0,0,25,2,1,1,3.648999999999994,2,0
0,0,49,2,1,1,2.7550000000000026,0,0
0,0,73,1,1,2,5.8430000000000035,2,0
0,1,48,2,1,0,3.442,0,0
0,0,43,1,1,0,1.9579999999999984,0,0
1,0,17,1,1,1,4.2,1,0
0,0,40,3,1,0,2.3529999999999998,1,0
0,0,45,5,1,0,2.5249999999999995,2,0
0,1,72,4,1,1,3.9930000000000003,0,0
0,0,85,7,1,1,5.167999999999999,0,0
0,0,56,2,1,1,3.993000000000002,2,0
0,0,50,4,1,1,3.1630000000000003,0,0
0,0,30,0,1,0,1.9989999999999988,0,0
0,0,56,5,1,2,3.559000000000001,1,0
0,0,13,1,1,1,2.0809999999999995,0,0
0,0,35,1,1,2,1.4879999999999995,0,0
0,0,70,7,1,2,3.557000000000002,0,0
0,0,51,1,1,1,2.6779999999999973,0,0
1,0,35,2,1,1,2.759999999999998,1,0
1,0,47,4,1,1,3.399000000000001,0,0
0,0,41,3,1,1,2.5560000000000045,0,0
0,0,59,3,1,1,2.8899999999999935,0,0
0,0,38,4,1,0,1.9130000000000038,0,0
0,0,53,6,1,0,2.7269999999999968,0,0
1,0,36,2,1,2,3.0790000000000006,0,0
1,0,73,2,1,2,25.192999999999998,3,0
1,0,9,0,1,0,1.3580000000000005,0,0
0,0,9,0,1,0,2.0090000000000003,0,0
0,0,29,1,1,0,1.561,0,0
0,0,56,2,1,0,4.113999999999997,4,0
0,0,81,3,1,1,4.160000000000004,1,0
1,0,46,4,1,1,2.2830000000000013,1,0
0,0,45,3,1,1,3.678999999999995,1,0
0,0,37,2,1,0,3.6799999999999997,0,0
0,0,36,5,1,0,0.0,0,0
0,0,46,3,1,2,2.281000000000006,2,0
1,0,43,0,1,0,2.1999999999999957,0,0
0,0,43,3,1,0,2.1940000000000026,1,0
0,0,24,1,1,0,2.8489999999999966,0,0
0,0,64,3,1,2,4.553000000000004,1,0
0,0,75,2,1,1,3.1259999999999994,0,0
1,0,35,2,1,0,1.7599999999999998,0,0
1,0,29,3,1,0,1.9139999999999997,0,0
0,0,34,2,1,0,2.046000000000001,0,0
0,0,66,3,1,3,3.279,1,0
1,0,17,1,1,0,1.6760000000000002,0,0
1,0,5,1,0,0,3.0010000000000012,0,0
1,0,33,3,1,0,3.602999999999998,1,0
0,0,11,1,1,1,2.157,0,0
1,0,30,4,1,1,2.8790000000000013,0,0
1,0,21,1,1,1,2.5199999999999996,0,0
0,0,49,3,1,2,4.878999999999998,0,0
0,0,12,1,2,0,2.1240000000000023,1,0
1,0,28,4,1,1,0.0,1,0
1,0,22,2,1,0,2.5189999999999984,0,0
0,0,8,1,1,0,0.0,0,0
0,0,15,0,1,1,2.5990000000000038,0,0
1,0,36,3,1,0,1.803999999999995,0,0
1,0,47,1,1,0,2.3910000000000053,1,0
0,0,63,3,1,1,3.0829999999999984,0,0
1,0,26,1,1,0,3.3189999999999955,1,0
0,0,25,2,1,0,0.0,1,0
1,0,42,4,1,0,3.6040000000000063,0,0
1,0,16,2,1,0,0.0,0,0
1,0,28,2,1,0,2.3149999999999977,0,0
1,0,19,0,1,0,3.7269999999999968,0,0
0,0,41,1,1,2,0.0,1,0
1,0,34,2,1,1,3.6780000000000004,1,0
1,0,25,1,1,0,0.0,1,0
1,0,57,2,1,0,3.523999999999999,2,0
1,0,34,0,1,1,1.793000000000001,1,0
1,0,38,1,1,1,3.6359999999999992,0,1
0,0,37,3,1,4,4.203999999999999,0,0
0,0,42,2,1,2,3.5180000000000007,0,0
0,0,19,1,1,0,2.121000000000002,1,0
0,0,52,2,1,2,3.5209999999999972,0,0
0,0,49,2,1,3,2.9660000000000046,0,0
0,0,26,2,1,1,1.3899999999999935,0,0
1,0,51,3,1,1,2.561,0,0
0,0,7,0,0,0,4.844000000000001,0,0
0,0,22,0,1,0,3.838000000000001,1,0
0,0,51,4,1,2,3.088000000000001,0,0
0,0,32,2,1,0,1.6739999999999995,0,0
1,0,33,2,1,1,3.4040000000000035,1,0
0,0,53,1,1,1,3.5189999999999984,0,0
0,0,88,5,1,1,6.001999999999995,2,0
0,0,10,0,3,0,3.434,0,0
0,0,12,1,2,0,2.966,1,0
0,0,4,0,0,0,0.0,0,0
0,0,22,1,1,1,10.836999999999998,0,0
0,0,18,0,1,0,1.6380000000000017,2,0
0,0,18,1,1,0,1.402000000000001,0,0
0,0,71,5,1,1,4.356999999999999,4,0
0,0,39,1,1,1,2.317999999999998,1,0
1,0,26,1,1,1,4.248999999999999,1,0
0,0,11,0,0,0,1.639000000000003,0,0
0,0,15,0,1,0,3.9110000000000014,0,0
0,0,47,2,1,2,3.2479999999999976,3,0
0,0,62,4,1,1,4.1540000000000035,0,0
0,0,54,6,1,2,3.7979999999999947,0,0
0,0,54,6,1,2,6.323,0,0
0,0,50,3,1,0,3.6380000000000052,0,0
0,0,38,2,1,0,2.559,0,0
0,0,47,1,1,0,4.5249999999999995,1,0
0,0,45,0,1,1,3.3980000000000006,1,0
0,0,74,4,1,2,4.0809999999999995,2,0
0,0,3,0,0,0,1.4410000000000007,0,0
0,0,13,0,1,0,6.1179999999999986,0,0
0,0,23,1,1,1,2.527000000000001,0,0
1,0,50,5,1,1,3.870000000000001,0,0
0,0,51,2,1,2,3.8419999999999987,1,0
0,0,38,2,1,0,2.2049999999999983,2,0
0,0,39,4,1,1,2.835000000000001,0,0
0,0,71,8,1,0,3.603999999999999,0,0
0,0,56,4,1,3,5.1540000000000035,0,0
1,0,62,5,1,2,4.248999999999995,0,0
1,0,27,3,1,1,1.7540000000000049,0,0
0,0,5,0,0,0,2.681999999999995,0,0
0,0,16,2,1,0,4.558,0,0
0,0,37,3,1,1,3.683,0,0
0,0,34,1,1,0,2.4770000000000003,1,0
0,0,49,1,1,0,2.4429999999999996,1,0
0,0,31,1,1,1,6.122999999999999,1,0
0,0,39,0,1,0,3.400000000000002,0,0
0,0,25,1,1,0,3.600999999999999,1,0
0,0,76,4,1,1,3.789999999999999,1,0
0,0,25,0,1,0,8.649000000000001,0,0
1,0,69,3,1,0,4.472000000000001,1,0
1,0,43,2,1,0,2.405000000000001,1,0
1,0,4,0,0,0,1.7979999999999947,0,0
1,0,64,2,1,1,3.443000000000005,1,0
1,0,32,3,1,3,1.8359999999999985,2,0
1,0,55,3,1,2,2.7269999999999968,1,0
1,0,31,4,1,1,3.1980000000000004,0,0
1,0,23,0,1,0,0.0,0,0
1,0,22,0,1,1,1.1980000000000004,0,0
0,0,14,0,1,1,1.240000000000002,0,0
0,0,46,2,1,2,13.038000000000004,0,0
1,0,43,3,1,2,2.362,0,0
1,0,28,1,1,2,1.5579999999999998,1,0
1,0,30,0,1,0,1.5660000000000007,0,0
0,0,22,1,1,1,13.713,0,0
1,0,4,0,0,0,3.9229999999999983,0,0
0,0,40,2,1,1,4.359999999999999,1,0
1,0,31,2,1,0,14.842000000000006,1,0
0,0,33,0,1,0,4.393000000000001,2,0
1,0,35,1,1,0,2.684999999999995,0,0
0,0,25,2,1,1,3.1570000000000036,0,0
0,0,36,1,1,0,3.242,0,0
0,0,9,0,6,0,0.0,1,0
0,0,32,0,1,1,2.159,1,0
0,0,51,4,1,1,5.436,0,0
0,0,7,0,0,1,2.1639999999999997,0,0
0,0,21,0,1,1,3.564,0,0
0,0,72,5,1,1,4.1179999999999986,1,0
1,0,4,0,0,0,1.5180000000000007,0,0
0,0,14,0,1,2,4.236000000000001,0,0
0,0,15,1,1,0,2.882999999999999,0,0
0,0,29,2,1,0,1.8859999999999992,1,0
0,0,10,0,0,0,1.6400000000000006,0,0
0,0,21,1,1,1,2.591000000000001,0,0
0,0,34,1,1,0,3.7689999999999984,2,0
0,0,10,0,0,0,5.277000000000001,0,0
1,0,51,2,1,1,5.117000000000004,1,0
1,0,32,1,1,0,3.397999999999996,0,0
1,0,15,2,1,0,6.768999999999998,0,0
0,0,37,2,1,0,2.9560000000000004,1,0
0,0,54,3,1,1,4.999999999999999,0,0
0,0,48,3,1,0,9.361000000000002,0,0
0,0,38,2,1,1,4.035999999999998,0,0
0,0,35,1,1,1,8.562000000000001,0,0
1,0,17,1,1,0,4.1590000000000025,0,0
0,0,24,0,1,0,2.3959999999999937,1,0
0,0,12,0,1,1,1.8830000000000027,0,0
0,0,55,4,1,2,3.3260000000000005,0,0
0,0,78,5,1,2,5.110999999999997,0,0
0,0,20,0,1,1,1.8090000000000046,0,0
0,0,50,4,1,0,6.479999999999997,2,0
0,0,17,1,1,0,2.274000000000001,1,0
0,0,37,4,1,0,2.841000000000001,0,0
0,0,61,3,1,0,3.238,0,0
0,0,47,1,1,0,3.0809999999999995,0,0
0,0,34,1,1,1,3.801,0,0
0,0,19,1,1,1,3.037000000000001,0,0
0,0,14,0,1,1,2.161999999999999,1,0
0,0,34,3,1,0,3.6819999999999986,1,0
0,0,9,0,6,0,6.754000000000001,1,0
0,0,16,0,10,0,1.3210000000000015,0,0
0,0,69,2,1,2,3.567,1,0
1,0,50,2,1,1,8.722999999999999,0,0
0,0,24,0,1,0,1.3100000000000023,2,0
0,0,82,7,1,4,4.208999999999996,2,0
0,0,32,3,1,0,3.3130000000000024,0,0
0,0,25,2,1,1,0.0,1,0
0,0,14,0,2,0,3.7590000000000003,0,0
1,0,23,1,3,0,2.7620000000000005,0,0
1,0,21,0,1,0,2.841000000000001,1,0
1,0,31,1,1,0,1.8049999999999997,0,0
1,0,23,1,3,0,2.239,0,0
1,0,20,1,1,0,2.0810000000000004,0,0
1,0,29,2,1,2,1.5149999999999997,1,0
1,0,39,1,1,0,1.7650000000000006,1,0
1,0,60,2,1,0,3.6319999999999997,1,0
1,0,7,0,0,0,3.2479999999999993,0,0
1,0,23,1,3,0,1.993000000000002,0,0
0,0,75,5,1,2,4.042999999999999,0,0
0,0,60,5,1,1,3.003999999999998,0,0
0,0,68,4,1,1,3.279,2,0
0,0,81,7,1,3,5.7570000000000014,2,0
0,0,49,3,1,2,2.4410000000000025,0,0
0,0,33,3,1,1,2.838000000000001,2,0
1,0,37,1,1,0,1.7649999999999935,0,0
0,0,57,6,1,0,3.1200000000000045,0,0
1,0,29,0,1,0,1.7199999999999989,0,0
0,0,60,3,1,3,3.915999999999997,0,0
0,0,76,5,1,4,3.9610000000000056,1,0
0,0,30,2,1,1,2.154999999999994,0,0
0,0,31,0,1,1,3.281000000000006,1,0
0,0,35,3,1,0,5.445999999999991,1,0
1,0,32,2,1,1,2.3920000000000003,1,0
1,0,57,2,1,1,4.5280000000000005,0,0
0,0,18,2,1,0,3.7159999999999993,1,0
1,0,29,3,1,1,3.7639999999999993,0,0
0,0,38,1,1,2,5.6320000000000014,0,0
0,0,20,0,1,0,3.809000000000001,0,0
0,0,29,1,1,0,3.558,0,0
1,0,14,0,1,0,9.351999999999997,1,0
1,0,32,3,1,1,2.7680000000000007,0,0
0,0,8,0,0,0,1.7629999999999981,0,0
0,0,18,2,1,1,1.3500000000000014,1,0
1,0,52,2,1,0,2.1610000000000014,0,0
0,0,13,2,1,0,1.6480000000000032,0,0
0,0,68,7,1,1,5.910999999999994,0,0
1,0,23,1,1,0,9.608000000000004,1,0
0,0,12,0,0,0,2.1980000000000004,0,0
0,0,33,2,1,0,9.002999999999998,1,0
1,0,55,0,1,0,3.4720000000000013,0,0
1,0,18,2,1,1,3.724,1,0
0,0,47,4,1,1,6.9609999999999985,0,0
0,0,30,4,1,0,3.193000000000005,0,0
0,0,48,2,1,2,2.6399999999999935,1,0
0,0,34,2,1,1,2.764000000000003,0,0
1,0,55,5,1,0,6.526000000000003,1,0
0,0,39,3,1,0,8.997999999999998,2,0
0,0,24,1,1,0,6.475000000000001,0,0
0,0,65,6,1,0,8.445,0,0
0,0,52,6,1,1,2.802999999999999,1,0
1,0,12,0,1,2,1.1900000000000013,1,0
0,0,4,0,0,0,0.0,0,0
0,0,40,2,1,1,2.7650000000000006,1,0
1,0,12,2,1,0,2.6739999999999995,0,0
0,0,5,1,0,0,0.0,0,0
0,0,5,0,0,1,5.202999999999999,0,0
0,0,5,1,0,0,0.0,0,0
0,0,13,0,1,1,2.562999999999999,0,0
0,0,59,5,1,1,32.07900000000001,0,0
0,0,83,5,1,4,4.444000000000003,1,0
1,0,53,0,1,2,2.7570000000000006,1,0
0,0,33,0,1,0,1.7189999999999994,1,0
0,0,58,3,1,2,3.3979999999999997,0,0
1,0,28,0,1,0,1.6820000000000004,0,0
0,0,63,3,1,0,2.6750000000000007,0,0
0,0,16,0,10,0,1.7300000000000004,0,0
1,0,25,2,1,0,1.7539999999999978,0,0
0,0,31,1,1,0,1.3170000000000002,0,0
0,0,64,3,1,1,3.083000000000002,0,0
0,0,38,2,1,3,2.6020000000000003,0,0
0,0,26,2,1,1,1.3599999999999994,0,0
0,0,72,2,1,3,3.919999999999998,0,0
0,0,24,1,1,1,2.317999999999998,0,0
0,0,82,3,1,6,4.047000000000004,0,0
0,0,65,8,1,4,3.1529999999999987,0,0
0,0,27,1,1,0,2.1580000000000013,0,0
0,0,85,7,1,2,4.485999999999997,1,0
0,0,16,0,1,2,1.483000000000004,0,0
1,0,15,0,1,0,1.3549999999999969,1,0
0,0,73,2,1,1,5.081000000000003,0,0
1,0,67,2,1,1,2.963000000000001,0,0
0,0,15,1,1,0,1.5949999999999989,1,0
0,0,29,0,1,1,2.4770000000000003,2,0
0,0,34,2,1,2,1.9219999999999997,0,0
0,0,70,2,1,3,3.6030000000000006,2,0
0,0,56,3,1,1,2.5539999999999985,2,0
1,0,14,0,1,0,2.008000000000001,0,0
0,0,10,1,1,2,3.4019999999999992,1,0
0,0,16,0,10,0,1.958000000000002,0,0
0,0,17,0,3,0,1.6759999999999984,0,0
0,0,9,0,0,0,1.7590000000000003,0,0
0,0,17,0,3,0,1.721,0,0
1,0,11,1,0,1,1.1559999999999988,0,0
0,0,21,2,1,1,3.844000000000001,0,0
0,0,17,0,3,0,3.7250000000000014,0,0
0,0,13,2,1,0,1.9959999999999951,0,0
0,0,51,3,1,1,2.521000000000001,1,0
1,0,50,4,1,0,2.121000000000002,1,0
0,0,17,0,1,1,1.2779999999999987,0,0
0,0,17,2,1,0,1.679000000000002,0,0
0,1,69,3,1,2,3.5230000000000032,2,0
1,0,18,1,1,0,2.6779999999999973,0,0
0,0,34,5,1,1,0.0,0,0
1,0,32,3,1,0,1.679000000000002,0,0
1,0,52,6,1,0,2.475999999999999,0,0
1,0,50,6,1,1,3.0489999999999995,0,0
1,0,25,0,1,0,3.8359999999999985,0,0
1,0,42,0,1,1,0.0,2,0
0,0,47,3,1,0,1.9969999999999999,1,0
1,0,21,3,1,1,1.3629999999999998,1,0
1,0,3,0,0,0,0.0,0,0
0,0,21,1,1,0,2.964,1,0
0,0,37,1,1,4,0.0,1,0
0,0,33,0,1,1,2.5169999999999995,1,0
0,0,47,2,1,3,9.484,2,0
0,0,61,2,1,1,4.400000000000002,0,0
0,0,32,2,1,1,6.631,0,0
0,0,7,0,0,0,6.963000000000001,0,0
1,0,33,2,1,0,7.275999999999996,0,0
0,0,56,7,1,2,5.768999999999998,1,0
0,0,10,0,0,0,2.0,0,0
1,0,27,2,1,0,1.993000000000002,0,0
1,0,22,3,1,1,3.445999999999998,0,0
0,0,29,2,1,0,1.7550000000000026,0,0
0,0,26,1,1,2,3.1240000000000023,0,0
0,0,49,1,1,3,4.595000000000001,1,0
0,0,46,3,1,1,4.805000000000001,0,0
0,0,7,0,0,0,3.8009999999999984,0,0
1,0,30,0,1,0,4.593,1,0
0,0,14,0,2,0,4.6080000000000005,0,0
0,0,41,4,1,1,12.120000000000001,0,0
0,0,47,4,1,1,3.756999999999998,0,0
0,0,3,0,0,0,1.564,0,0
1,0,4,0,0,0,1.9600000000000009,0,0
1,0,16,0,1,0,2.835000000000001,0,0
0,0,8,0,3,0,5.284999999999997,0,0
0,0,8,0,1,1,2.8730000000000047,0,0
0,0,59,3,1,2,11.477999999999994,0,1
0,0,70,8,1,6,7.8839999999999995,1,0
0,1,332,18,1,11,36.161,3,1
0,0,6,0,0,0,5.077000000000005,0,0
0,0,31,4,1,0,5.122,0,1
0,0,10,1,2,0,6.960000000000001,0,0
0,0,15,0,3,0,1.6809999999999992,0,0
0,0,40,3,1,1,8.558000000000002,0,0
1,0,24,1,1,1,3.6409999999999982,1,0
0,0,30,2,1,2,17.561999999999998,0,0
1,0,12,0,1,1,3.402000000000001,0,0
0,0,49,3,1,0,2.9939999999999998,0,0
0,0,35,2,1,0,3.557000000000002,0,0
0,1,64,3,1,2,4.402999999999999,0,0
1,0,31,3,1,4,3.6030000000000015,1,0
0,0,25,0,1,3,1.4789999999999992,0,0
0,0,24,0,1,2,2.036999999999999,0,0
0,0,14,0,3,0,2.4470000000000027,0,0
1,0,14,1,1,0,2.873,0,0
0,0,6,0,0,0,0.0,0,0
0,0,55,1,1,0,4.478999999999999,2,0
0,0,29,1,1,0,2.282,0,0
0,0,24,0,1,0,3.165000000000001,0,0
0,0,18,1,1,1,2.721,0,0
0,0,19,1,1,0,2.8739999999999988,0,0
0,0,79,3,1,2,6.803000000000001,1,0
0,0,31,2,1,1,2.632999999999999,0,0
0,0,42,3,1,1,2.243000000000002,0,0
0,0,53,3,1,1,2.762999999999998,0,0
0,0,30,1,1,1,1.804000000000002,0,0
0,0,66,2,1,1,4.918999999999997,1,0
0,0,27,3,1,1,3.9939999999999998,0,0
0,1,68,3,1,3,3.4450000000000003,1,0
0,0,58,3,1,1,3.5990000000000038,0,0
0,0,26,2,1,2,3.442,0,0
0,0,16,3,1,0,1.9199999999999946,0,0
0,0,29,3,1,1,3.318000000000005,0,0
0,0,37,3,1,2,2.315,1,0
0,0,36,0,1,0,2.32,0,0
1,0,4,0,0,0,1.4380000000000006,0,0
0,0,8,0,0,1,1.6500000000000004,0,0
1,0,43,2,1,2,2.1179999999999986,2,0
0,0,11,1,1,0,1.3130000000000006,0,0
1,0,19,0,1,2,1.6489999999999991,0,0
0,0,65,3,1,1,3.1950000000000003,0,0
0,0,67,5,1,0,3.5229999999999997,0,0
0,0,68,6,1,1,4.080000000000002,0,0
0,0,16,0,1,1,5.231999999999999,1,0
1,0,31,1,1,1,2.4009999999999962,1,0
0,0,35,2,1,1,1.5700000000000003,1,0
0,0,25,0,1,0,2.038000000000004,0,0
1,0,40,1,1,1,2.198999999999998,0,0
0,0,13,0,0,0,2.8019999999999996,0,0
0,0,40,0,1,0,4.673000000000002,0,0
0,0,24,1,1,1,1.841000000000001,0,0
0,0,31,2,1,0,2.3969999999999985,0,0
0,0,71,6,1,1,3.368000000000002,0,0
0,0,58,6,1,1,2.756999999999998,0,0
0,0,25,1,1,1,1.3149999999999977,0,0
0,0,71,5,1,1,3.845000000000006,0,0
0,0,41,3,1,3,2.7250000000000005,0,0
0,0,44,5,1,2,3.6319999999999997,0,0
0,0,57,2,1,1,2.6369999999999996,0,0
0,0,56,6,1,1,2.771000000000001,0,0
1,0,26,1,1,0,1.9580000000000002,2,0
0,0,29,0,1,0,5.4719999999999995,0,0
0,0,37,2,1,1,2.6469999999999985,0,0
1,0,35,0,1,1,3.5600000000000023,2,0
0,0,22,0,1,0,0.0,0,0
0,0,19,0,1,0,1.7169999999999987,0,0
0,0,36,1,1,1,1.8390000000000022,0,0
0,0,48,6,1,1,2.442999999999998,0,0
1,0,26,1,1,0,1.2340000000000018,1,0
1,0,70,0,1,0,4.402999999999999,1,0
0,0,38,1,1,1,4.317999999999998,0,0
0,0,23,4,1,1,1.9620000000000033,1,0
0,0,43,2,1,0,2.2779999999999987,0,0
0,0,59,4,1,1,3.128,1,0
0,0,43,4,1,1,2.152000000000001,0,0
0,0,49,2,1,3,3.2409999999999997,0,0
0,0,75,6,1,3,3.2860000000000014,0,0
0,0,21,0,1,2,1.8009999999999948,0,0
0,0,53,2,1,1,2.471,1,0
0,0,34,0,1,1,3.7680000000000002,0,0
0,0,56,3,1,1,3.4750000000000005,1,0
0,0,18,0,1,0,2.0009999999999994,0,0
0,0,28,1,1,0,2.959999999999999,0,0
1,0,12,1,1,0,1.3609999999999989,0,0
1,0,23,4,2,0,1.7240000000000002,0,0
1,0,23,4,2,0,11.639000000000003,0,0
0,0,45,0,1,0,3.84,0,0
0,0,33,3,1,0,2.8019999999999996,1,0
0,0,33,0,1,0,6.677999999999997,0,0
0,0,16,0,10,0,3.798000000000002,0,0
0,0,39,4,1,1,2.354999999999997,1,0
0,0,50,0,1,1,2.399000000000001,1,0
0,0,24,4,1,1,1.7289999999999992,3,0
1,0,19,0,1,1,2.6300000000000026,3,0
1,0,23,0,1,0,2.288000000000004,0,0
0,0,16,1,1,0,1.391999999999996,0,0
0,0,10,0,0,0,1.2469999999999999,0,0
0,0,33,4,1,3,1.484,0,0
1,0,45,1,1,0,3.0390000000000006,0,0
1,0,11,0,1,0,1.1909999999999998,0,0
0,0,14,0,3,0,1.4899999999999993,0,0
1,0,21,0,1,0,1.5140000000000011,1,0
0,0,16,0,10,0,7.7170000000000005,0,0
1,0,11,0,0,0,5.607999999999997,0,0
1,0,4,0,0,0,5.037000000000003,0,0
1,0,18,2,1,0,1.9969999999999999,1,0
0,0,75,3,1,2,6.364000000000001,1,0
0,0,50,1,1,2,2.7579999999999956,0,0
0,0,48,6,1,2,2.361000000000004,1,0
0,0,47,3,1,0,2.679000000000002,0,0
1,0,26,3,1,0,37.879,2,0
0,0,24,0,1,1,4.125999999999998,0,0
0,0,21,1,1,1,5.716999999999999,0,0
0,0,14,0,1,0,3.1940000000000026,0,0
0,0,4,0,0,1,-2880,0,0
