0,0,26,0,1,0,24,0,1
0,0,27,3,1,0,4.890000000000001,0,0
0,0,38,1,1,3,4.361999999999998,0,1
0,0,24,1,1,1,2.301000000000002,0,0
0,0,22,1,1,2,2.6739999999999995,0,1
0,0,37,4,1,1,4.707999999999998,0,0
1,0,24,2,2,0,2.385000000000005,0,0
1,0,22,1,2,0,2.286999999999999,0,0
1,0,34,3,2,0,2.6739999999999995,0,0
0,0,45,1,1,4,120,0,0
0,0,40,1,1,3,4.791999999999998,0,0
0,0,20,1,1,0,2.4980000000000047,0,0
0,0,18,2,1,0,3.0479999999999947,0,0
0,0,13,0,2,0,0.0,0,0
0,0,13,0,2,0,1.331000000000003,0,0
0,0,41,2,1,2,2.335000000000001,0,0
1,0,26,2,1,1,2.966000000000001,0,0
1,0,19,1,1,1,8.335,1,0
0,0,72,3,1,3,6.058,2,0
0,0,47,3,1,1,3.4170000000000003,0,0
0,0,63,1,1,2,2.71,0,0
0,0,36,1,1,3,2.0509999999999993,0,0
0,0,16,1,1,0,0.0,0,0
1,0,80,6,1,0,2.904,0,0
0,0,46,6,1,1,1.9700000000000006,0,0
0,0,26,4,1,0,1.959999999999999,0,0
0,0,28,1,1,1,2.1769999999999996,0,0
0,0,11,1,1,0,0.0,0,0
0,0,26,4,1,0,1.9460000000000015,0,0
1,0,4,0,0,0,2.0060000000000002,0,0
0,0,21,2,2,0,0.0,0,0
0,0,11,1,1,0,2.001999999999999,0,0
1,0,5,0,0,0,0.0,0,0
0,0,15,3,1,1,1.2119999999999997,0,0
0,0,12,0,1,1,1.370000000000001,0,0
0,0,27,2,1,1,7.641000000000002,1,0
0,0,12,1,1,0,4.292000000000002,0,0
0,0,39,2,1,3,4.471999999999994,3,0
1,0,16,0,1,0,3.5330000000000013,1,0
0,0,32,2,1,0,1.5050000000000026,0,0
0,0,57,3,1,3,2.841000000000001,0,0
0,0,70,5,1,4,2.745999999999995,0,0
0,0,43,5,1,2,1.7530000000000001,0,0
0,0,48,5,1,2,2.882000000000005,1,0
0,0,54,7,1,3,6.623999999999995,0,0
0,0,53,2,1,1,2.9250000000000007,1,0
1,0,7,1,0,1,1.0,0,0
0,0,26,2,1,2,1.2909999999999986,1,0
1,0,42,3,1,1,3.005000000000001,0,0
0,0,14,0,1,0,1.3309999999999995,0,0
1,0,27,0,1,0,2.3400000000000016,1,0
0,0,34,0,1,1,1.4959999999999987,0,0
0,0,55,3,1,3,3.6359999999999992,0,0
1,0,19,1,1,1,2.339000000000002,0,0
0,0,58,4,1,3,2.315999999999999,2,0
0,0,40,1,1,3,3.2220000000000013,1,0
1,0,18,2,1,0,3.1679999999999993,0,0
0,0,41,2,1,2,1.5060000000000002,1,0
1,0,9,0,0,0,1.161999999999999,0,0
0,0,5,0,0,0,0.9680000000000035,0,0
1,0,18,1,1,2,2.378999999999998,0,0
0,0,29,1,1,1,0.0,0,0
1,0,17,2,1,0,1.1169999999999973,0,0
0,0,4,0,0,0,1.0060000000000002,0,0
1,0,23,1,1,0,2.371000000000002,2,0
0,0,37,4,1,3,4.510999999999996,1,0
0,0,40,4,1,3,4.211000000000006,1,0
0,0,45,3,1,4,3.1729999999999947,1,0
0,0,64,7,1,3,4.5830000000000055,0,0
0,0,69,4,1,4,3.295,0,0
0,0,21,0,1,1,1.255,0,0
0,0,22,1,1,1,1.6630000000000003,0,0
1,0,8,0,2,0,1.4659999999999993,0,0
1,0,12,1,1,0,2.3720000000000017,0,0
0,0,50,3,1,1,4.385,0,0
0,0,35,3,1,2,6.915000000000001,1,0
1,0,49,5,1,0,3.308,1,0
0,0,3,0,0,0,1.1149999999999984,0,0
0,0,33,3,1,1,2.1179999999999986,1,0
0,0,16,0,1,0,1.9740000000000002,0,0
0,0,15,0,1,0,1.6320000000000014,0,0
0,0,7,2,1,2,0.8659999999999997,1,0
0,0,14,1,1,0,1.6659999999999968,1,0
0,0,25,1,1,0,1.8490000000000038,0,0
1,0,4,0,0,0,0.8250000000000028,0,0
0,0,23,0,1,0,1.6739999999999995,0,0
1,0,8,0,1,0,1.1679999999999993,0,0
0,0,28,2,1,2,2.7079999999999984,1,0
1,0,17,1,1,1,1.6709999999999994,1,0
0,0,36,0,1,1,4.167999999999999,1,0
0,0,5,1,0,0,1.3350000000000009,0,0
0,0,26,1,1,0,1.6310000000000002,0,0
0,0,68,2,1,3,4.167000000000002,1,0
0,0,33,0,1,0,3.5,1,0
0,0,21,1,1,0,4.170999999999999,0,0
0,0,4,0,0,0,9.642,0,0
0,0,4,0,0,0,0.9959999999999987,0,0
0,0,23,1,1,1,10.759,0,0
1,0,14,1,1,0,1.463000000000001,0,0
0,0,50,3,1,1,3.210000000000001,0,0
0,0,14,2,1,0,2.9949999999999974,0,0
0,0,13,0,2,0,4.179000000000002,0,0
0,0,13,0,2,0,13.347999999999999,0,1
0,0,18,1,1,0,3.8400000000000034,0,0
0,0,47,3,1,0,8.418,1,0
1,0,15,1,1,0,2.2620000000000005,0,0
0,0,46,2,1,3,2.035,0,0
1,0,54,6,1,1,3.0029999999999992,0,0
0,0,4,0,0,0,1.123000000000001,0,0
0,0,33,0,1,1,4.551,0,0
0,0,21,1,1,3,2.2520000000000007,0,0
0,0,5,0,0,1,1.3719999999999999,0,0
1,0,49,6,1,0,3.0489999999999995,0,0
0,0,33,2,1,0,3.3419999999999987,0,0
0,0,33,0,1,1,1.7469999999999999,0,0
1,0,11,1,1,0,1.0010000000000012,0,0
0,0,34,1,1,1,1.8309999999999995,1,0
0,0,34,3,1,0,2.206000000000003,1,0
0,0,28,3,1,0,0.0,1,0
0,0,41,5,1,2,1.7099999999999937,1,0
0,0,62,2,1,3,3.510000000000005,0,0
1,0,21,1,1,0,0.9239999999999995,0,0
0,0,7,0,1,0,1.4069999999999965,0,0
0,0,25,1,1,2,1.8780000000000001,0,0
0,0,5,1,0,0,0.0,0,0
0,0,27,2,1,2,3.5549999999999997,1,0
0,0,57,2,1,3,3.286999999999999,0,0
0,0,16,1,1,1,1.3870000000000005,0,0
0,0,5,1,0,0,0.9950000000000045,0,0
1,0,25,1,1,0,1.5009999999999977,0,0
0,0,5,0,0,0,0.8310000000000031,0,0
1,0,25,1,1,0,2.503999999999998,1,0
0,0,30,0,1,0,0.0,0,0
1,0,63,2,1,2,3.3729999999999976,2,0
0,0,35,0,1,1,1.5080000000000027,1,0
0,0,8,1,1,0,4.835,0,0
0,0,29,1,1,1,3.1739999999999995,1,0
0,0,25,2,1,2,1.2010000000000005,1,0
1,0,27,2,1,0,4.302,1,0
0,0,58,1,1,1,5.459000000000001,1,0
1,0,40,2,1,0,14.897000000000002,1,0
1,0,13,2,1,1,2.708999999999996,1,0
1,0,4,0,0,1,17.054000000000002,0,0
1,0,4,0,0,0,21.819999999999993,0,0
1,0,6,0,0,0,13.339,0,0
0,0,11,0,1,0,1.968,0,0
0,0,4,0,0,0,1.5500000000000007,0,0
0,0,13,0,1,1,1.4540000000000006,0,0
0,0,3,0,0,0,0.0,0,0
0,0,57,2,1,1,2.539999999999999,0,0
0,0,49,3,1,0,2.003999999999998,0,0
0,0,55,1,1,0,3.9620000000000033,0,0
0,0,28,2,1,2,3.833999999999996,1,0
1,0,22,0,1,0,2.4179999999999993,1,0
1,0,23,1,1,1,2.257000000000005,0,0
0,0,7,1,0,0,1.1709999999999994,0,0
1,0,32,1,1,0,1.3189999999999955,0,0
0,0,52,1,1,1,2.8430000000000035,0,0
1,0,5,0,0,1,1.1379999999999981,0,0
0,0,43,3,1,0,3.166000000000004,1,0
1,0,31,2,1,0,1.67,0,0
0,0,16,0,1,0,1.658,0,0
1,0,26,0,1,0,3.0090000000000003,1,0
0,0,11,1,1,0,1.5030000000000001,0,0
0,0,13,0,1,0,1.0410000000000004,0,0
1,0,29,1,1,0,8.005,1,0
0,0,43,3,1,1,2.7099999999999973,0,0
0,0,12,1,1,0,2.304000000000002,1,0
0,0,25,2,1,2,2.286999999999999,0,0
0,0,7,1,0,0,1.1340000000000003,0,0
0,0,14,0,1,1,4.745000000000001,0,0
0,0,5,1,0,0,6.099,0,0
0,0,16,0,1,1,1.7860000000000014,1,0
0,0,16,1,1,1,5.0859999999999985,0,0
1,0,11,1,1,1,4.798000000000002,0,0
0,0,21,2,2,0,1.293999999999997,0,0
0,0,28,1,1,2,4.670999999999999,1,0
0,0,22,1,1,1,1.9239999999999995,0,0
0,0,18,0,1,1,1.588000000000001,0,0
0,0,22,0,1,0,5.463000000000001,0,0
0,0,10,0,0,1,1.3760000000000003,0,0
0,0,25,0,1,0,17.6,0,0
0,0,13,0,1,0,1.657,0,0
0,0,20,1,1,2,16.102,0,0
1,0,28,1,1,0,1.2560000000000002,0,0
0,0,17,0,1,0,1.2109999999999985,0,0
0,0,20,0,1,1,2.4990000000000023,0,0
0,0,14,2,1,0,5.591999999999999,0,0
1,0,25,2,1,0,2.039999999999999,0,0
0,0,13,1,1,0,2.926000000000002,0,0
0,0,4,0,0,0,1.6679999999999993,0,0
0,0,47,2,1,1,6.629000000000005,0,0
0,0,29,2,1,0,1.8309999999999995,0,0
0,0,76,7,1,4,6.135,6,0
0,0,63,4,1,1,4.631,3,0
0,0,28,1,1,3,2.121000000000002,1,0
0,0,47,4,1,2,3.6359999999999992,1,0
1,0,24,2,1,1,3.416999999999998,0,0
0,0,25,2,1,2,1.963000000000001,1,0
0,0,17,2,1,1,1.9589999999999996,0,0
1,0,24,2,1,0,3.4160000000000004,0,0
0,0,16,0,1,0,1.043999999999997,0,0
0,0,32,3,1,2,3.1270000000000024,0,0
0,0,4,0,0,0,1.3840000000000003,0,0
0,0,22,1,1,0,2.165999999999997,0,0
0,0,32,3,1,1,1.8290000000000006,0,0
1,0,5,0,0,0,1.4950000000000045,0,0
1,0,4,0,0,1,0.0,0,0
0,0,28,2,1,1,1.8419999999999987,2,0
0,0,11,0,2,0,0.8350000000000009,0,0
0,0,16,1,1,0,1.4540000000000006,1,0
0,0,23,0,1,0,2.0120000000000005,0,0
0,0,61,3,1,1,3.8699999999999974,0,0
0,0,39,1,1,2,1.918999999999997,1,0
0,0,27,3,1,0,1.9180000000000064,0,0
0,0,19,2,1,0,1.678999999999995,0,0
0,0,10,2,0,1,0.0,0,0
0,0,22,0,1,2,2.2079999999999984,1,0
0,0,73,3,1,1,4.633,0,0
0,0,50,4,1,2,2.6670000000000007,0,0
0,0,61,2,1,4,4.09,2,0
0,0,63,3,1,2,2.247,0,0
0,0,31,1,1,0,1.501999999999999,0,0
0,0,42,0,1,2,2.5020000000000024,1,0
1,0,45,0,1,0,2.372,0,0
0,0,23,0,1,0,1.847999999999999,1,0
0,0,42,3,1,0,1.6750000000000007,1,0
0,0,10,0,1,0,1.6479999999999997,0,0
0,0,41,4,1,2,4.299999999999997,0,0
0,0,22,0,1,2,1.2950000000000017,0,0
0,0,65,4,1,3,1.7530000000000001,0,0
0,0,54,3,1,3,3.4650000000000034,0,0
0,0,50,4,1,1,2.367999999999995,0,0
1,0,16,1,2,0,1.7169999999999987,0,0
0,0,58,6,1,2,4.7180000000000035,0,0
0,0,50,2,1,0,3.8659999999999997,1,0
0,0,9,0,2,0,1.3019999999999996,0,0
0,0,45,4,1,3,2.5790000000000006,0,0
1,0,69,3,1,2,3.6270000000000024,1,0
0,0,18,3,2,0,2.847999999999999,0,0
0,0,18,3,2,0,0.0,0,0
0,0,57,2,1,1,1.8760000000000001,1,0
0,0,39,2,1,3,2.4969999999999994,0,0
0,0,63,3,1,4,3.9619999999999997,0,0
0,0,26,3,1,1,1.5030000000000001,0,0
0,0,30,3,1,0,1.2409999999999997,0,0
0,0,31,2,1,3,1.6000000000000014,0,0
0,0,50,6,1,3,3.326999999999998,0,0
0,0,64,2,1,3,2.6260000000000012,0,0
0,0,47,0,1,1,2.257999999999999,2,0
0,0,26,1,1,4,2.0820000000000007,0,0
0,0,24,1,1,1,1.2149999999999999,0,0
0,0,53,2,1,1,2.6700000000000017,0,0
0,0,21,2,1,2,1.7089999999999996,0,0
0,0,39,4,1,0,2.9599999999999973,1,0
0,0,42,2,1,1,3.5519999999999996,1,0
0,0,34,1,1,1,3.664999999999999,0,0
0,0,32,2,1,2,1.3700000000000045,1,0
0,0,30,5,1,2,2.131999999999998,0,0
0,0,51,4,1,1,5.134,0,0
1,0,16,1,2,0,2.328000000000003,0,0
0,0,8,0,1,0,1.5049999999999955,0,0
1,0,28,1,1,2,1.3719999999999999,0,0
0,0,11,0,1,0,3.1340000000000003,0,0
0,0,32,3,1,0,2.8800000000000026,0,0
0,0,36,0,1,1,18.846000000000004,0,0
0,0,76,5,1,1,4.004999999999999,2,0
0,0,36,1,1,0,1.4839999999999982,0,0
0,0,47,1,1,1,2.139000000000003,0,0
0,0,44,3,1,1,2.5090000000000003,1,0
0,0,11,1,1,0,1.0030000000000001,0,0
1,0,66,3,1,1,3.3309999999999995,0,0
0,0,28,2,1,0,1.6259999999999977,0,0
0,0,5,1,0,0,0.0,0,0
0,0,45,2,1,1,2.3470000000000013,1,0
0,0,41,2,1,2,1.706000000000003,1,0
0,0,45,2,1,0,1.6829999999999998,0,0
1,0,33,2,1,0,1.3569999999999993,0,0
1,0,32,2,1,0,1.6340000000000003,1,0
0,0,74,5,1,4,4.326999999999998,2,0
0,0,38,1,1,2,10.225999999999999,0,0
1,0,52,9,1,0,2.789999999999999,2,0
0,0,34,2,1,0,1.1749999999999998,0,0
0,0,41,3,1,0,1.8280000000000003,1,0
0,0,15,1,1,0,3.3049999999999997,0,0
0,0,14,1,1,0,0.0,0,0
0,0,37,3,1,1,3.5349999999999993,0,0
1,0,8,0,1,0,1.8450000000000006,0,0
0,0,8,0,1,0,0.0,0,0
1,0,31,2,1,0,1.495000000000001,1,0
1,0,49,3,1,1,2.2520000000000007,1,0
0,0,29,0,1,1,1.9209999999999994,0,0
1,0,11,1,1,1,1.538999999999998,0,0
0,0,25,3,1,2,3.8420000000000023,0,0
0,0,40,4,1,0,2.878999999999998,1,0
0,0,24,2,1,0,2.5400000000000027,1,0
0,0,74,5,1,5,3.8820000000000014,1,0
0,0,22,0,1,1,1.3289999999999935,0,0
0,0,36,3,1,1,1.544000000000004,1,0
0,0,55,1,1,5,2.503999999999998,0,0
0,0,61,3,1,1,2.132000000000005,1,0
0,0,41,1,1,1,1.536999999999999,0,0
0,0,30,1,1,0,2.463000000000001,0,0
1,0,35,3,1,1,1.8810000000000002,0,0
0,0,15,1,1,0,3.286999999999999,1,0
1,0,28,0,1,0,2.0049999999999955,0,0
0,0,55,4,1,1,3.672000000000004,1,0
0,0,54,2,1,0,2.1599999999999966,1,0
0,0,20,0,1,0,1.169000000000004,0,0
0,0,45,2,1,0,2.0999999999999943,0,0
0,0,21,1,1,0,2.285,0,0
0,0,38,3,1,1,2.6719999999999997,0,0
1,0,51,2,1,0,1.6300000000000008,0,0
0,0,17,1,1,0,0.9960000000000004,1,0
0,0,51,4,1,4,2.6709999999999994,2,0
0,0,41,4,1,0,1.67,0,0
1,0,32,1,1,1,2.208,0,0
0,0,46,2,1,1,2.0009999999999994,0,0
0,0,34,1,1,0,3.748000000000001,1,0
1,0,25,2,1,2,1.8870000000000005,0,0
1,0,38,2,1,3,2.456999999999997,0,0
0,0,20,0,1,0,1.5410000000000004,0,0
0,0,49,3,1,1,4.509,0,0
1,0,7,1,1,0,0.8689999999999998,0,0
0,0,48,5,1,0,2.918000000000003,0,0
0,0,34,2,1,2,2.8769999999999953,0,0
1,0,36,1,1,2,2.2180000000000035,1,0
0,0,55,2,1,0,2.341000000000001,1,0
0,0,74,4,1,0,2.8249999999999957,1,0
0,0,42,0,1,0,1.9570000000000007,0,0
1,0,25,3,1,0,1.1700000000000017,0,0
0,0,18,1,1,1,2.7180000000000035,0,0
1,0,30,1,1,0,2.2609999999999957,0,0
0,0,5,1,0,0,0.0,0,0
1,0,58,1,1,0,1.7419999999999973,0,0
1,0,51,4,1,1,2.0820000000000007,0,0
1,0,43,3,1,0,1.8850000000000051,0,0
0,0,74,4,1,0,2.4570000000000007,0,0
0,0,29,2,1,0,2.501,2,0
0,0,5,0,0,1,1.2519999999999998,0,0
1,0,35,0,1,0,7.465,0,0
0,0,3,0,0,0,1.0419999999999998,0,0
0,0,55,4,1,1,4.125000000000002,1,0
0,0,25,2,1,1,1.5470000000000006,0,0
0,0,68,5,1,0,3.5429999999999993,1,0
0,0,57,3,1,1,3.6729999999999983,0,0
0,0,52,2,1,1,3.303000000000001,0,0
0,0,48,3,1,2,1.995000000000001,0,0
0,0,46,2,1,2,4.421999999999997,0,0
0,0,24,0,1,0,2.7070000000000007,0,0
0,0,16,2,1,0,1.384999999999998,0,0
0,0,35,1,1,0,2.496000000000002,0,0
0,0,39,4,1,0,2.673000000000002,0,0
1,0,4,1,0,1,1.168999999999997,0,0
1,0,35,2,1,0,2.003,0,0
1,0,26,1,1,0,1.0770000000000053,0,0
0,0,53,3,1,1,2.253,0,0
0,0,42,0,1,0,1.7039999999999935,0,0
0,0,6,0,0,0,1.1700000000000017,0,0
0,0,6,0,0,0,0.0,0,0
0,0,53,3,1,3,2.4280000000000044,0,0
0,0,43,1,1,3,2.418999999999997,1,0
0,0,45,2,1,0,1.4990000000000023,0,0
0,0,43,2,1,1,1.291,0,0
0,0,40,2,1,1,2.003,0,0
0,0,41,3,1,2,1.9640000000000004,1,0
0,0,25,0,1,2,1.1589999999999998,2,0
0,0,10,1,1,1,1.5869999999999997,1,0
1,0,25,2,1,1,3.882999999999999,0,0
0,0,35,2,1,0,2.9570000000000007,0,0
0,0,37,1,1,0,22.654999999999998,0,0
0,0,5,0,0,0,1.8240000000000052,0,0
0,0,30,1,1,0,4.808,0,0
0,0,7,1,0,0,1.4179999999999993,0,0
0,0,43,2,1,0,16.970999999999997,0,0
0,0,22,3,1,1,2.6319999999999997,0,0
0,0,29,1,1,1,3.088000000000001,0,0
0,0,33,2,1,4,2.2859999999999996,1,0
0,0,34,1,1,1,2.9640000000000004,0,0
0,0,22,1,1,0,1.3810000000000002,0,0
0,0,41,1,1,0,2.536999999999999,1,0
0,0,23,2,1,0,2.6739999999999995,0,0
0,0,21,1,1,0,2.9589999999999996,1,0
0,0,15,0,1,0,1.6700000000000017,0,0
0,0,7,0,0,0,2.3389999999999986,0,0
0,0,68,5,1,5,5.496000000000002,0,0
0,0,13,2,1,0,2.5049999999999955,0,0
0,0,7,0,1,0,3.217000000000006,0,0
0,0,17,1,1,1,1.786999999999999,0,0
0,0,60,3,1,1,3.134999999999998,2,0
0,0,32,2,1,0,1.6679999999999993,1,0
0,0,51,0,1,2,3.538000000000004,0,0
0,0,22,1,1,1,1.7549999999999955,0,0
0,0,56,3,1,2,19.35900000000001,0,0
0,0,10,1,10,0,5.244999999999999,0,0
0,0,17,1,1,1,2.5069999999999997,0,0
0,0,56,5,1,1,11.007000000000001,0,0
0,0,35,2,1,2,2.5060000000000002,2,0
0,0,44,3,1,1,7.966999999999999,0,0
0,0,50,5,1,0,3.2509999999999977,1,0
1,0,36,4,1,0,2.922000000000004,0,0
0,0,42,2,1,1,2.2109999999999985,1,0
1,0,44,3,1,1,2.460000000000001,1,0
0,0,23,1,1,0,1.2119999999999962,1,0
1,0,32,2,1,0,1.791000000000004,0,0
1,0,17,2,1,0,0.8819999999999979,0,0
0,0,27,3,1,0,2.0350000000000037,0,0
1,0,5,0,0,0,0.0,0,0
0,0,49,1,1,2,3.6329999999999956,0,0
0,0,17,0,1,0,7.21,0,0
0,0,7,1,0,0,1.455000000000001,0,0
0,0,16,1,1,1,2.2989999999999995,0,0
0,0,57,2,1,0,2.545,0,0
0,0,22,4,1,0,1.2140000000000004,0,0
1,0,6,2,0,1,1.629999999999999,0,0
0,0,37,3,1,0,2.2089999999999996,0,0
0,0,45,2,1,0,2.588000000000001,0,0
0,0,36,3,1,1,1.475999999999999,0,0
0,0,52,2,1,4,5.068000000000001,1,0
1,0,21,0,1,0,11.381,0,0
0,0,44,1,1,0,2.676000000000002,0,0
1,0,39,1,1,1,3.782999999999994,2,0
0,0,22,0,1,2,2.0519999999999996,0,0
0,0,39,1,1,1,2.253,0,0
1,0,30,3,1,0,1.9220000000000041,0,0
1,0,24,2,1,1,1.7490000000000023,0,0
0,0,10,0,7,0,0.0,0,0
0,0,60,0,1,1,2.8419999999999987,0,0
0,0,29,3,1,1,1.3659999999999997,0,0
0,0,37,2,1,2,3.344999999999999,1,0
1,0,31,1,1,0,4.0489999999999995,1,0
0,0,55,3,1,1,2.665,0,0
0,0,37,1,1,4,2.1580000000000004,3,0
0,1,41,3,1,1,2.42,1,0
0,0,36,2,1,1,1.6790000000000003,1,0
0,0,11,1,1,0,1.2080000000000002,1,0
0,0,12,0,0,1,3.7989999999999977,0,0
1,0,12,2,2,0,1.1560000000000024,0,0
0,0,47,3,1,3,3.5479999999999983,0,0
0,0,53,3,1,2,3.1750000000000007,3,0
0,0,27,2,1,1,1.879999999999999,0,0
0,0,39,2,1,1,1.9570000000000007,0,0
0,0,26,1,1,1,1.6600000000000001,0,0
1,0,13,1,1,0,0.9590000000000032,0,0
0,0,29,1,1,1,2.878999999999998,0,0
0,0,29,1,1,0,15.232,1,0
0,0,24,3,1,0,12.761999999999993,0,0
0,0,36,1,1,0,1.83,1,0
0,0,45,3,1,0,2.205,0,0
1,0,28,3,1,1,3.975999999999999,2,0
0,0,28,3,1,1,1.3670000000000009,0,0
0,0,67,2,1,2,3.806000000000001,3,0
0,0,29,3,1,1,1.5359999999999978,1,0
0,0,79,5,1,5,2.803000000000001,0,0
0,0,8,0,0,1,0.8249999999999993,0,0
0,0,63,5,1,4,2.7940000000000005,0,0
0,0,16,1,1,0,1.8739999999999988,0,0
1,0,7,0,0,1,1.9670000000000023,0,0
0,0,48,2,1,5,2.379999999999999,0,0
0,0,48,3,1,3,3.4979999999999976,0,0
0,0,64,3,1,6,3.3430000000000035,0,0
0,0,21,2,1,1,5.912999999999997,0,0
0,0,9,1,1,0,3.057000000000002,1,0
0,0,9,1,1,0,0.0,1,0
0,0,20,0,1,0,0.8639999999999972,0,0
0,0,20,1,1,0,2.0060000000000002,0,0
0,0,59,3,1,3,3.122,1,0
0,0,28,3,1,1,1.3880000000000052,1,0
0,0,45,2,1,0,1.8269999999999982,0,0
0,0,31,2,1,1,1.1649999999999991,0,0
0,0,38,5,1,0,3.7180000000000035,0,0
0,0,56,2,1,0,4.502000000000001,1,0
1,0,60,3,1,1,12.141,1,0
0,0,5,0,0,0,1.0,0,0
0,0,42,0,1,0,6.007999999999999,2,0
0,0,55,2,1,1,2.839000000000002,0,0
0,0,31,1,1,2,3.4939999999999998,0,0
1,0,7,0,0,1,1.5059999999999967,0,0
0,0,42,4,1,0,4.4609999999999985,0,0
0,0,20,2,1,0,2.3730000000000047,0,0
0,0,10,1,10,0,1.6679999999999993,0,0
0,0,44,2,1,0,5.171999999999997,1,0
1,0,27,3,1,0,1.1290000000000049,0,0
0,0,22,0,1,0,2.546999999999997,0,0
0,0,42,1,1,1,4.042000000000002,1,0
0,0,26,3,1,0,2.0049999999999955,0,0
0,0,51,1,1,0,3.0450000000000017,1,0
0,0,40,3,1,1,2.5830000000000055,0,0
0,0,31,2,1,0,2.675,1,0
0,0,26,2,1,0,3.2969999999999997,0,0
0,0,27,3,1,2,4.535,0,0
0,0,45,3,1,3,3.019,0,0
0,0,46,1,1,1,2.3230000000000004,0,0
0,0,40,3,1,1,2.3859999999999992,0,0
0,0,25,0,1,1,3.460000000000001,1,0
0,0,63,5,1,4,4.1690000000000005,0,0
0,0,36,2,1,2,5.381,1,0
0,0,42,3,1,4,5.668999999999997,0,0
1,0,10,0,1,0,2.4620000000000033,0,0
1,0,12,0,1,0,0.0,0,0
1,0,34,2,1,2,3.2169999999999987,1,0
1,0,63,3,1,1,5.417000000000002,1,0
0,0,6,0,0,1,2.5019999999999953,0,0
0,0,30,3,1,0,8.181000000000004,0,0
0,0,46,3,1,1,5.42,0,0
1,0,12,0,1,1,0.9180000000000001,1,0
0,0,17,1,1,0,1.2079999999999993,1,0
0,0,26,2,1,1,2.5390000000000015,0,0
0,0,19,0,1,0,2.094999999999999,0,0
0,0,6,1,0,1,0.0,0,0
1,0,32,1,1,0,1.495000000000001,0,0
0,0,37,3,1,0,1.711999999999998,1,0
0,0,16,1,1,1,1.2900000000000027,0,0
0,0,64,3,1,1,3.382999999999999,0,0
0,0,35,3,1,2,1.5779999999999994,0,0
1,0,44,2,1,1,2.4250000000000007,0,0
0,0,63,3,1,1,3.2590000000000003,0,0
0,0,33,1,1,1,1.9029999999999987,1,0
0,0,26,4,1,0,1.6690000000000005,0,0
0,0,42,2,1,0,2.2580000000000027,1,0
0,0,44,1,1,0,2.3320000000000007,1,0
0,0,18,1,1,0,1.725999999999999,0,0
1,0,20,3,1,1,0.0,0,0
1,0,38,6,1,3,2.1199999999999974,3,0
0,0,23,2,1,0,1.9969999999999999,0,0
0,0,19,0,1,0,1.8320000000000007,0,0
0,0,5,1,0,0,0.0,0,0
0,0,10,1,10,0,1.9549999999999983,0,0
1,0,21,0,1,1,1.341000000000001,0,0
0,0,19,1,1,0,5.338999999999999,0,0
1,0,28,1,1,0,5.383000000000003,1,0
0,0,5,1,0,0,2.786999999999999,0,0
0,0,22,1,1,2,6.7669999999999995,0,0
0,0,25,1,1,0,1.2089999999999996,0,0
0,0,68,2,1,2,2.6290000000000013,1,0
0,0,27,3,1,0,2.2880000000000003,0,0
0,0,34,1,1,0,2.3439999999999994,0,0
0,0,43,3,1,1,2.415000000000001,0,0
1,0,38,2,1,0,1.038999999999998,0,0
0,0,59,3,1,2,2.7390000000000008,0,0
0,0,16,1,1,0,2.3939999999999984,0,0
0,0,42,0,1,1,2.6300000000000026,0,0
0,0,42,2,1,0,3.4570000000000007,0,0
1,0,16,0,1,0,4.046999999999997,0,0
0,0,45,1,1,1,4.009999999999998,0,0
0,0,40,2,1,0,3.419000000000004,0,0
0,0,41,0,1,2,4.915999999999997,1,0
0,0,36,3,1,0,2.9620000000000033,0,0
1,0,29,2,1,0,6.375,1,0
0,0,9,0,2,0,1.5579999999999998,0,0
0,0,40,2,1,3,4.497,2,0
0,0,42,1,1,3,4.379,1,0
0,0,22,1,1,1,1.5399999999999991,0,0
0,0,27,0,1,1,1.9240000000000013,0,0
0,0,55,2,1,4,3.7489999999999988,3,0
1,0,12,0,1,0,3.7959999999999994,0,0
0,0,3,0,0,0,1.8770000000000024,0,0
0,0,28,1,1,0,1.5030000000000001,0,0
0,0,33,2,1,3,3.1709999999999994,1,0
0,0,8,0,1,1,1.0799999999999983,0,0
0,0,32,3,1,1,1.8049999999999997,0,0
1,0,32,0,1,0,2.5710000000000015,0,0
0,0,15,2,2,0,1.5579999999999998,0,0
1,0,6,0,0,0,44.571,0,0
0,0,15,1,1,0,2.5540000000000003,0,0
0,0,38,3,1,2,3.7540000000000013,1,0
1,0,69,2,1,2,10.509999999999998,0,0
0,0,13,1,1,0,0.9990000000000023,1,0
0,0,15,0,1,0,1.6709999999999994,0,0
1,0,42,0,1,2,4.747,1,0
0,0,11,0,1,0,5.555,0,0
0,0,16,1,1,0,2.7010000000000005,1,0
0,0,23,1,1,1,2.1779999999999973,0,0
1,0,29,1,1,0,2.3389999999999986,1,0
1,0,21,0,1,1,1.666000000000004,0,0
1,0,15,1,1,0,0.9080000000000013,0,0
0,0,35,2,1,0,2.2179999999999964,1,0
0,0,62,4,1,1,2.75,1,0
0,0,18,1,1,0,3.085,0,0
0,0,18,1,1,0,2.6330000000000005,0,0
0,0,11,0,1,0,4.75,0,0
0,0,48,2,1,0,3.2940000000000005,0,0
0,0,14,0,1,1,1.254999999999999,0,0
0,0,17,0,1,1,2.0009999999999994,0,0
0,0,44,2,1,0,20.685000000000002,2,0
0,0,55,3,2,0,3.753999999999998,2,0
0,0,49,2,2,0,3.6330000000000027,0,0
0,0,35,2,1,2,4.049999999999997,1,0
1,0,6,0,0,0,2.326999999999998,0,0
1,0,108,5,1,5,13.175000000000004,0,1
0,0,36,0,1,0,2.4590000000000005,0,0
1,0,9,0,1,0,1.1710000000000003,0,0
0,0,32,1,1,2,1.8079999999999998,0,0
0,0,55,2,1,2,3.9930000000000003,0,0
0,0,26,4,1,1,1.5039999999999996,0,0
0,0,57,4,1,3,3.335000000000001,0,0
0,0,28,2,1,2,2.9669999999999987,0,0
0,0,30,2,1,0,6.420000000000002,0,0
0,0,56,3,1,2,3.5809999999999995,1,0
0,0,22,1,1,0,2.2560000000000002,0,0
0,0,19,2,1,0,1.2929999999999993,0,0
0,0,36,1,1,0,2.915999999999997,0,0
0,0,20,2,1,1,2.879000000000005,0,0
0,0,8,0,1,0,8.969000000000001,0,0
0,0,73,3,1,4,5.338999999999999,1,0
0,0,16,1,1,0,0.8729999999999976,0,0
0,0,43,0,1,1,2.466000000000001,0,0
1,0,9,0,1,0,1.5409999999999968,0,0
0,0,17,1,1,1,2.253,0,0
0,0,24,3,1,0,2.174,0,0
0,0,61,2,1,1,2.3369999999999997,1,0
0,0,26,1,1,0,1.0759999999999996,1,0
0,0,19,1,1,0,1.4190000000000005,0,0
0,0,17,1,1,0,1.173,0,0
1,0,22,1,1,0,1.2880000000000003,0,0
0,0,13,0,1,0,1.6229999999999993,1,0
0,0,10,1,1,0,0.0,0,0
0,0,25,1,1,1,1.6270000000000007,1,0
1,0,28,1,1,0,6.096,0,0
0,0,41,1,1,0,2.6239999999999988,0,0
0,0,4,0,0,0,9.968999999999998,0,0
1,0,11,1,1,1,5.290000000000006,0,0
0,0,40,2,1,1,1.6699999999999946,1,0
1,0,22,2,1,1,2.676000000000002,0,0
0,0,11,1,0,1,2.084000000000003,0,0
0,0,6,0,2,0,3.1729999999999947,0,0
0,0,59,3,1,1,3.0400000000000063,1,0
0,0,66,2,1,3,3.174999999999997,0,0
0,0,23,2,1,0,1.0889999999999986,0,0
0,0,48,0,1,1,2.283999999999999,0,0
0,0,39,1,1,1,1.605000000000004,0,0
1,0,27,4,1,0,0.9839999999999999,0,0
1,0,45,3,1,3,1.661,1,0
1,0,43,5,1,1,2.2990000000000004,0,0
0,0,27,2,1,0,1.5839999999999996,0,0
0,0,21,0,1,0,0.8449999999999998,1,0
0,0,64,3,1,1,3.3740000000000006,0,0
0,0,41,1,1,3,3.1180000000000003,0,0
0,0,35,1,1,0,2.4179999999999993,0,0
0,0,10,0,7,0,1.2190000000000012,0,0
0,0,59,2,1,0,2.379999999999999,0,0
0,0,36,1,1,4,2.036999999999999,1,0
0,0,23,1,1,0,2.054000000000002,0,0
0,0,7,0,1,0,5.6229999999999976,1,0
1,0,20,2,1,0,3.5010000000000048,0,0
0,0,15,0,1,1,1.4639999999999986,0,0
1,0,22,1,1,1,0.0,1,0
0,0,41,2,1,0,2.039999999999999,0,0
0,0,27,2,1,0,1.6229999999999976,1,0
0,0,16,0,1,1,28.866000000000007,1,0
0,0,7,1,0,0,0.0,0,0
1,0,16,1,1,2,2.0890000000000004,1,0
0,0,22,0,1,0,1.2899999999999991,1,0
0,0,16,0,1,0,1.043000000000001,0,0
0,0,15,0,1,2,1.2919999999999998,2,0
0,0,6,0,0,1,3.9209999999999994,0,0
0,0,5,0,0,0,0.0,0,0
0,0,19,0,1,0,3.3309999999999995,1,0
0,0,28,1,1,1,16.689999999999998,0,0
0,0,10,1,10,0,1.7120000000000033,0,0
1,0,44,2,1,0,9.810000000000002,0,0
0,0,74,3,1,1,3.4069999999999965,0,0
0,0,35,2,1,0,1.8340000000000032,1,0
1,0,11,0,0,1,1.0859999999999985,0,0
0,0,7,1,0,1,1.2539999999999978,0,0
0,0,24,2,1,1,2.0009999999999977,1,0
1,0,17,1,1,0,1.5020000000000024,0,0
0,0,44,0,1,0,2.596,0,0
0,0,43,3,1,0,2.4459999999999997,0,0
0,0,34,3,1,1,2.216,0,0
0,0,3,0,0,1,0.9209999999999994,0,0
0,0,44,2,1,1,3.2430000000000003,1,0
1,0,22,0,1,2,2.5519999999999996,0,0
0,0,19,0,1,0,1.7510000000000012,1,0
0,0,45,4,1,1,6.384999999999998,0,0
0,0,17,0,1,0,1.1270000000000024,0,0
0,0,26,1,1,0,1.6600000000000001,1,0
0,0,34,1,1,0,2.414999999999999,1,0
0,0,42,2,1,0,1.9690000000000012,0,0
1,0,34,1,1,0,1.8299999999999983,1,0
1,0,15,1,1,0,1.5449999999999982,0,0
0,0,47,1,1,1,25.32,0,0
1,0,64,4,1,2,3.4200000000000017,0,0
0,0,32,1,1,0,2.9590000000000005,0,0
0,0,23,2,1,0,0.9639999999999995,0,0
1,0,27,1,1,1,1.4580000000000002,0,0
0,0,25,1,1,1,1.17,1,0
0,0,55,2,1,2,4.208,0,0
0,0,38,3,1,1,1.5619999999999994,0,0
0,0,31,1,1,1,1.6530000000000005,0,0
0,0,12,0,1,0,1.4989999999999988,0,0
1,0,25,1,1,2,2.7970000000000006,1,0
1,0,14,1,1,0,5.5,0,0
1,0,37,1,1,0,2.6340000000000003,0,0
0,0,18,1,1,0,1.9179999999999993,0,0
0,0,13,0,1,0,0.0,0,0
0,0,23,2,1,1,1.458000000000002,0,0
1,0,9,0,1,0,1.7899999999999991,0,0
1,0,50,5,1,0,2.9639999999999986,0,0
0,0,17,0,1,0,0.7220000000000013,0,0
1,0,23,1,1,0,1.8620000000000019,0,0
1,0,44,4,1,0,1.3329999999999984,0,0
0,0,39,2,1,1,3.375,0,0
0,0,5,0,0,1,5.171999999999997,0,0
1,0,5,1,0,0,0.0,0,0
0,0,19,1,1,1,1.3780000000000001,0,0
1,0,4,0,0,0,1.5040000000000049,0,0
1,0,9,1,0,0,4.460000000000001,0,0
0,0,45,1,1,3,3.465999999999994,0,0
0,0,49,3,1,1,4.880000000000003,0,0
0,0,35,3,1,2,1.9620000000000006,1,0
0,0,35,1,1,0,1.75,0,0
1,0,20,3,1,1,2.291999999999999,0,0
0,0,34,0,1,0,3.1310000000000002,0,0
0,0,52,1,1,1,3.7509999999999994,0,0
0,0,13,0,1,0,3.7230000000000025,0,0
0,0,14,0,1,0,2.826999999999998,0,0
0,0,47,2,1,2,5.632999999999999,1,0
1,0,58,4,1,2,14.306999999999999,2,0
0,0,3,0,0,0,1.4590000000000032,0,0
1,0,35,5,1,2,2.833999999999996,0,0
0,0,22,1,1,0,1.1620000000000061,1,0
0,0,16,1,1,0,2.8049999999999997,1,0
1,0,36,1,1,2,8.049999999999997,0,0
0,0,27,2,1,1,1.3269999999999982,1,0
0,0,5,1,0,0,1.1350000000000002,0,0
1,0,7,0,0,1,1.8629999999999995,0,0
1,0,10,0,1,0,0.0,0,0
0,0,28,2,1,2,2.13,0,0
0,0,25,2,1,1,1.2570000000000006,0,0
1,0,50,1,1,1,5.082999999999999,1,0
1,0,26,2,1,0,1.636000000000001,0,0
1,0,79,4,1,2,4.536999999999999,0,0
1,0,16,0,1,0,2.969999999999999,0,0
0,0,45,1,1,2,3.867000000000001,0,0
0,0,63,4,1,3,13.564999999999998,1,0
1,0,18,1,1,0,7.375,0,0
0,0,9,0,0,1,0.0,0,0
1,0,15,1,1,1,3.267000000000003,0,0
0,0,14,1,1,1,1.8629999999999995,0,0
1,0,8,0,2,0,1.506999999999998,0,0
0,0,8,0,0,1,2.2550000000000026,0,0
0,0,6,0,0,0,0.9990000000000023,0,0
1,0,28,1,1,0,1.6209999999999951,0,0
0,0,10,0,2,0,1.2150000000000034,0,0
1,0,11,0,0,0,1.0009999999999977,0,0
1,0,31,2,1,0,1.201,0,0
0,0,77,3,1,0,4.22,1,0
0,0,4,0,0,0,2.293,0,0
0,0,9,1,1,0,0.0,0,0
0,0,57,2,1,3,4.3839999999999995,0,0
0,0,56,3,1,0,3.458,1,0
0,0,18,0,1,1,1.3820000000000014,0,0
1,0,15,2,1,0,1.536999999999999,0,0
0,0,10,0,2,0,2.4160000000000004,0,0
1,0,30,1,1,0,3.3810000000000002,0,0
1,0,17,0,1,0,1.0829999999999984,0,0
0,0,18,1,1,1,3.465,0,0
0,0,23,0,1,0,4.259999999999998,1,0
0,0,38,2,1,1,10.43,0,0
0,0,9,0,2,0,5.241000000000007,0,0
0,0,9,0,2,0,0.0,0,0
0,0,35,2,1,2,6.382999999999996,2,0
0,0,18,3,1,1,3.5150000000000006,0,0
0,0,9,1,1,1,8.171,1,0
0,0,32,0,1,2,5.375000000000001,2,0
0,0,27,1,1,0,2.212999999999999,1,0
0,0,15,3,1,1,1.9609999999999985,0,0
0,0,22,3,1,2,2.8800000000000026,0,0
0,0,25,0,1,0,5.004999999999999,1,0
0,0,13,0,1,0,1.6580000000000013,0,0
0,0,23,1,1,1,3.218,0,0
0,0,25,1,1,0,14.137999999999998,0,0
0,0,44,1,1,0,2.5429999999999993,0,0
0,0,43,2,1,1,4.754000000000005,0,0
0,0,41,1,1,1,3.2149999999999963,1,0
0,0,21,1,1,0,2.2509999999999977,0,0
0,0,30,2,1,1,4.466000000000001,0,0
1,0,11,0,1,0,46.0,1,0
0,0,16,1,1,0,2.004000000000005,0,0
0,0,5,1,0,0,0.0,0,0
0,0,14,1,1,0,1.7119999999999962,0,0
0,0,13,1,1,0,0.0,1,0
1,0,18,1,1,1,2.25,0,0
0,0,16,0,1,0,0.0,0,0
0,0,31,1,1,0,1.881999999999998,0,0
1,0,20,1,1,0,0.0,0,0
1,0,59,3,1,0,1.8670000000000044,0,0
0,0,11,2,0,1,1.0970000000000013,0,0
1,0,5,1,0,0,1.073999999999998,0,0
0,0,9,0,0,1,1.3449999999999989,0,0
0,0,37,1,1,1,3.4179999999999997,0,0
0,0,20,0,1,0,1.1560000000000001,0,0
0,0,26,3,1,0,1.7080000000000002,0,0
1,0,37,3,1,0,1.5499999999999998,0,0
0,1,58,3,1,0,3.7939999999999996,1,0
0,0,20,1,1,0,1.3049999999999997,0,0
1,0,19,2,1,2,1.2430000000000003,0,0
0,0,41,1,1,0,1.7910000000000004,0,0
0,0,7,0,2,0,1.5440000000000005,0,0
0,0,16,0,1,0,1.3030000000000008,0,0
0,0,11,0,1,0,1.2029999999999994,0,0
0,0,9,0,1,1,2.9639999999999986,0,0
0,0,19,0,1,0,6.035,0,0
0,0,9,0,1,1,3.0939999999999976,0,0
0,0,5,1,0,0,1.382000000000005,0,0
1,0,55,5,1,1,4.125999999999998,2,0
0,0,32,1,1,1,1.5390000000000015,1,0
1,0,37,2,1,0,2.844000000000001,0,0
0,0,50,1,1,1,1.955999999999996,1,0
1,0,66,4,1,1,2.9200000000000017,1,0
0,0,41,1,1,0,3.460000000000001,0,0
0,0,18,1,1,1,1.0009999999999977,1,0
0,0,55,2,1,2,2.5010000000000048,0,0
1,0,47,2,1,1,2.6729999999999947,2,0
0,0,58,3,1,0,1.8389999999999986,1,0
1,0,11,0,1,0,1.4950000000000045,0,0
0,0,16,1,1,0,2.0019999999999953,0,0
0,0,32,1,1,0,1.632,0,0
0,0,30,4,1,1,2.207,0,0
0,0,16,1,1,0,2.71,0,0
0,0,20,2,1,0,1.8350000000000009,0,0
0,0,25,2,1,0,3.6229999999999993,0,0
0,0,16,1,1,0,1.2170000000000005,1,0
0,0,18,3,1,0,2.501999999999999,0,0
0,0,8,1,1,0,2.4130000000000003,0,0
0,0,28,1,1,0,4.59,0,0
0,0,26,1,1,0,2.094000000000001,0,0
0,1,36,2,1,1,10.09,1,0
0,0,27,2,1,1,5.6229999999999976,0,0
0,0,39,2,1,0,3.0060000000000002,0,0
0,0,33,1,1,0,2.7630000000000052,1,0
0,0,29,4,1,0,5.035999999999994,0,0
0,0,34,1,1,0,2.5500000000000043,0,0
0,0,54,3,1,0,2.367999999999995,0,0
0,0,32,1,1,2,3.017000000000003,1,0
0,0,35,1,1,1,7.994,0,0
0,0,25,0,1,2,5.686,1,0
0,0,32,1,1,1,3.3230000000000004,0,0
0,0,19,1,1,0,1.2979999999999983,0,0
0,0,46,3,1,1,3.1220000000000034,1,0
0,0,35,1,1,0,4.093999999999998,0,0
0,0,33,1,1,0,1.8420000000000023,0,0
0,0,19,0,1,0,2.1209999999999987,0,0
0,0,7,0,2,0,2.3709999999999987,0,0
0,0,10,1,1,0,0.0,0,0
0,0,26,4,1,1,2.387999999999998,1,0
1,0,17,1,1,0,0.0,1,0
0,0,18,1,1,0,1.8270000000000053,0,0
0,0,45,1,1,2,3.2949999999999946,0,0
0,0,25,0,1,0,3.8840000000000003,0,0
0,0,42,2,1,1,2.8270000000000053,0,0
0,0,10,1,1,1,8.354,1,0
0,0,24,0,1,0,4.634,1,0
1,0,5,1,0,0,0.0,0,0
0,0,19,0,1,1,1.403,0,0
0,0,16,1,1,0,2.4639999999999995,0,0
0,0,32,1,1,1,3.1260000000000003,0,0
0,0,31,2,1,0,1.287,0,0
0,0,45,3,1,1,2.939,1,0
0,0,23,1,1,0,1.2430000000000003,0,0
0,0,12,1,1,0,1.0410000000000004,0,0
0,0,15,1,1,0,2.2119999999999997,0,0
0,0,54,4,1,0,3.671999999999999,0,0
0,0,38,3,1,0,1.2899999999999991,0,0
1,0,70,10,1,0,3.463000000000001,0,0
1,0,7,1,0,1,1.0420000000000016,0,0
1,0,35,1,1,4,2.6709999999999994,3,0
1,0,39,2,1,0,2.2109999999999985,0,0
1,0,5,1,0,0,0.0,0,0
0,0,24,2,1,1,2.580000000000002,0,0
0,0,29,1,1,0,1.9159999999999968,1,0
1,0,7,1,0,0,1.0990000000000038,0,0
0,0,8,0,1,0,1.533999999999999,0,0
1,0,10,0,1,0,0.0,0,0
1,0,45,0,1,0,2.3830000000000027,1,0
1,0,20,0,1,0,0.9579999999999984,0,0
1,0,17,0,1,0,2.168999999999997,0,0
0,0,42,4,1,0,3.541000000000004,0,0
0,0,54,4,1,0,3.8829999999999956,0,0
0,0,47,6,1,1,2.4209999999999994,0,0
0,0,34,2,1,1,4.666000000000004,0,0
1,0,31,3,1,1,13.388000000000005,0,0
0,0,22,1,1,2,2.132999999999999,1,0
0,0,6,0,0,1,9.173,0,0
0,0,35,1,1,1,7.715,0,0
0,0,28,1,1,0,2.1179999999999986,0,0
1,0,34,2,1,0,7.8039999999999985,0,0
0,0,22,0,1,1,2.2050000000000054,0,0
0,0,11,1,1,1,12.814,1,0
1,0,18,2,1,0,1.580999999999996,1,0
0,0,53,4,1,2,2.2950000000000017,0,0
1,0,36,2,1,0,3.5870000000000033,0,0
1,0,15,1,1,0,0.0,0,0
0,0,25,1,1,1,2.0929999999999995,0,0
0,0,39,3,1,2,5.045,1,0
0,0,21,1,1,0,1.9580000000000002,0,0
1,0,31,2,1,1,2.1709999999999994,1,0
0,0,17,2,1,0,2.6750000000000007,0,0
0,0,29,0,1,0,2.280999999999999,0,0
0,0,48,3,1,3,3.046000000000003,1,0
0,0,59,2,1,1,3.625,1,0
1,0,25,0,1,0,1.8879999999999981,0,0
0,0,42,2,1,0,2.1670000000000016,0,0
0,0,20,2,1,1,2.4979999999999976,0,0
0,0,23,3,1,0,2.5930000000000035,0,0
0,0,45,3,1,0,5.705999999999996,1,0
0,0,30,2,1,1,2.6340000000000003,0,0
0,1,50,3,1,0,5.2109999999999985,0,0
0,0,63,1,1,4,4.170999999999999,2,0
0,0,26,0,1,0,1.5500000000000043,0,0
0,0,32,1,1,0,4.167000000000002,0,0
0,0,36,1,1,0,2.4570000000000007,0,0
0,0,45,0,1,0,3.881,0,0
1,0,38,2,1,0,2.8289999999999997,0,0
0,0,26,3,1,2,3.0100000000000007,0,0
0,0,12,0,1,0,2.001999999999999,0,0
0,0,28,1,1,0,3.83,0,0
0,0,9,0,1,0,12.311,1,0
0,0,47,3,1,1,3.6690000000000005,1,0
0,0,18,0,1,1,6.588000000000001,0,0
0,0,10,1,1,0,0.0,0,0
0,0,22,0,1,0,3.4609999999999985,0,0
0,0,5,1,0,0,0.0,0,0
0,0,14,1,1,0,2.1330000000000027,0,0
0,0,16,1,1,0,4.164999999999999,0,0
0,0,14,1,1,0,1.8359999999999985,0,0
0,0,12,0,1,0,2.6229999999999976,0,0
0,0,32,2,1,0,1.9269999999999996,0,0
0,0,14,1,1,0,1.2890000000000015,1,0
0,0,34,2,1,0,2.7630000000000052,2,0
0,0,15,1,1,0,1.8629999999999995,0,0
0,0,5,1,0,0,1.3059999999999998,0,0
0,0,18,0,1,0,7.743,0,0
1,0,57,2,1,0,3.878,0,0
0,0,10,0,7,0,3.0589999999999993,0,0
1,0,15,0,1,0,2.7459999999999987,0,0
0,0,23,1,1,1,1.5750000000000028,0,0
1,0,9,0,1,0,1.7669999999999995,0,0
0,0,18,4,1,0,3.4929999999999986,0,0
1,0,31,2,1,0,0.0,0,0
0,0,43,2,1,0,1.7270000000000003,1,0
0,0,22,1,1,1,1.620000000000001,0,0
1,0,48,6,1,0,2.9959999999999987,0,0
1,0,26,0,1,0,1.3329999999999984,0,0
0,0,25,0,1,1,1.2550000000000026,0,0
0,0,33,1,1,1,2.9209999999999994,0,0
0,0,17,1,1,0,0.8699999999999974,0,0
0,0,56,3,1,2,2.2959999999999994,1,0
1,0,73,6,1,1,2.834000000000003,1,0
0,0,38,1,1,0,1.966000000000001,0,0
0,0,47,1,1,3,3.210000000000001,0,0
0,0,55,0,1,1,1.881999999999998,1,0
0,0,55,2,1,1,2.1980000000000004,1,0
0,0,15,1,1,0,1.4269999999999996,0,0
0,0,44,2,1,2,2.1300000000000026,1,0
0,0,45,3,1,1,2.6569999999999965,0,0
0,0,35,3,1,2,1.5900000000000034,2,0
0,0,36,2,1,0,1.5820000000000003,0,0
1,0,22,1,1,1,1.2069999999999999,0,0
0,0,18,1,1,0,2.13,0,0
0,0,24,0,1,0,1.5469999999999997,0,0
0,0,39,4,1,1,1.7029999999999994,0,0
1,0,43,1,1,0,1.4600000000000009,0,0
0,0,56,3,1,1,2.3000000000000007,1,0
0,0,39,0,1,0,1.7539999999999996,0,0
0,0,66,3,1,2,3.8020000000000014,3,0
0,0,53,2,1,0,2.3249999999999993,0,0
1,0,65,0,1,2,3.1759999999999984,1,0
1,0,16,2,1,1,1.2100000000000009,0,0
1,0,35,3,1,2,3.9529999999999994,0,0
0,0,33,2,1,1,3.059000000000001,0,0
1,0,40,3,1,1,2.4579999999999984,1,0
0,0,33,0,1,0,2.326999999999998,0,0
1,0,55,0,1,3,3.716000000000001,2,0
1,0,12,1,1,0,2.5020000000000024,0,0
0,0,29,1,1,2,0.0,0,0
1,0,21,1,1,0,1.9619999999999962,0,0
0,0,13,0,2,0,0.0,0,0
0,0,38,3,1,1,1.1710000000000065,0,0
0,0,58,4,1,1,3.1679999999999993,1,0
0,0,40,2,1,3,2.5790000000000006,0,0
1,0,62,3,1,3,3.806999999999995,1,0
0,0,24,1,1,0,1.1649999999999991,1,0
0,0,52,5,1,1,2.788000000000004,2,0
0,0,37,0,1,2,1.5940000000000012,1,0
0,0,61,3,1,1,2.785,1,0
0,0,40,3,1,1,1.4640000000000004,0,0
0,0,57,8,1,2,3.38,1,0
0,0,49,3,1,0,1.9990000000000006,1,0
0,0,39,3,1,1,2.289999999999999,0,0
0,0,54,4,1,1,2.7959999999999994,0,0
0,0,52,3,1,0,2.7140000000000004,1,0
1,0,48,4,1,4,2.2910000000000004,0,0
0,0,43,2,1,2,2.7040000000000006,0,0
0,0,29,1,1,1,3.2659999999999982,0,0
0,0,21,0,1,0,2.8820000000000014,0,0
0,0,29,0,1,3,1.904,0,0
0,0,32,3,1,0,2.4190000000000005,0,0
0,0,14,0,1,0,1.5989999999999966,1,0
0,0,11,0,1,0,27.397000000000006,1,0
0,0,45,3,1,1,17.679000000000002,0,0
0,0,33,3,1,0,2.0059999999999967,0,0
0,0,39,2,1,1,1.6030000000000015,0,0
1,0,50,3,1,1,2.8569999999999993,0,0
0,0,56,4,1,3,3.6350000000000016,2,0
0,0,42,3,1,0,1.958000000000002,3,0
0,0,28,2,1,0,1.3299999999999983,0,0
0,0,47,3,1,1,2.2149999999999963,1,0
0,0,19,1,1,1,0.9500000000000028,0,0
0,0,58,3,1,2,3.2120000000000033,1,0
0,0,50,3,1,1,2.0089999999999932,0,0
0,1,75,7,1,3,2.7520000000000024,2,0
0,0,4,0,0,0,1.213000000000001,0,0
0,0,4,0,0,0,0.0,0,0
0,0,52,0,1,1,3.460000000000001,1,0
0,0,5,1,0,1,1.341000000000001,0,0
0,0,5,1,0,0,0.0,0,0
0,0,21,0,1,1,1.1550000000000011,0,0
0,0,49,2,1,3,2.2679999999999936,2,0
1,0,21,2,1,1,1.1120000000000019,0,0
0,0,33,2,1,3,1.966000000000001,0,0
0,0,30,3,1,1,2.3810000000000002,0,0
0,1,44,1,1,0,3.8390000000000004,1,0
1,0,30,1,1,0,1.455,0,0
0,0,34,2,1,0,2.04,1,0
0,0,27,2,1,1,3.0070000000000006,0,0
0,0,24,2,1,1,2.587999999999999,1,0
0,0,4,0,0,0,26.604999999999997,0,0
0,0,4,0,0,0,1.3340000000000032,0,0
0,0,29,2,1,0,5.582999999999998,0,0
1,0,24,1,1,1,3.3059999999999974,1,0
0,0,24,1,1,1,3.378,1,0
0,0,4,0,0,0,8.306000000000004,0,0
0,0,51,2,1,0,10.629,1,0
0,0,38,2,1,1,1.8390000000000004,0,0
0,0,11,0,1,0,1.9960000000000004,0,0
0,0,18,1,1,0,2.5829999999999984,0,0
0,0,29,0,1,0,4.1270000000000024,1,0
0,0,27,4,1,0,1.5459999999999994,0,0
0,0,62,7,1,1,4.135999999999999,0,0
0,0,29,2,1,1,2.9570000000000007,0,0
0,0,7,0,1,0,0.9610000000000021,0,0
0,0,16,0,1,0,1.408999999999999,0,0
0,0,72,4,1,1,3.5079999999999956,1,0
0,0,26,2,1,0,1.9640000000000057,0,0
0,0,54,4,1,0,3.5889999999999986,0,0
0,0,32,1,1,1,2.539999999999999,0,0
0,0,25,3,1,1,2.0820000000000007,0,0
0,0,23,1,1,0,1.1659999999999968,0,0
0,0,20,1,1,2,3.7989999999999995,0,0
0,0,19,1,1,1,1.5420000000000016,0,0
0,0,25,2,1,0,3.636000000000003,1,0
0,0,16,0,1,0,2.039999999999999,1,0
0,0,8,0,0,1,5.219000000000001,0,0
0,0,17,0,1,0,3.2489999999999997,0,0
0,0,8,0,1,0,1.5839999999999996,0,1
0,0,63,6,1,0,6.8420000000000005,0,0
0,0,50,5,1,0,3.625,1,0
0,0,59,7,1,1,3.753,2,0
0,0,41,2,1,0,3.0839999999999996,0,0
0,0,38,0,1,1,2.0859999999999985,1,0
1,0,5,0,0,0,1.2560000000000002,0,0
0,0,55,3,1,1,2.2020000000000017,0,0
1,0,24,0,1,0,1.597999999999999,1,0
0,0,29,0,1,0,1.5360000000000014,0,0
1,0,38,2,1,0,2.040999999999997,0,0
1,0,29,1,1,0,3.0900000000000034,1,0
1,0,45,2,1,1,2.0929999999999964,0,0
0,0,51,1,1,1,5.917000000000002,0,0
0,0,42,5,1,1,3.808,1,0
0,0,12,0,1,1,5.454000000000001,2,0
1,0,26,1,1,0,3.4620000000000033,1,0
1,0,9,0,1,0,1.6280000000000001,0,0
0,0,34,1,1,0,2.2459999999999996,0,0
1,0,25,3,1,1,4.043000000000001,0,0
0,0,10,0,1,1,2.507999999999999,0,0
0,0,21,2,1,1,2.0820000000000007,1,0
0,0,31,0,1,1,6.968,1,0
0,0,40,1,1,2,2.5,1,0
0,0,11,0,1,0,1.463000000000001,1,0
0,0,6,0,1,0,0.0,0,0
0,0,10,0,3,0,1.0799999999999983,0,0
0,0,40,2,1,1,1.8339999999999996,1,0
1,0,6,0,0,0,1.3350000000000009,0,0
1,0,6,0,0,0,2.3039999999999985,0,0
0,0,5,0,0,0,0.8649999999999984,0,0
1,0,28,3,1,0,1.5560000000000045,0,0
1,0,30,2,1,0,1.5330000000000013,0,0
0,0,46,2,1,0,2.1729999999999947,1,0
0,0,26,0,1,0,1.0790000000000006,0,0
0,0,41,0,1,0,2.271000000000001,0,0
0,0,71,3,1,0,10.994999999999997,1,0
0,0,35,2,1,0,1.2520000000000024,0,0
0,0,5,0,0,0,1.9209999999999994,0,0
0,0,29,2,1,0,0.0,1,0
0,0,46,1,1,0,2.2490000000000023,0,0
0,0,45,1,1,1,2.921999999999997,1,0
0,0,18,1,1,1,1.999,0,0
0,0,64,3,1,1,2.252,1,0
0,0,42,2,1,2,3.213,0,0
1,0,71,3,1,3,5.338000000000001,1,0
1,0,41,3,1,0,2.167,0,0
1,0,59,2,1,1,1.6739999999999977,0,0
0,0,3,0,0,0,0.9980000000000011,0,0
0,0,36,2,1,0,2.2910000000000004,0,0
0,1,51,1,1,0,2.7139999999999986,1,0
0,0,46,1,1,0,2.2910000000000004,1,0
0,0,11,0,4,0,1.0040000000000013,1,0
0,0,37,2,1,2,1.3810000000000002,1,0
0,0,49,2,1,1,2.4959999999999987,0,0
1,0,41,2,1,0,1.644000000000002,0,0
0,0,41,2,1,1,2.7759999999999962,0,0
0,0,46,1,1,0,2.4640000000000057,1,0
0,0,40,0,1,1,1.4609999999999985,0,0
0,0,46,1,1,1,3.1299999999999955,0,0
0,0,47,1,1,0,2.038000000000004,0,0
0,0,37,1,1,0,2.762999999999998,1,0
0,0,6,0,2,0,0.0,0,0
1,0,73,5,1,1,2.993000000000002,3,0
0,0,21,1,1,2,1.5829999999999984,1,0
1,0,43,4,1,1,1.5450000000000017,1,0
1,0,20,1,1,1,2.173000000000002,0,0
0,0,20,1,1,2,0.0,1,0
0,0,28,2,1,1,1.7889999999999944,1,0
0,0,60,5,1,2,3.3840000000000003,1,0
0,0,29,1,1,1,2.748,1,0
1,0,5,1,0,0,2.0029999999999997,0,0
0,0,36,1,1,2,0.0,0,0
0,0,36,1,1,1,2.0520000000000005,0,0
0,0,31,1,1,0,1.5739999999999998,0,0
1,0,18,0,1,0,1.1739999999999995,0,0
1,0,29,1,1,0,1.3680000000000003,0,0
0,0,21,0,1,0,1.3369999999999997,0,0
1,0,41,1,1,2,2.0039999999999996,0,0
1,0,33,0,1,0,1.0020000000000007,0,0
0,0,43,3,1,0,1.8010000000000002,0,0
0,0,55,2,1,2,2.5740000000000016,1,0
0,0,16,0,1,2,1.0459999999999994,0,0
0,0,48,4,1,0,2.411999999999999,1,0
0,0,24,1,1,1,1.2089999999999996,0,0
1,0,23,1,1,0,1.25,0,0
0,0,14,1,1,0,1.7639999999999993,0,0
1,0,11,2,1,0,1.8290000000000006,0,0
1,0,9,0,1,0,3.0920000000000023,0,0
0,0,10,0,3,0,1.5850000000000009,0,0
0,0,17,2,1,0,5.044999999999995,0,0
0,0,15,1,1,0,5.759,0,0
0,0,26,0,1,1,2.538000000000004,1,0
0,0,42,4,1,1,2.9639999999999986,1,0
0,0,17,2,1,0,1.2120000000000033,0,0
1,0,6,1,0,0,-3540,0,0
0,0,4,0,0,0,11.886999999999999,0,0
0,0,37,1,1,1,4.798000000000002,0,0
1,0,5,0,0,0,0.9609999999999985,0,0
0,0,48,5,1,0,2.8290000000000006,1,0
0,0,52,4,1,1,3.8870000000000005,0,0
0,1,55,2,1,2,3.5440000000000005,3,0
1,0,27,1,1,0,4.630000000000003,0,0
0,0,35,1,1,0,2.408999999999999,1,0
0,0,28,2,1,0,4.476999999999997,1,0
0,0,33,1,1,0,3.128,0,0
0,0,35,3,1,0,2.395000000000003,0,0
0,0,43,2,1,1,1.8979999999999961,2,0
0,0,25,2,1,0,1.3780000000000001,0,0
0,0,60,3,1,3,3.1270000000000024,0,0
1,0,31,2,1,1,1.4979999999999976,1,0
1,0,31,2,1,0,1.3710000000000022,0,0
0,0,74,4,1,0,6.723999999999997,0,0
0,0,67,5,1,0,2.248,0,0
1,0,60,5,1,1,1.9220000000000002,0,0
1,0,10,0,1,0,2.248,0,0
1,0,14,1,1,0,0.0,0,0
1,0,55,1,1,1,2.212999999999999,1,0
1,0,15,0,1,0,1.7100000000000009,0,0
1,0,14,1,1,0,0.0,0,0
0,0,11,2,0,1,1.0899999999999999,0,0
0,0,73,4,1,1,1.7449999999999992,1,0
0,0,40,2,1,1,1.5820000000000007,2,0
1,0,27,0,1,0,2.0440000000000005,1,0
0,0,10,0,3,0,2.370000000000001,0,0
0,0,35,1,1,0,11.433999999999997,0,0
0,0,52,3,1,2,2.5159999999999982,0,0
0,0,22,1,1,2,2.0320000000000036,0,0
0,0,21,1,1,0,2.7929999999999993,1,0
0,0,36,3,1,1,3.0450000000000017,1,0
1,0,47,2,1,0,1.625,1,0
0,0,25,3,1,0,2.8769999999999953,0,0
1,0,67,4,1,0,4.227000000000004,1,0
0,0,53,2,1,1,8.420000000000002,1,0
0,0,36,0,1,0,1.4179999999999993,0,0
0,0,5,1,0,0,1.1680000000000001,0,0
1,0,51,1,1,0,5.0760000000000005,0,0
0,0,58,2,1,0,2.42,0,0
0,0,53,3,1,1,2.01,0,0
1,0,12,0,1,0,1.0020000000000007,0,0
1,0,67,3,1,0,3.3339999999999996,1,0
1,0,35,2,1,0,1.8329999999999984,1,0
0,0,26,2,1,1,6.0020000000000024,0,0
0,0,24,0,1,0,1.4190000000000005,0,0
1,0,14,1,1,1,1.468,0,0
1,0,23,3,1,0,2.4529999999999994,0,0
1,0,42,1,1,0,4.760999999999999,1,0
1,0,53,3,1,0,2.5390000000000015,0,0
1,0,27,2,1,0,2.4669999999999987,0,0
1,0,6,1,0,0,4.9609999999999985,0,0
0,0,24,2,1,0,15.015999999999998,0,0
1,0,25,1,1,1,4.340000000000003,1,0
1,0,27,2,1,0,19.387999999999998,0,0
1,0,35,0,1,0,4.471,0,0
1,0,10,1,1,1,0.958000000000002,0,0
0,0,20,1,1,1,1.5399999999999991,1,0
0,0,22,2,1,0,1.5429999999999993,0,0
1,0,64,5,1,0,2.1330000000000027,0,0
0,0,3,0,0,0,0.9570000000000007,0,0
0,0,27,1,1,1,2.208999999999996,1,0
0,0,26,2,1,0,2.9209999999999994,1,0
1,0,12,2,2,0,0.8689999999999998,0,0
0,0,14,2,1,0,4.088000000000001,0,0
0,0,44,2,1,0,5.591999999999999,1,0
0,0,11,1,1,0,1.6720000000000041,0,0
0,0,55,3,2,0,8.963000000000001,2,0
0,0,5,0,0,0,5.548,0,0
0,0,49,2,2,0,4.800999999999999,0,0
0,0,20,0,1,0,3.4170000000000016,1,0
0,0,20,1,1,1,1.4209999999999994,0,0
0,0,15,1,1,0,2.5380000000000003,0,0
0,0,13,0,1,0,5.721,0,0
0,0,5,0,0,0,2.753,0,0
0,0,48,2,1,2,34.830999999999996,0,0
0,0,24,1,1,0,2.452,0,0
0,0,47,5,1,0,4.297000000000001,0,0
0,0,21,0,1,0,2.3339999999999996,0,0
0,0,20,1,1,1,8.092999999999998,0,0
0,0,25,2,1,0,3.210000000000001,0,0
0,0,10,0,1,0,2.835000000000001,0,1
0,0,19,2,1,1,1.123000000000001,0,0
0,0,21,1,1,0,4.012999999999998,0,0
0,0,29,2,1,0,4.788,0,0
0,0,15,1,1,0,3.3800000000000026,0,0
0,0,8,0,1,1,1.6699999999999946,0,0
1,0,4,0,0,1,3.842000000000006,0,0
0,0,39,4,1,0,27.65299999999999,0,0
0,0,23,1,1,2,6.622000000000002,1,0
0,0,25,1,1,2,2.4989999999999988,0,1
0,0,5,0,0,1,2.849,0,0
0,0,50,3,1,3,4.204999999999998,3,0
0,0,197,4,1,5,17.652,0,1
0,0,57,4,1,3,3.578000000000003,1,0
0,0,27,2,1,1,7.214999999999996,0,0
0,0,40,2,1,3,6.719000000000001,0,0
0,0,62,3,1,2,3.965,0,0
0,0,36,1,1,2,3.423,0,0
0,0,38,3,1,3,3.4139999999999997,1,0
0,0,33,0,1,1,4.838000000000001,0,0
0,0,28,1,1,1,2.041999999999998,0,0
0,0,33,5,1,4,4.8820000000000014,0,0
0,0,25,3,1,3,3.3309999999999995,0,0
0,0,71,3,1,3,5.093999999999998,0,0
0,0,33,2,1,0,3.0120000000000005,0,0
0,0,39,2,1,2,3.324000000000005,0,0
1,0,21,2,1,0,1.3449999999999989,0,0
0,0,19,3,1,1,2.4540000000000006,0,0
0,0,25,1,1,3,2.211999999999996,1,0
0,0,39,1,1,1,4.459000000000003,0,0
0,0,26,1,1,2,2.553999999999995,0,0
0,0,29,2,1,3,7.334000000000003,0,0
0,0,7,0,0,1,3.71,0,0
0,0,53,4,1,2,4.003000000000001,0,0
0,0,18,3,1,1,7.838999999999999,0,0
0,0,33,2,1,1,5.434000000000001,0,0
0,0,17,2,1,0,1.904,0,0
0,0,12,0,1,0,2.9269999999999996,0,0
0,0,25,0,1,0,2.2010000000000005,0,0
0,0,38,1,1,1,3.6769999999999996,0,0
0,0,56,2,1,3,4.68,0,0
0,0,18,0,1,0,3.372,0,0
0,0,6,0,1,0,1.043999999999997,0,0
0,0,13,1,1,1,2.5870000000000033,1,0
0,0,27,1,1,1,5.164999999999999,0,0
0,0,28,0,1,0,3.172000000000004,0,0
0,0,27,1,1,1,5.125999999999998,0,0
0,0,14,0,1,0,0.8780000000000001,0,0
0,0,33,4,1,2,3.3800000000000026,0,0
0,0,36,2,1,0,3.2189999999999994,0,0
1,0,15,0,1,0,2.4130000000000003,0,0
0,0,25,1,1,0,2.635,0,0
0,0,21,0,1,0,1.2859999999999996,0,0
0,0,17,2,1,0,2.628,0,0
0,0,47,1,1,3,2.9620000000000015,1,0
0,0,37,5,1,3,2.9570000000000007,0,0
0,0,36,2,1,1,2.346,0,0
0,0,37,3,1,1,2.035999999999998,0,0
0,0,23,1,1,1,2.965,1,0
0,0,13,0,1,0,1.0,0,0
0,0,20,2,1,1,1.841000000000001,0,0
0,0,23,1,1,1,2.9949999999999974,0,0
0,0,35,1,1,0,2.003,0,0
0,0,30,1,1,2,1.9990000000000023,0,0
0,0,32,1,1,0,3.7179999999999964,0,0
0,0,59,5,1,1,8.052000000000007,1,0
0,0,58,1,1,0,5.380999999999993,1,0
0,0,41,2,1,1,2.746000000000002,1,0
0,0,44,4,1,1,2.673000000000002,1,0
0,0,51,3,1,2,2.0390000000000015,0,0
0,0,28,1,1,2,2.5519999999999996,0,0
0,0,43,0,1,1,2.8260000000000005,1,0
0,0,43,2,1,2,3.346,0,0
0,0,42,3,1,1,2.376999999999999,0,0
0,0,37,1,1,3,3.367000000000001,2,0
0,0,25,0,1,1,3.342999999999998,2,0
0,0,26,1,1,0,2.747,0,0
0,0,35,1,1,0,2.168000000000003,2,0
0,0,41,2,1,0,3.2689999999999984,0,0
0,0,12,0,1,1,0.7830000000000013,0,0
0,0,49,4,1,3,4.549999999999997,0,0
0,0,20,1,1,0,0.9990000000000023,0,0
0,0,17,0,1,0,2.296999999999997,0,0
0,0,18,1,1,0,1.4580000000000055,0,0
0,0,17,0,1,0,0.9599999999999937,0,0
0,0,38,3,1,1,2.9140000000000015,0,0
0,0,48,3,1,3,2.6739999999999995,1,0
0,0,40,0,1,1,3.625,0,0
0,0,24,1,1,0,2.0429999999999993,0,0
0,0,58,3,1,5,3.504000000000005,1,0
0,0,49,3,1,3,4.335000000000001,1,0
0,0,56,5,1,5,3.8459999999999965,0,0
0,0,50,1,1,0,3.628,1,0
0,0,46,2,1,1,2.708,2,0
0,0,28,2,1,3,2.0409999999999995,0,0
0,0,49,5,1,4,3.8000000000000007,0,0
0,0,41,5,1,3,3.0379999999999985,0,0
0,0,26,1,1,2,2.0060000000000002,0,0
0,0,22,0,1,1,2.6650000000000027,0,0
0,0,19,2,1,0,2.8369999999999997,0,0
0,0,38,2,1,1,2.668999999999997,0,0
0,0,51,1,1,1,4.138000000000002,0,0
0,0,30,3,1,3,3.3370000000000033,2,0
0,0,32,3,1,2,2.9569999999999936,0,0
0,0,35,0,1,3,3.6710000000000065,0,0
0,0,30,2,1,0,3.789999999999999,0,0
0,0,44,1,1,0,5.259999999999998,0,0
0,0,36,1,1,0,1.8710000000000022,0,0
1,0,66,2,1,0,4.631999999999998,0,0
0,0,18,1,1,1,2.8800000000000026,0,0
0,0,43,3,1,1,2.2519999999999953,0,0
0,0,52,3,1,2,3.2129999999999996,0,0
0,0,68,3,1,4,5.177,2,0
0,0,47,1,1,3,3.9960000000000004,2,0
0,0,10,0,1,0,1.0440000000000005,0,0
1,0,62,3,1,0,6.507,0,0
0,0,15,1,1,0,2.1709999999999994,0,0
0,0,22,0,1,0,2.1739999999999995,0,0
0,0,51,3,1,1,14.297,3,0
0,0,19,1,1,1,4.881,0,0
0,0,26,0,1,0,3.3400000000000034,0,0
0,0,14,1,1,1,2.5,0,0
0,0,30,0,1,1,3.9669999999999987,0,0
0,0,5,1,0,0,4.708999999999996,0,0
0,0,59,0,1,3,3.1750000000000043,1,0
0,0,13,1,1,0,1.6659999999999995,0,0
0,0,5,1,0,0,2.997,0,0
1,0,44,3,1,0,5.925,0,0
1,0,48,2,1,1,3.2119999999999997,0,0
0,0,5,0,0,0,0.8320000000000007,0,0
0,0,9,0,0,0,3.1739999999999995,0,0
0,0,18,1,1,0,0.0,1,0
0,0,19,1,1,0,2.539999999999999,0,0
0,0,12,0,1,0,3.1670000000000016,0,0
0,0,15,1,1,0,0.0,0,0
0,0,18,1,1,1,1.5070000000000014,1,0
1,0,20,2,1,0,4.660999999999998,0,0
0,0,13,0,2,0,1.8019999999999996,0,0
0,0,15,0,1,0,2.003,0,0
0,0,72,2,1,3,10.509999999999998,1,0
0,0,33,2,1,1,1.463000000000001,0,0
0,0,58,1,1,1,2.3200000000000003,1,0
0,0,44,5,1,4,5.265000000000001,1,0
0,0,30,0,1,2,1.9250000000000043,3,0
0,0,43,5,1,2,2.7489999999999952,1,0
1,0,22,1,1,2,1.4629999999999999,1,0
0,0,23,0,1,3,2.209,0,0
0,0,20,1,1,1,1.9610000000000003,0,0
0,0,20,2,1,0,1.6599999999999993,0,0
0,0,32,1,1,1,2.349,0,0
0,0,34,3,1,0,1.325000000000001,0,0
0,0,33,2,1,0,2.174999999999999,0,0
0,0,57,4,1,0,4.339,0,0
0,0,49,5,1,1,2.497,1,0
1,0,19,2,1,0,0.963000000000001,0,0
0,0,40,3,1,2,1.3389999999999986,1,0
0,0,65,5,1,0,3.414999999999999,0,0
0,0,36,2,1,0,1.2900000000000027,0,0
0,0,23,2,1,1,1.3329999999999984,0,0
0,0,21,3,1,1,2.2650000000000006,0,0
0,0,55,2,1,0,3.9520000000000017,0,0
0,0,50,4,1,1,1.5820000000000007,1,0
0,0,43,5,1,1,1.7549999999999955,0,0
0,0,31,0,1,0,1.2820000000000036,0,0
0,0,13,1,1,0,1.5509999999999948,0,0
1,0,9,0,1,0,1.4990000000000023,0,1
0,0,11,0,2,0,1.6370000000000005,0,0
0,0,26,2,1,1,2.996000000000002,0,0
0,0,28,1,1,0,2.344000000000001,0,0
0,0,23,1,1,1,6.082999999999998,0,0
0,0,53,5,1,3,6.092999999999996,1,0
0,0,13,0,1,0,1.1589999999999998,0,0
1,0,45,4,1,0,3.017,2,0
1,0,37,3,1,1,4.0,0,0
0,0,14,0,1,0,28.317999999999998,1,0
0,0,52,2,1,0,3.2950000000000017,0,0
0,0,37,0,1,0,3.253,1,0
0,0,66,8,1,3,3.1700000000000017,0,0
0,0,28,1,1,0,2.0390000000000015,0,0
0,0,28,0,1,0,2.1340000000000003,0,0
0,0,10,1,1,1,1.6269999999999953,0,0
0,0,10,1,1,0,1.9110000000000014,0,0
1,0,54,3,1,2,2.0050000000000026,0,0
0,0,19,1,1,0,1.4619999999999962,0,0
0,0,20,0,1,0,1.2490000000000023,0,0
1,0,26,1,1,0,2.332,0,0
0,0,9,0,1,0,2.2049999999999996,0,0
0,0,42,2,1,3,51.182,0,0
0,0,12,1,1,0,3.6769999999999996,0,0
0,0,4,0,0,0,16.980000000000004,0,0
0,0,6,1,0,0,4.536000000000001,0,0
0,0,6,1,0,0,4.126000000000001,0,0
0,0,21,3,1,0,3.2159999999999975,0,0
1,0,23,1,1,0,4.125,1,0
0,0,13,0,2,0,1.6750000000000043,0,0
0,0,9,2,0,1,3.955999999999996,0,0
0,0,12,1,1,1,3.5919999999999987,0,0
0,0,31,2,1,1,5.961000000000006,1,0
0,0,23,1,1,1,1.833999999999996,1,0
0,0,28,2,1,3,2.676000000000002,0,0
0,0,40,3,1,2,2.6259999999999977,0,0
0,0,9,0,1,1,2.041000000000004,0,0
0,0,29,1,1,0,3.5060000000000002,0,0
0,0,36,3,1,0,5.297,0,0
0,0,35,3,1,3,3.9589999999999996,0,0
0,0,51,1,1,2,3.094000000000001,0,0
0,0,13,0,2,0,2.417,0,0
0,0,61,3,1,1,3.9189999999999987,0,0
0,0,41,2,1,1,3.129999999999999,1,0
0,0,9,0,1,0,0.9980000000000011,0,0
0,0,58,2,1,2,2.5010000000000012,0,0
0,0,51,2,1,2,2.0429999999999993,0,0
0,0,6,0,0,0,3.1690000000000005,0,0
1,0,6,0,0,0,1.336000000000002,0,0
0,0,49,1,1,0,4.544999999999995,0,0
0,0,67,3,1,0,4.754000000000005,0,0
0,0,38,1,1,0,4.964999999999996,0,0
0,0,60,7,1,2,4.422000000000004,0,0
0,0,34,2,1,1,3.2149999999999963,1,0
0,0,14,1,1,0,2.3290000000000006,0,0
0,0,26,0,1,1,2.176000000000002,0,0
0,0,15,1,1,1,2.128,0,0
0,0,13,0,1,0,3.7870000000000004,0,0
0,0,15,1,1,0,13.142,0,0
1,0,5,1,0,0,0.0,0,0
0,0,37,2,1,0,1.751999999999999,0,0
0,0,47,2,1,0,7.254000000000001,0,0
0,0,10,1,10,0,1.754999999999999,0,0
0,0,17,1,1,0,16.345,0,0
0,0,28,2,1,1,9.093000000000004,1,0
0,0,62,6,1,3,18.733000000000004,1,0
1,0,22,1,1,0,2.17,0,0
0,0,11,0,1,0,3.283999999999999,0,1
0,0,44,1,1,0,2.34,1,0
0,0,10,0,7,0,4.716000000000001,0,0
1,0,22,0,1,0,1.8829999999999991,0,0
0,0,64,2,1,1,3.2860000000000014,1,0
0,0,34,0,1,1,3.375,2,0
1,0,73,4,1,1,4.015999999999998,1,0
1,0,40,1,1,1,1.6170000000000044,0,0
1,0,3,0,0,0,0.0,0,0
1,0,27,0,1,0,1.7959999999999994,0,0
0,0,11,1,1,0,1.5039999999999978,0,0
0,0,51,2,1,1,2.6709999999999994,1,0
0,0,67,5,1,1,3.460000000000001,1,0
1,0,9,0,0,0,1.7119999999999962,1,0
0,0,27,0,1,1,1.5800000000000054,0,0
0,0,26,2,1,0,1.083999999999996,0,0
0,0,50,3,1,4,2.923000000000002,0,0
0,0,5,1,0,0,1.081000000000003,0,0
1,0,20,2,1,1,1.6749999999999972,1,0
0,0,44,3,1,1,1.9179999999999993,3,0
0,0,29,1,1,0,2.499,0,0
0,0,9,0,1,0,0.0,1,0
0,0,33,0,1,0,1.8819999999999997,0,0
0,0,70,3,1,2,3.5869999999999997,2,0
0,0,27,0,1,1,2.437000000000001,0,0
0,0,10,0,1,0,0.0,0,0
0,0,58,1,1,3,4.234999999999999,0,0
0,0,52,4,1,0,2.2880000000000003,0,0
0,0,69,2,1,3,3.3739999999999988,1,0
0,0,71,3,1,3,4.384,1,0
0,0,70,3,1,1,2.304000000000002,0,0
0,0,45,5,1,1,3.113999999999997,1,0
0,0,49,5,1,3,2.4179999999999993,1,0
0,0,28,2,1,0,2.219000000000001,0,0
0,0,28,2,1,1,3.9110000000000014,1,0
0,0,48,3,1,0,1.9299999999999997,0,0
0,0,52,4,1,3,3.539999999999999,1,0
0,0,38,1,1,0,7.3089999999999975,1,0
0,0,11,1,0,1,3.413000000000004,0,0
1,0,6,0,0,0,10.839999999999996,0,0
0,0,5,1,0,0,1.596000000000001,0,0
0,0,21,1,1,0,2.369999999999999,0,0
0,0,17,3,1,0,0.0,2,0
0,0,26,3,1,0,4.797000000000001,0,0
0,0,5,1,0,0,1.8819999999999997,0,0
0,0,39,2,1,0,2.8260000000000005,1,0
0,0,31,2,1,1,3.0159999999999982,2,0
0,0,26,1,1,1,2.4030000000000022,1,0
1,0,14,0,2,0,2.468,0,0
1,0,14,0,2,0,0.0,0,0
0,0,34,3,1,0,3.257999999999999,0,0
1,0,20,2,1,0,2.0779999999999994,0,0
0,0,9,0,1,0,0.0,1,0
1,0,43,1,1,1,2.2550000000000026,0,0
0,0,51,5,1,3,2.961999999999996,2,0
0,0,17,1,1,0,2.0870000000000033,0,0
0,0,9,1,1,0,0.0,1,0
0,0,48,2,1,1,1.4600000000000009,0,0
0,0,67,5,1,3,2.549999999999997,0,0
0,0,75,7,1,3,2.9939999999999998,1,0
0,0,72,9,1,3,3.3830000000000027,1,0
1,0,40,3,1,0,3.8769999999999953,0,0
1,0,35,2,1,1,3.4200000000000017,1,0
0,0,24,0,1,1,1.6700000000000017,0,0
0,0,48,3,1,1,2.3689999999999998,2,0
0,0,45,4,1,0,2.3470000000000004,0,0
1,0,28,2,1,3,1.8259999999999996,1,0
0,0,55,1,1,2,3.2150000000000007,1,0
1,1,34,1,1,2,3.7169999999999987,1,0
0,0,41,2,1,1,3.4960000000000004,0,0
0,0,54,2,1,0,3.844000000000001,0,0
0,0,42,2,1,1,2.247,0,0
0,0,36,1,1,1,2.8019999999999996,0,0
0,0,26,0,1,0,3.8249999999999993,1,0
0,0,23,3,1,1,0.0,1,0
1,0,40,3,1,2,2.8469999999999978,1,0
0,0,13,0,1,0,1.706000000000003,0,0
0,0,45,1,1,0,2.3299999999999983,1,0
0,0,59,4,1,2,2.966000000000001,0,0
0,0,62,3,1,3,3.040999999999997,1,0
0,0,32,1,1,1,1.6350000000000051,1,0
0,0,33,0,1,0,2.0360000000000014,0,0
1,0,12,1,1,0,1.9239999999999995,0,0
0,0,17,2,1,1,0.0,1,0
0,1,43,3,1,2,2.128999999999998,1,0
0,0,42,1,1,1,2.793999999999997,1,0
0,0,45,4,1,0,3.2490000000000023,0,0
0,0,42,3,1,3,3.2120000000000033,1,0
0,0,53,2,1,0,3.7109999999999985,1,0
1,0,3,0,0,0,1.5020000000000007,0,0
0,0,31,1,1,0,1.7919999999999998,1,0
0,0,39,3,1,1,2.093,1,0
0,0,27,1,1,1,1.7509999999999994,0,0
0,0,22,0,1,0,1.3760000000000012,0,0
1,0,27,2,1,0,2.501999999999999,0,0
0,0,5,1,0,0,0.0,0,0
0,0,27,1,1,0,1.4570000000000007,2,0
0,0,24,0,1,1,2.001999999999999,1,0
0,0,53,3,1,1,4.050000000000001,0,0
1,0,28,1,1,0,5.001000000000001,1,0
0,0,23,1,1,2,1.25,0,0
0,0,20,0,1,0,1.0909999999999975,0,0
0,0,62,2,1,1,2.8640000000000043,2,0
0,0,45,4,1,1,3.4769999999999968,1,0
0,0,70,8,1,2,2.993000000000002,1,0
1,0,28,3,1,1,1.5030000000000001,0,0
0,0,27,1,1,1,1.5409999999999968,1,0
0,0,56,5,1,3,2.544000000000004,0,0
0,0,48,2,1,1,2.4239999999999995,0,0
0,0,38,1,1,0,2.918999999999997,1,0
0,0,56,1,1,0,4.079999999999998,2,0
0,0,37,1,1,1,2.4170000000000016,1,0
0,0,17,1,1,0,1.3389999999999986,1,0
0,0,27,1,1,0,1.5450000000000017,0,0
0,0,51,3,1,0,3.6330000000000027,1,0
0,0,16,1,1,0,1.0790000000000002,1,0
1,0,48,1,1,0,2.164,1,0
0,0,21,1,1,1,2.5989999999999993,0,0
0,0,46,1,1,1,2.4160000000000004,2,0
0,0,21,4,1,1,1.3290000000000006,0,0
0,0,37,5,1,0,5.084999999999999,0,0
0,0,30,1,1,0,2.097999999999999,0,0
1,0,34,2,1,0,2.6650000000000027,0,0
0,0,31,0,1,1,2.4599999999999973,0,0
0,0,46,4,1,2,4.209000000000003,1,0
0,0,24,2,1,3,1.2539999999999978,0,0
0,0,51,2,1,0,3.5009999999999977,0,0
0,0,28,0,1,1,1.6640000000000015,0,0
1,0,39,2,1,0,2.4280000000000044,1,0
0,0,20,0,1,0,1.0389999999999944,0,0
0,0,32,3,1,0,3.044000000000004,0,0
0,0,15,1,1,1,1.083999999999996,0,0
0,0,18,2,1,1,1.6240000000000023,1,0
0,0,40,1,1,0,1.607999999999997,0,0
0,0,19,0,1,0,2.281000000000006,0,0
0,0,39,2,1,1,1.9169999999999945,0,0
0,0,40,2,1,0,3.4580000000000055,1,0
0,0,11,1,1,0,3.1269999999999953,1,0
0,0,17,2,1,1,2.463000000000001,0,0
0,0,24,1,1,1,1.9609999999999985,0,0
0,0,67,2,1,0,3.5,1,0
0,0,21,1,1,0,1.2539999999999996,0,0
0,0,38,3,1,0,1.5010000000000003,0,0
0,0,22,2,1,0,2.3309999999999995,0,0
0,0,51,3,1,0,3.346,0,0
0,0,10,0,1,0,1.9969999999999999,1,0
0,0,30,2,1,1,3.2119999999999997,1,0
0,0,25,2,1,0,1.9179999999999993,0,0
0,0,63,3,1,4,4.006,3,0
0,0,48,3,1,2,2.1430000000000007,0,0
0,0,22,0,1,0,0.9870000000000019,0,0
0,0,10,1,10,0,1.7880000000000003,0,0
0,0,11,0,2,0,2.4129999999999967,0,0
0,0,16,0,1,0,0.0,1,0
0,0,58,4,1,3,2.8000000000000043,2,0
1,0,42,2,1,2,2.253999999999998,0,0
1,0,9,0,1,0,1.0020000000000024,1,0
0,0,45,3,1,3,2.7509999999999977,3,0
0,0,54,2,1,0,2.3729999999999976,0,0
1,0,36,4,1,1,2.710000000000001,1,0
1,0,14,1,2,0,1.1780000000000044,0,0
0,0,36,3,1,4,2.7079999999999984,0,0
0,0,45,1,1,1,2.3399999999999963,1,0
0,0,32,0,1,0,2.9179999999999993,1,0
0,0,15,0,1,1,1.581000000000003,0,0
0,0,27,1,1,2,3.043999999999997,1,0
0,0,33,1,1,0,2.0430000000000064,1,0
0,0,25,2,1,2,1.544,0,0
0,0,59,4,1,3,4.753,4,0
1,0,57,4,1,5,3.755,0,0
1,0,22,3,1,2,1.0940000000000012,0,0
0,0,61,3,1,0,3.783999999999999,2,0
1,0,39,1,1,0,2.7139999999999986,0,0
0,0,31,3,1,0,2.423000000000002,0,0
0,0,5,0,0,1,1.2089999999999996,0,0
0,0,43,2,1,2,28.147,0,0
0,0,53,2,1,1,3.5450000000000017,0,0
0,0,4,0,0,0,42.672000000000004,0,0
0,0,10,0,1,0,7.677,0,0
0,0,13,0,2,0,0.0,0,0
0,0,46,2,1,1,4.088000000000001,0,0
0,0,17,1,1,0,1.7480000000000047,0,0
0,0,35,0,1,0,2.5019999999999953,0,0
0,0,59,2,1,2,3.122,0,0
0,0,52,2,1,1,4.383000000000003,0,0
0,0,48,3,1,1,3.885,0,0
0,0,11,0,0,0,1.9539999999999997,0,0
1,0,58,2,1,1,2.4650000000000007,1,0
0,0,36,1,1,0,2.2110000000000003,0,0
1,0,21,1,1,1,2.84,0,0
0,0,26,3,1,0,0.0,0,0
1,0,44,3,1,0,1.9959999999999987,0,0
0,0,23,2,1,1,1.2520000000000024,0,0
0,0,33,1,1,0,1.751999999999999,0,0
0,0,41,1,1,1,3.0109999999999992,1,0
0,0,38,2,1,0,2.1129999999999995,1,0
0,0,64,3,1,1,3.558,0,0
1,0,64,4,1,0,3.955000000000002,1,0
0,0,52,1,1,0,2.251999999999999,0,0
0,0,13,0,2,0,5.511000000000003,0,0
0,0,5,0,0,0,4.000999999999998,0,0
0,0,46,1,1,0,8.639000000000003,0,0
0,0,78,4,1,2,3.7039999999999935,0,0
1,0,32,5,1,1,19.395000000000003,0,0
0,0,21,0,1,0,1.0920000000000005,0,0
0,0,16,0,1,1,2.493999999999998,0,0
0,0,12,1,1,0,1.6330000000000027,1,0
0,0,30,1,1,1,1.9559999999999995,0,0
1,0,44,1,1,0,2.160999999999998,0,0
0,0,35,1,1,1,1.1690000000000005,0,0
1,0,43,3,1,0,2.8470000000000013,0,0
0,0,68,6,1,3,2.997,0,0
0,0,33,0,1,1,2.382999999999999,0,0
0,0,39,2,1,1,2.1270000000000024,0,0
0,0,31,1,1,1,1.1569999999999965,0,0
1,0,47,1,1,3,1.889000000000003,0,0
0,0,43,2,1,1,2.702999999999996,1,0
0,0,11,0,3,0,1.8440000000000012,0,0
0,0,11,0,3,0,0.0,0,0
0,0,4,0,0,0,3.663000000000004,0,0
0,0,21,0,1,0,11.338000000000001,0,0
0,0,22,1,1,0,2.178999999999995,0,0
0,0,73,4,1,1,2.919,1,0
0,0,9,1,1,1,2.583,0,0
0,0,24,2,1,1,0.0,1,0
0,0,19,2,1,0,1.0819999999999999,0,0
0,0,53,1,1,0,1.755,0,0
0,0,29,2,1,2,1.6319999999999997,0,0
0,0,38,3,1,3,1.9559999999999995,1,0
0,0,49,2,1,1,2.2500000000000018,2,0
0,0,27,1,1,0,1.2529999999999983,0,0
0,0,35,2,1,1,1.381000000000002,1,0
0,0,45,2,1,3,2.4830000000000005,0,0
0,0,22,0,1,2,1.222999999999999,0,0
0,0,48,1,1,1,2.0919999999999987,0,0
0,0,41,2,1,0,1.7460000000000022,0,0
0,0,49,3,1,0,2.581999999999997,0,0
0,0,37,4,1,0,1.375,0,0
0,0,23,2,1,1,1.2170000000000023,1,0
0,0,9,0,2,0,1.7489999999999988,0,0
0,0,18,1,1,0,0.0,0,0
0,0,66,6,1,2,2.4220000000000006,0,0
1,0,11,0,1,0,1.418999999999997,0,0
0,0,9,0,0,0,0.0,0,0
0,0,18,2,1,2,1.5380000000000038,0,0
0,0,11,0,4,0,0.0,1,0
0,0,23,1,1,2,1.804000000000002,0,0
0,0,8,0,1,1,0.0,0,0
0,0,41,2,1,1,2.532999999999994,0,0
0,0,30,1,1,1,0.0,0,0
0,0,44,2,1,0,1.3840000000000003,0,0
1,0,56,3,1,0,2.5770000000000053,2,0
1,0,22,2,1,1,1.8459999999999965,0,0
0,0,15,1,1,0,0.0,0,0
0,0,20,1,1,1,1.7850000000000037,0,0
0,0,51,3,1,1,4.343999999999994,1,0
0,0,59,4,1,3,4.589000000000006,1,0
0,0,67,3,1,5,3.705999999999996,1,0
0,0,23,1,1,0,1.4619999999999997,0,0
1,0,18,1,1,0,2.0380000000000003,0,0
0,0,51,2,1,1,2.3449999999999998,0,0
0,0,61,3,1,3,2.7279999999999998,0,0
1,0,55,4,1,1,4.433,2,0
0,0,14,0,1,0,1.1390000000000011,0,0
0,0,24,2,1,1,1.8759999999999994,0,0
0,0,68,5,1,3,10.879000000000001,1,0
0,0,40,2,1,2,4.087,0,0
1,0,57,5,1,1,3.3429999999999964,1,0
0,0,40,2,1,1,3.0060000000000002,0,0
1,0,20,2,1,0,1.365000000000002,0,0
0,0,11,0,1,0,1.6259999999999977,1,0
0,0,14,0,1,1,0.0,0,0
0,0,74,3,1,2,3.307000000000002,1,0
0,0,24,1,1,0,1.5350000000000037,1,0
0,0,9,0,1,0,0.0,0,0
0,0,41,4,1,1,1.7530000000000001,0,0
0,0,36,1,1,1,2.6699999999999946,0,0
0,0,37,1,1,0,2.6330000000000027,0,0
1,0,7,1,0,0,0.0,0,0
0,0,47,1,1,2,2.205999999999996,1,0
0,0,44,1,1,0,2.003,0,0
0,0,39,1,1,1,1.7090000000000032,0,0
0,0,46,5,1,1,2.3800000000000026,0,0
0,0,23,2,1,0,1.79,0,0
1,0,29,3,1,0,1.0410000000000004,1,0
0,0,56,1,1,3,1.9529999999999994,0,0
0,0,49,2,1,1,2.130000000000001,1,0
0,0,4,0,0,0,2.343,0,0
1,0,30,2,1,0,2.4220000000000006,1,0
0,0,12,0,1,0,0.9069999999999983,0,0
0,0,44,1,1,2,2.763,0,0
0,0,57,3,1,1,2.367000000000001,0,0
0,0,20,0,1,0,1.6679999999999993,0,0
1,0,30,1,1,1,1.468,1,0
1,0,19,0,1,0,1.493000000000002,0,0
0,0,15,2,2,0,3.8049999999999997,0,0
1,0,21,0,1,1,7.089999999999996,0,0
1,0,4,0,0,0,2.0350000000000037,0,0
0,0,52,2,1,1,4.802999999999997,0,0
0,0,10,0,1,0,1.0010000000000048,0,0
0,0,29,2,1,0,2.540999999999997,0,0
1,0,32,1,1,1,3.1700000000000017,0,0
0,0,23,1,1,1,4.466000000000001,1,0
0,0,49,5,1,3,6.2479999999999976,0,0
0,0,12,1,1,1,1.5889999999999986,0,0
0,0,10,1,1,0,1.506,0,0
0,0,13,0,2,0,1.8410000000000002,0,0
0,0,52,3,1,0,2.6549999999999994,0,0
1,0,46,4,1,0,2.2990000000000013,0,0
0,0,28,1,1,0,1.1739999999999995,0,0
0,0,52,1,1,2,3.1679999999999993,0,0
0,0,42,1,1,2,2.539999999999999,0,0
0,0,34,2,1,3,1.8440000000000012,1,0
1,0,38,1,1,1,3.955000000000002,0,0
0,0,29,3,1,1,2.5029999999999966,0,0
0,0,50,2,1,2,10.931000000000004,0,0
0,0,17,4,1,2,2.7889999999999944,0,0
0,0,20,0,1,2,3.5860000000000056,0,0
1,0,34,3,1,1,1.9249999999999972,1,0
1,0,31,2,1,2,3.3800000000000026,1,0
0,0,19,1,1,1,2.171999999999997,0,0
1,0,37,2,1,2,2.575000000000003,0,0
0,0,46,4,1,1,5.381999999999998,0,0
0,0,63,3,1,2,3.762999999999998,2,0
0,0,55,2,1,0,3.9939999999999998,1,0
0,0,23,0,1,2,2.1740000000000004,0,0
0,0,20,1,1,0,2.499999999999999,0,0
0,0,51,5,1,0,54.85,0,0
1,0,5,1,0,0,0.8280000000000003,0,0
0,0,51,1,1,0,1.6339999999999995,0,0
0,0,21,0,1,0,1.037,0,0
0,0,42,2,1,0,1.7919999999999998,0,0
0,0,5,0,0,0,1.3339999999999996,0,0
0,0,33,4,1,1,2.0450000000000017,0,0
0,0,41,3,1,0,2.132999999999999,0,0
0,0,63,2,1,1,3.747,0,0
0,0,25,3,1,0,2.5839999999999996,0,0
0,0,32,0,1,1,0.0,1,0
1,0,59,5,1,2,2.5060000000000002,0,0
0,0,27,2,1,1,1.713000000000001,0,0
1,0,38,2,1,0,3.3359999999999985,0,0
0,0,21,0,1,0,0.0,0,0
0,0,47,2,1,4,3.1300000000000026,1,0
0,0,52,6,1,2,2.5379999999999967,0,0
0,0,34,2,1,0,1.9650000000000034,0,0
0,0,51,2,1,2,1.8799999999999955,0,0
0,0,29,4,1,0,1.4969999999999999,1,0
1,0,17,1,1,0,1.1709999999999994,0,0
0,0,54,2,1,2,2.1580000000000013,0,0
0,0,50,3,1,0,4.7180000000000035,1,0
0,0,22,0,1,0,1.793999999999997,0,0
0,0,61,2,1,0,3.8830000000000027,1,0
0,0,31,2,1,0,3.664999999999999,0,0
1,0,6,0,0,0,10.261000000000003,0,0
0,0,10,1,1,0,1.2540000000000013,1,0
0,0,11,0,1,0,3.0489999999999995,0,0
0,0,4,0,0,0,10.213999999999999,0,0
0,0,4,0,0,0,0.0,0,0
1,0,17,1,1,1,1.0010000000000012,0,0
0,0,25,1,1,1,1.8709999999999987,1,0
0,0,31,2,1,0,1.6270000000000024,0,0
0,0,22,0,1,0,1.0969999999999978,0,0
0,0,23,2,1,0,1.7840000000000025,0,0
0,0,43,3,1,0,8.634999999999998,2,0
0,0,27,2,1,2,4.378999999999998,0,0
0,0,45,5,1,2,4.626000000000005,0,0
0,0,40,2,1,3,4.192,0,0
0,0,9,0,1,1,3.485999999999997,0,0
0,0,27,2,1,0,3.719000000000001,0,0
0,0,24,2,1,0,6.162000000000006,0,0
1,0,31,1,1,0,4.137,1,0
0,0,21,0,1,0,4.507,0,0
1,0,24,1,1,0,2.9650000000000016,0,0
0,0,21,1,1,0,1.3629999999999995,0,0
0,0,43,2,1,0,2.056000000000001,1,0
0,0,52,6,1,3,4.161999999999999,0,0
0,1,73,5,1,1,3.123000000000001,1,0
0,0,57,3,1,2,2.507999999999999,1,0
0,0,34,3,1,1,2.081999999999997,0,0
0,0,53,1,1,0,2.4179999999999993,0,0
0,0,10,0,1,1,8.220000000000006,0,0
0,1,36,1,1,1,5.8459999999999965,1,0
1,0,34,3,1,2,1.6659999999999968,2,0
0,0,60,5,1,0,2.399000000000001,0,0
0,0,32,1,1,0,36.223000000000006,0,0
0,0,23,0,2,0,30.697999999999997,0,0
1,0,49,2,1,1,4.287000000000006,0,0
0,0,22,0,1,0,1.137,0,0
1,0,19,2,2,0,3.539999999999999,0,0
0,0,27,0,1,1,0.0,0,0
0,0,57,4,1,3,2.7110000000000003,1,0
1,0,38,2,1,1,2.0010000000000012,0,0
0,0,19,2,1,0,0.0,0,0
0,0,68,4,1,2,3.331999999999999,2,0
0,0,45,3,1,1,5.007999999999999,1,0
0,0,13,0,1,0,1.0440000000000005,0,0
0,0,22,0,1,0,4.592000000000002,0,0
0,0,61,4,1,0,2.578999999999997,0,0
0,0,46,5,1,1,2.5859999999999985,1,0
0,0,26,2,1,2,1.7959999999999994,0,0
0,0,46,2,1,0,1.713000000000001,1,0
0,0,6,0,1,0,1.2000000000000028,0,0
0,0,41,2,1,1,2.5600000000000023,1,0
0,0,51,2,1,4,3.533999999999999,0,0
0,0,46,3,1,1,2.4649999999999963,1,0
0,0,27,3,1,1,2.453000000000003,0,0
0,0,33,1,1,2,2.458999999999996,0,0
0,0,23,0,1,0,5.8940000000000055,0,0
0,0,31,2,1,0,3.0829999999999984,0,0
0,0,26,2,1,1,1.838000000000001,0,0
0,0,11,1,1,0,1.577,0,0
0,0,57,4,1,1,2.466,1,0
0,0,31,3,1,1,1.7510000000000003,0,0
0,0,27,0,1,1,0.8710000000000004,0,0
0,0,47,3,1,1,2.096,0,0
0,0,10,1,10,0,3.1709999999999994,0,0
1,0,16,0,1,0,0.0,0,0
1,0,50,4,1,2,3.2439999999999998,2,0
0,0,39,1,1,2,3.0390000000000015,0,0
0,0,20,3,1,0,1.0489999999999995,0,0
0,0,26,2,1,0,2.1229999999999976,1,0
0,0,26,0,1,0,2.0470000000000006,0,0
0,0,25,0,1,0,3.1739999999999995,0,0
1,0,9,0,1,0,31.742000000000004,0,0
0,0,9,0,2,0,2.0379999999999967,0,0
0,0,10,0,7,0,2.8360000000000003,0,0
0,0,10,0,7,0,2.0090000000000003,0,0
0,0,9,0,1,0,2.9130000000000003,0,0
0,0,12,1,1,1,1.423,0,0
0,0,65,5,1,0,5.666999999999998,1,0
0,0,18,2,1,0,2.5060000000000002,1,0
0,0,16,1,1,0,2.996000000000002,0,0
0,0,32,1,1,0,2.2959999999999994,0,0
0,0,33,5,1,0,3.965,0,0
0,0,28,0,1,0,1.9220000000000006,1,0
0,0,43,2,1,2,2.625,0,0
0,0,37,1,1,1,2.5420000000000016,0,0
0,0,15,1,1,1,2.337999999999994,0,0
0,0,29,0,1,1,1.6240000000000023,0,0
0,0,61,4,1,0,2.6640000000000015,0,0
0,0,51,2,1,1,1.4299999999999997,0,0
0,0,24,1,1,0,1.338000000000001,1,0
0,0,40,4,1,1,3.113999999999997,0,0
1,0,41,1,1,0,4.132000000000005,0,0
0,0,42,1,1,0,1.8859999999999957,0,0
0,0,36,2,1,1,5.291000000000004,0,0
0,0,22,0,1,2,1.0419999999999945,0,0
1,0,26,1,1,0,3.25,0,0
0,0,13,0,1,0,1.3860000000000001,0,0
0,0,10,0,1,0,1.1669999999999998,0,0
1,0,20,0,1,0,1.1580000000000004,1,0
0,0,3,0,0,0,0.8370000000000006,0,0
1,0,37,1,1,1,2.004999999999999,1,0
0,0,35,0,1,1,2.9220000000000006,1,0
0,0,16,1,1,0,0.9189999999999987,0,0
0,0,14,1,1,0,1.1180000000000003,0,0
0,0,36,4,1,0,3.837999999999999,0,0
0,0,24,1,1,0,1.9250000000000007,0,0
1,0,11,1,1,0,1.4190000000000005,0,0
0,0,28,0,1,1,1.7079999999999984,0,0
0,0,27,2,1,0,1.1700000000000017,0,0
0,0,7,1,0,0,1.254999999999999,0,0
0,0,47,1,1,0,2.2439999999999998,0,0
1,0,61,4,1,0,2.1720000000000006,0,0
0,0,27,2,1,1,2.0390000000000015,1,0
1,0,14,1,2,0,2.665999999999997,0,0
1,0,10,0,1,0,2.3030000000000044,0,0
0,0,70,8,1,2,4.292999999999999,0,0
0,0,29,1,1,0,1.4209999999999994,0,0
0,0,11,0,4,0,1.3279999999999959,1,0
0,0,16,0,1,1,3.9720000000000013,0,0
0,0,28,2,1,1,3.0350000000000037,0,0
0,0,23,1,1,0,2.6739999999999995,0,0
0,0,55,5,1,2,3.6700000000000017,0,0
1,0,37,2,1,2,2.1299999999999955,0,0
0,0,22,3,1,0,1.4969999999999999,0,0
0,0,56,6,1,1,3.1720000000000006,0,0
0,0,39,1,1,3,1.96,0,0
0,0,33,0,1,1,2.04,0,0
0,0,40,1,1,1,1.8840000000000003,1,0
0,0,25,1,1,1,2.956999999999999,0,0
0,0,14,0,1,0,1.341000000000001,1,0
0,0,67,2,1,2,4.375,2,0
0,0,44,1,1,1,2.4589999999999996,0,0
0,0,46,4,1,1,3.0410000000000004,0,0
0,0,36,2,1,1,7.175999999999998,0,0
0,0,22,2,1,1,2.2150000000000034,0,0
0,0,34,2,1,2,1.9079999999999941,1,0
0,0,36,1,1,0,2.709000000000003,0,0
0,0,28,1,1,1,2.262999999999998,0,0
0,0,54,4,1,0,2.4200000000000017,0,0
0,0,16,2,1,0,2.2890000000000015,0,0
0,0,28,0,1,0,2.9979999999999976,0,0
0,0,17,1,1,0,2.426000000000002,0,0
0,0,36,2,1,1,3.7620000000000005,0,0
0,0,20,2,1,0,1.8350000000000009,0,0
0,0,23,2,1,0,0.0,0,0
1,0,40,3,1,0,2.4540000000000006,1,0
0,0,18,2,1,0,1.6809999999999974,0,0
0,0,21,0,1,0,0.0,0,0
0,0,39,2,1,2,2.078,0,0
0,0,16,2,1,0,2.7849999999999997,0,0
0,0,29,2,1,0,0.0,0,0
0,0,14,0,1,0,2.215,0,0
0,0,5,1,0,0,5.758000000000001,0,0
0,0,6,1,0,0,1.1180000000000003,0,0
0,0,8,0,1,1,2.2989999999999995,0,0
0,0,28,0,1,1,21.528,4,0
0,0,10,1,10,0,7.003,0,0
0,0,40,3,1,2,2.7890000000000015,0,0
0,0,17,1,1,0,1.043999999999997,1,0
0,0,26,1,1,2,7.803000000000004,0,0
0,0,15,0,1,1,1.668999999999997,0,0
0,0,53,1,1,1,5.128000000000007,1,0
0,0,30,0,1,1,1.5010000000000003,0,0
0,0,6,0,0,0,0.0,0,0
0,0,58,1,1,1,3.2110000000000003,1,0
0,0,59,3,1,3,2.4619999999999997,0,0
0,0,25,2,1,0,1.9109999999999996,0,0
0,0,20,1,1,0,2.0980000000000008,0,0
0,0,25,0,1,2,0.0,0,0
0,0,16,0,1,1,1.0359999999999996,0,0
0,0,67,4,1,2,3.0519999999999996,1,0
0,0,18,0,1,0,1.615000000000002,1,0
0,0,21,1,1,0,2.006999999999998,0,0
0,0,11,0,2,0,1.8719999999999999,0,0
0,0,8,0,0,1,17.692999999999998,0,0
0,0,22,2,1,0,3.828000000000003,0,0
0,0,28,1,1,2,4.017000000000003,1,0
0,0,8,0,0,1,0.9939999999999998,0,0
1,0,19,2,1,0,1.1209999999999951,0,0
0,0,5,0,0,1,0.8359999999999985,0,0
0,0,20,0,1,2,3.254000000000005,1,0
0,0,33,2,1,2,3.3059999999999974,0,0
0,0,71,6,1,0,3.8230000000000004,0,0
0,0,43,1,1,0,2.3069999999999995,0,0
0,0,61,4,1,4,3.1639999999999997,1,0
0,0,60,2,1,0,2.960000000000001,0,0
0,0,25,2,1,2,2.0410000000000004,0,0
0,0,31,0,1,1,4.844000000000001,1,0
0,0,43,4,1,3,3.4579999999999984,0,0
0,0,48,3,1,4,3.6679999999999993,1,0
0,0,47,3,1,3,3.214000000000002,0,0
0,0,32,5,1,3,2.3719999999999963,0,0
0,0,44,2,1,2,3.8800000000000026,1,0
0,0,32,2,1,2,1.5859999999999985,0,0
0,0,18,1,1,1,2.5050000000000026,0,0
0,0,32,1,1,0,2.2920000000000016,0,0
0,0,25,1,1,0,6.2209999999999965,0,0
0,0,17,1,1,1,3.3659999999999997,0,0
0,0,27,1,1,0,3.6700000000000017,1,0
0,0,37,4,1,0,4.509999999999998,1,0
0,0,45,1,1,0,4.134,0,0
0,0,29,3,1,0,2.0,0,0
0,0,50,3,1,4,2.9219999999999997,2,0
0,0,9,0,0,1,0.7100000000000009,0,0
0,0,32,1,1,0,2.747,0,0
0,0,17,0,1,1,4.846,0,0
0,0,23,3,1,0,4.300000000000001,0,0
0,0,40,5,1,1,5.450999999999997,0,0
1,0,13,0,1,0,47.348,0,0
1,0,14,1,1,0,0.0,0,0
0,0,10,0,7,0,2.8759999999999994,0,0
0,0,20,1,1,0,3.4990000000000023,0,0
0,0,18,2,1,0,3.344999999999999,0,0
1,0,25,2,1,0,3.8230000000000004,0,0
0,0,8,0,0,0,0.0,0,0
0,0,18,0,1,0,2.7590000000000003,1,0
0,0,17,1,1,0,2.041999999999998,0,0
0,0,44,2,1,1,6.552,0,0
0,0,33,2,1,0,3.5720000000000027,0,0
0,0,30,0,1,0,2.888999999999996,0,0
0,0,14,1,1,1,2.6260000000000048,0,0
0,0,6,0,0,0,0.0,0,0
0,0,12,1,1,0,1.5459999999999994,0,0
0,0,15,0,1,1,2.9140000000000015,0,0
0,0,27,2,1,4,3.1739999999999995,0,0
0,0,35,2,1,2,1.7949999999999946,0,0
0,0,72,0,1,2,3.926000000000002,1,0
0,0,81,4,1,3,3.1670000000000003,2,0
0,0,50,2,1,0,2.58,0,0
0,0,9,0,0,1,2.1319999999999997,0,0
0,0,13,1,1,0,5.048,0,0
0,0,27,2,1,0,3.795,0,0
0,0,31,0,1,1,2.960000000000001,0,0
0,0,6,1,0,0,24.36,0,0
0,0,34,1,1,1,3.1300000000000026,1,0
0,0,23,0,1,1,1.6679999999999993,1,0
0,0,9,0,1,1,0.0,0,0
0,0,69,5,1,1,5.293999999999997,1,0
0,0,53,2,1,2,3.831000000000003,1,0
0,0,13,0,2,0,4.015999999999998,0,1
0,0,56,4,1,0,3.535,0,0
0,0,41,3,1,0,2.635,0,0
0,0,18,1,1,0,1.6280000000000001,0,0
1,0,29,0,1,0,2.077,1,0
0,0,23,0,2,0,3.1350000000000016,0,0
0,0,20,2,1,0,2.203999999999997,0,0
0,0,24,1,1,0,1.9649999999999999,0,0
0,0,17,2,1,0,2.25,0,0
0,0,24,3,1,0,1.7119999999999997,0,0
0,0,49,3,1,2,2.3800000000000026,2,0
0,0,47,1,1,0,3.0380000000000003,1,0
0,0,70,3,1,1,4.964000000000002,1,0
0,0,45,2,1,0,1.9239999999999995,1,0
0,1,67,2,1,0,3.0379999999999967,1,0
0,0,31,3,1,0,1.7550000000000026,0,0
0,0,39,3,1,1,3.421999999999997,0,0
0,0,56,5,1,1,3.210000000000001,1,0
0,0,36,4,1,0,2.6240000000000023,0,0
0,0,28,1,1,0,1.6749999999999972,0,0
0,0,31,1,1,0,2.588000000000001,0,0
0,0,16,1,1,0,0.0,0,0
0,0,60,5,1,0,4.456000000000003,0,0
0,0,19,1,1,0,1.213,0,0
0,0,36,6,1,0,2.875,0,0
0,0,35,2,1,1,2.1260000000000003,0,0
0,0,29,1,1,0,2.8019999999999996,1,0
1,0,38,4,1,0,2.0779999999999994,0,0
0,0,43,7,1,2,2.083,0,0
0,0,34,2,1,1,4.173000000000002,0,0
0,0,28,2,1,1,1.6340000000000003,0,0
0,0,23,2,1,0,2.3629999999999995,0,0
0,0,47,7,1,0,2.5909999999999975,0,0
0,0,26,2,1,2,2.046000000000003,0,0
0,0,33,3,1,1,2.5429999999999993,0,0
0,0,30,1,1,0,2.003999999999998,0,0
0,0,39,2,1,1,2.3820000000000014,0,0
0,0,47,2,1,1,4.542000000000002,1,0
0,0,26,2,1,1,1.8719999999999999,0,0
0,0,35,3,1,2,2.256999999999998,1,0
0,0,43,3,1,1,2.9620000000000033,0,0
0,0,17,1,1,1,1.4599999999999937,0,0
0,0,34,3,1,0,2.278000000000006,0,0
0,0,20,3,1,0,2.4369999999999976,0,0
0,0,64,6,1,1,4.378,0,0
0,0,37,1,1,0,1.6610000000000014,0,0
0,0,19,1,1,0,1.338000000000001,0,0
1,0,36,4,1,1,4.709999999999994,0,0
0,0,28,0,1,1,3.3,0,0
1,0,22,1,1,0,2.003000000000001,0,0
0,0,56,3,1,1,3.1319999999999997,1,0
1,0,40,2,1,0,2.708,1,0
0,0,16,0,1,0,5.844000000000001,1,0
0,0,39,0,1,0,3.4929999999999986,0,0
0,0,72,4,1,1,4.5169999999999995,0,0
0,0,34,1,1,2,1.9939999999999998,1,0
0,0,43,2,1,1,2.541999999999998,0,0
0,0,49,2,1,0,4.3430000000000035,0,0
0,0,11,0,2,0,3.5829999999999984,0,0
0,0,10,0,1,0,2.5090000000000003,0,0
0,0,5,0,0,0,5.749000000000002,0,0
0,0,33,2,1,1,7.753,0,0
1,0,17,2,1,0,2.2179999999999964,0,0
0,0,27,3,1,0,1.5900000000000034,0,0
0,0,34,0,1,0,1.535,1,0
0,0,39,1,1,2,1.214,0,0
0,0,28,1,1,0,1.1600000000000001,0,0
0,0,47,1,1,1,4.505,2,0
0,0,21,0,1,0,1.6760000000000002,0,0
0,0,49,4,1,3,2.9990000000000006,0,0
0,0,27,2,1,1,1.9529999999999994,0,0
1,0,11,1,2,0,1.9229999999999983,0,0
0,0,32,1,1,0,6.010000000000002,0,0
0,0,56,5,1,1,7.712,1,0
0,0,33,2,1,3,2.2560000000000002,0,0
0,0,70,7,1,0,4.631999999999998,0,0
0,0,12,2,1,0,1.375,0,0
1,0,11,1,1,0,1.2110000000000056,0,0
0,0,29,1,1,1,5.586999999999996,1,0
1,0,27,3,1,0,2.3320000000000007,0,0
0,0,71,5,1,1,6.170999999999999,0,0
0,0,50,2,1,0,2.3470000000000013,0,0
0,0,39,1,1,0,1.5360000000000014,0,0
0,0,36,1,1,1,2.4229999999999947,1,0
0,0,43,4,1,0,2.5789999999999997,0,0
1,0,45,1,1,0,1.166,0,0
0,0,21,1,1,0,0.8879999999999999,0,0
0,0,32,1,1,0,2.0330000000000004,0,0
0,0,61,6,1,2,3.595999999999999,0,0
0,0,58,3,1,1,3.167,0,0
1,0,5,0,0,0,1.120000000000001,0,0
1,0,18,2,1,0,4.175999999999998,0,0
0,0,17,1,1,0,0.0,0,0
0,0,26,0,1,0,10.879000000000001,1,0
1,0,22,2,1,0,1.7579999999999991,0,0
0,0,26,0,1,0,2.2590000000000003,0,0
0,0,31,2,1,0,2.5350000000000037,0,0
0,0,7,0,0,0,0.0,0,0
0,0,40,3,1,3,2.6340000000000003,1,0
0,0,54,4,1,1,3.7079999999999984,3,0
0,0,21,1,1,1,2.0390000000000015,0,0
0,0,61,3,1,1,2.465999999999994,0,0
0,0,44,2,1,3,3.7120000000000033,1,0
0,0,34,1,1,0,6.045999999999999,0,0
0,0,38,3,1,0,5.090000000000003,1,0
0,0,5,0,1,0,2.8810000000000002,0,0
0,0,36,1,1,1,5.333,0,0
0,0,29,1,1,1,5.552000000000001,0,0
0,0,29,0,1,0,8.052999999999997,0,0
0,0,31,0,1,0,2.6159999999999997,0,0
0,0,32,3,1,0,5.801000000000002,0,0
0,0,38,1,1,0,9.363,0,0
0,0,51,1,1,0,1.7340000000000018,0,0
0,0,52,3,1,1,2.790999999999997,1,0
1,0,5,1,0,0,2.4209999999999994,0,0
0,0,26,0,1,0,3.6330000000000027,0,0
0,0,42,3,1,0,2.168999999999997,1,0
0,0,32,1,1,1,2.328000000000003,0,0
0,0,36,2,1,0,2.0060000000000002,1,0
0,0,41,4,1,1,2.161999999999999,1,0
0,0,24,0,1,0,2.429,0,0
1,0,16,0,1,0,6.912000000000001,0,0
0,0,42,2,1,0,2.1709999999999994,0,0
1,0,49,4,1,0,1.8379999999999992,1,0
1,0,47,7,1,3,2.546000000000001,3,0
0,0,3,0,0,0,1.6729999999999983,0,0
1,0,15,0,1,0,3.3689999999999998,0,0
0,0,34,1,1,0,0.0,0,0
0,0,55,3,1,0,3.465,0,0
1,0,32,1,1,0,3.306000000000001,0,0
0,0,28,2,1,0,2.033999999999999,0,0
0,0,14,0,1,1,0.0,0,0
0,0,28,0,1,1,1.174000000000003,1,0
1,0,41,5,1,1,3.040999999999997,0,0
0,0,5,0,0,0,1.9609999999999985,0,0
0,0,63,3,1,3,4.511000000000003,0,0
0,0,18,2,1,0,3.128999999999998,1,0
1,0,30,3,1,1,3.243000000000002,0,0
0,0,23,2,1,0,2.634999999999998,1,0
0,0,46,4,1,0,4.283000000000001,1,0
1,0,30,1,1,0,2.0590000000000046,1,0
0,0,27,1,1,2,1.6539999999999964,1,0
0,0,15,0,1,0,0.0,0,0
0,0,20,0,1,1,1.1280000000000001,0,0
0,0,23,1,1,0,4.054,0,0
0,1,31,1,1,0,2.5440000000000005,1,0
1,0,28,3,1,2,3.045,0,0
0,0,5,0,0,0,1.0779999999999994,0,0
0,0,23,2,1,0,3.426,0,0
0,0,41,2,1,1,2.2490000000000006,1,0
0,0,35,1,1,2,2.1720000000000006,0,0
0,0,23,0,1,2,7.9239999999999995,0,0
0,0,44,3,1,1,2.3689999999999998,1,0
0,0,13,1,1,0,1.097999999999999,1,0
0,0,22,1,1,1,10.257000000000001,0,0
1,0,43,4,1,1,3.8290000000000006,1,0
0,0,60,2,1,1,2.7959999999999994,1,0
1,1,54,2,1,0,2.7139999999999986,1,0
0,0,13,1,1,1,0.8810000000000002,0,0
0,0,35,1,1,1,1.1559999999999988,0,0
0,0,50,1,1,4,2.6679999999999993,1,0
0,0,30,2,1,1,2.2590000000000003,2,0
0,0,48,1,1,0,1.661999999999999,0,0
0,0,24,2,1,0,1.2590000000000003,0,0
1,0,19,2,1,0,1.3710000000000022,0,0
1,0,5,0,0,0,0.0,0,0
1,0,12,0,1,1,14.811,0,0
0,0,12,0,1,0,1.8320000000000007,0,0
1,0,59,3,1,4,5.927,0,0
0,0,40,2,1,2,2.5809999999999995,1,0
0,0,24,1,1,1,1.6750000000000007,0,0
0,0,21,1,1,2,2.1679999999999993,0,0
1,0,17,0,1,0,3.7509999999999977,0,0
1,0,27,0,1,1,1.5519999999999996,1,0
0,0,42,1,1,3,2.494000000000007,0,0
0,0,52,0,1,4,2.961999999999996,1,0
0,0,51,6,1,2,4.494999999999997,0,0
0,0,30,1,1,1,1.9209999999999994,0,0
0,0,27,2,1,0,3.5990000000000038,0,0
0,0,41,4,1,0,3.6679999999999993,0,0
0,0,8,0,1,1,-3540,0,0
0,0,10,1,10,0,7.218,0,0
0,0,28,2,1,0,12.801,0,0
1,0,36,2,1,1,64.64599999999999,0,0
0,0,4,0,0,0,4.013999999999999,0,0
1,0,13,1,1,0,2.7940000000000005,0,0
1,0,13,0,1,0,0.0,0,0
0,0,5,1,0,0,1.2899999999999991,0,0
0,0,9,0,1,0,1.9130000000000038,0,0
1,0,20,2,1,0,3.0519999999999996,0,0
0,0,25,0,1,1,2.2109999999999985,1,0
0,0,46,4,1,1,3.25,0,0
0,0,20,1,1,0,7.506999999999998,0,0
1,0,41,3,1,0,17.813999999999993,1,0
0,0,35,0,1,0,2.040000000000001,0,0
0,0,10,1,1,1,2.1319999999999997,0,0
0,0,27,1,1,1,5.0,1,0
0,0,21,0,1,0,59.766000000000005,0,0
0,0,20,0,1,0,2.4259999999999984,1,0
0,0,16,0,1,1,1.9190000000000005,0,0
0,0,21,0,1,0,1.6679999999999993,0,0
0,0,29,2,1,0,2.6260000000000012,0,0
0,0,13,1,1,0,3.0470000000000006,0,0
0,0,63,2,1,2,2.9979999999999976,2,0
1,0,21,2,1,2,2.3430000000000035,0,0
1,0,38,0,1,0,4.245999999999995,0,0
0,0,61,1,1,2,3.6340000000000003,0,0
0,0,13,2,1,0,1.5870000000000033,0,0
0,0,30,3,1,2,2.165999999999997,0,0
0,0,10,0,1,1,18.68,0,0
0,0,14,1,1,0,0.9250000000000007,0,0
0,0,11,0,1,0,22.054000000000002,0,0
0,0,11,0,1,0,2.1370000000000005,0,0
0,0,7,1,0,1,10.001999999999999,0,0
0,0,18,0,1,0,120,0,1
0,0,50,3,1,2,12.345000000000002,1,0
0,0,61,3,1,0,5.126999999999995,0,0
0,0,29,3,1,0,1.206000000000003,0,0
0,0,18,2,1,1,1.756999999999998,1,0
0,0,20,1,1,0,2.514000000000003,0,0
1,0,18,1,2,0,1.5319999999999965,0,0
1,0,18,3,1,1,1.3340000000000032,0,0
0,0,49,1,1,0,3.583999999999996,1,0
1,0,18,1,2,0,1.007000000000005,0,0
1,0,31,2,1,2,2.9609999999999985,0,0
0,0,34,3,1,3,4.628999999999998,0,0
0,0,26,2,1,0,1.9620000000000002,0,0
0,0,45,1,1,0,1.4599999999999995,1,0
0,0,30,0,1,1,2.380000000000001,0,0
1,0,38,4,1,0,2.4179999999999993,0,0
0,0,32,2,1,2,5.245000000000001,1,0
0,0,10,1,1,1,2.883000000000001,0,0
0,0,18,0,1,1,1.8839999999999968,0,0
0,0,11,1,1,0,2.461000000000002,0,0
0,0,41,2,1,1,4.239999999999998,1,0
0,0,38,0,1,0,3.1310000000000002,0,0
0,0,19,0,1,1,1.6780000000000008,0,0
0,0,14,1,1,1,2.2470000000000034,0,0
0,0,11,0,4,0,2.8799999999999955,1,0
0,0,20,1,1,1,2.2450000000000045,0,0
0,0,25,2,1,1,1.847999999999999,0,0
0,0,17,0,1,0,3.790999999999997,0,0
0,0,18,1,1,1,3.6229999999999976,0,0
0,0,39,4,1,2,3.8030000000000044,1,0
0,0,18,0,1,1,2.039999999999999,0,0
0,0,12,1,1,1,1.8789999999999978,0,0
0,0,61,7,1,1,4.090000000000003,0,0
0,0,6,0,0,0,1.4570000000000007,0,0
0,0,14,1,1,0,2.336,0,0
0,0,34,1,1,1,3.957,0,0
1,0,35,3,1,0,1.7650000000000006,0,0
0,0,18,0,1,0,3.786999999999999,0,0
0,0,24,2,1,1,3.1690000000000023,0,0
0,0,60,1,1,1,5.587999999999997,1,0
0,0,22,1,1,1,1.2520000000000024,0,0
0,0,29,1,1,0,1.7109999999999985,0,0
0,0,19,0,1,1,2.2920000000000016,0,0
0,0,44,3,1,1,2.581999999999997,0,0
0,0,43,1,1,0,1.8860000000000028,0,0
0,0,36,3,1,1,1.4370000000000012,0,0
0,0,14,0,1,0,1.1779999999999973,0,0
0,0,71,5,1,2,4.469999999999999,0,0
0,0,22,2,1,0,1.5420000000000016,0,0
0,0,39,2,1,2,2.594000000000001,2,0
0,0,50,2,1,0,2.8260000000000005,0,0
0,0,56,3,1,2,4.875999999999998,1,0
1,0,43,4,1,2,2.8100000000000023,0,0
0,0,27,1,1,1,1.1149999999999949,1,0
0,0,29,3,1,0,6.379000000000005,0,0
0,0,12,0,1,0,2.805,0,0
0,0,25,1,1,0,3.531,0,0
0,0,25,0,1,0,3.8859999999999992,1,0
0,0,10,1,1,1,3.971,0,0
0,0,9,1,1,1,3.2070000000000007,0,0
0,0,12,0,1,1,3.585000000000001,0,0
0,0,30,2,1,0,2.6229999999999976,0,0
0,0,40,3,1,1,3.0070000000000014,0,0
0,0,38,2,1,1,4.879000000000001,0,0
0,0,51,4,1,0,3.2959999999999994,0,0
1,0,37,1,1,0,2.631999999999998,0,0
1,0,51,4,1,0,2.996000000000002,0,0
0,0,25,1,1,0,2.7560000000000002,1,0
0,0,69,8,1,3,4.131999999999998,0,0
0,0,26,0,1,0,2.919000000000004,1,0
0,0,24,3,1,0,2.3319999999999936,0,0
0,0,39,3,1,0,5.1370000000000005,0,0
0,0,15,0,1,0,2.0320000000000036,0,0
1,0,34,1,1,0,1.798,0,0
0,0,32,1,1,1,4.042,1,0
0,0,36,1,1,1,1.8869999999999996,0,0
0,0,62,3,1,1,3.247,0,0
0,0,35,2,1,1,1.923,0,0
0,0,39,2,1,3,4.0390000000000015,2,0
0,0,50,1,1,2,3.9659999999999975,1,0
0,0,25,2,1,0,3.046000000000003,1,0
1,0,46,2,1,0,2.8810000000000002,0,0
0,0,51,5,1,2,15.055,1,0
0,0,18,0,1,0,1.408999999999999,0,0
0,0,56,3,1,0,2.128,1,0
0,0,40,2,1,2,2.057000000000002,1,0
0,0,70,4,1,2,4.954000000000001,0,0
0,0,28,0,1,0,9.266999999999996,1,0
1,0,17,0,1,0,52.964,1,0
0,0,39,1,1,0,6.459000000000003,1,0
0,0,19,0,1,0,1.717,0,0
0,0,17,0,1,0,2.4170000000000003,0,0
0,0,58,2,1,0,3.1659999999999995,1,0
1,0,66,4,1,1,2.7560000000000002,1,0
0,0,28,1,1,0,1.8729999999999993,0,0
0,0,27,1,1,1,2.6769999999999996,0,0
0,0,5,1,0,0,2.588000000000001,0,0
0,0,42,3,1,0,3.367000000000001,0,0
0,0,22,1,1,0,2.5500000000000007,0,0
0,0,46,3,1,1,3.7109999999999985,0,0
0,0,43,1,1,1,17.307,1,0
0,0,14,1,1,1,1.6360000000000028,0,0
0,0,28,2,1,1,2.496000000000002,0,0
0,0,17,1,1,0,1.8829999999999956,0,0
0,0,41,3,1,1,1.9969999999999999,0,0
0,0,68,4,1,1,4.712000000000003,0,0
0,0,14,0,1,1,1.8449999999999989,0,0
0,0,21,2,1,0,1.493,0,0
0,0,12,1,1,0,1.7529999999999997,0,0
1,0,30,3,1,0,2.67,0,0
0,0,8,1,0,1,1.625,0,0
0,0,58,5,1,2,6.672000000000001,1,0
0,0,19,0,1,1,1.9219999999999988,0,0
0,0,20,0,1,0,1.0790000000000006,0,0
0,0,24,0,1,2,2.253,0,0
0,0,62,4,1,1,4.254000000000001,0,0
0,0,55,2,1,1,7.177999999999997,0,0
0,0,15,0,1,1,2.2020000000000017,0,0
0,0,5,0,1,0,1.8019999999999996,0,0
0,0,31,0,1,1,3.460000000000001,0,0
1,0,22,3,1,0,18.43,0,0
0,0,13,1,1,0,2.3870000000000005,0,0
0,0,11,0,3,0,5.008999999999993,0,0
1,0,10,0,1,0,54.589,1,0
0,0,16,1,1,0,13.386000000000003,1,0
1,0,6,0,0,1,4.879000000000001,0,0
0,0,5,0,0,0,1.6310000000000002,0,0
0,0,23,2,1,1,1.7489999999999988,0,0
0,0,69,1,1,3,3.4619999999999997,2,0
0,0,12,0,1,0,1.4220000000000006,0,0
0,0,21,0,1,1,8.718,0,0
0,0,21,0,1,0,9.252000000000002,0,0
1,0,40,2,1,0,3.3429999999999964,0,0
0,0,39,4,1,0,7.006999999999998,1,0
0,0,59,5,1,0,4.340000000000003,0,0
0,0,24,3,1,0,2.4549999999999983,0,0
0,0,14,0,1,2,5.793,0,0
0,0,60,4,1,1,9.143999999999998,0,0
0,0,28,0,1,0,2.246000000000002,0,0
0,0,25,0,1,2,1.381999999999998,0,0
1,0,20,2,1,0,1.5760000000000005,0,0
0,0,22,2,1,0,0.0,0,0
0,0,25,0,1,0,1.2149999999999999,0,0
0,0,62,6,1,3,2.379999999999999,2,0
0,0,63,2,1,1,3.2870000000000026,1,0
0,0,30,1,1,1,1.504999999999999,0,0
1,0,32,2,1,1,2.0799999999999983,0,0
0,0,44,3,1,0,1.8469999999999978,0,0
0,0,46,2,1,0,2.9990000000000023,1,0
0,0,46,4,1,1,2.5390000000000015,0,0
0,0,24,3,1,1,1.384999999999998,0,0
0,0,27,1,1,0,1.8760000000000048,0,0
0,0,63,0,1,2,5.035999999999994,1,0
0,0,43,3,1,2,3.976000000000006,1,0
0,0,11,0,2,0,1.4439999999999955,0,0
0,0,36,3,1,1,2.6300000000000026,0,0
0,0,31,2,1,2,2.1370000000000005,0,0
1,0,32,2,1,1,1.1269999999999953,1,0
0,0,40,2,1,0,1.6370000000000005,0,0
0,0,28,3,1,0,1.576,0,0
0,0,32,1,1,2,1.5749999999999997,0,0
0,0,62,5,1,3,4.175000000000001,2,0
0,0,24,4,1,0,1.0909999999999993,0,0
0,0,24,0,1,1,4.457000000000001,0,0
0,0,14,0,1,0,1.5920000000000005,1,0
0,0,24,1,1,0,4.039,0,0
0,0,31,5,1,0,1.129999999999999,0,0
0,0,45,0,1,1,2.3260000000000005,1,0
0,0,26,2,1,0,1.9250000000000007,1,0
0,0,56,4,1,3,3.2439999999999998,1,0
0,0,44,1,1,1,1.7680000000000007,1,0
0,0,38,3,1,0,1.0719999999999992,0,0
0,0,8,0,1,0,2.2099999999999973,0,0
1,0,19,2,2,0,33.03600000000001,0,0
0,0,15,0,1,1,3.5089999999999995,0,0
0,0,10,0,1,0,0.7060000000000013,0,0
0,0,24,1,1,1,2.7929999999999993,0,0
1,0,38,1,1,0,15.309,1,0
0,0,18,1,1,0,4.173000000000002,1,0
0,0,17,0,1,0,1.536999999999999,0,0
0,0,29,0,1,1,3.5930000000000035,1,0
0,0,37,2,1,1,4.248999999999995,1,0
0,0,27,1,1,0,2.201999999999998,0,0
0,0,5,1,0,0,11.061,0,0
0,0,42,3,1,0,3.8320000000000007,0,0
0,0,9,1,1,0,1.4179999999999993,0,0
0,0,43,4,1,2,4.138000000000005,1,0
0,0,28,1,1,1,2.1629999999999994,0,0
1,0,5,0,0,0,1.1750000000000007,0,0
1,0,16,2,1,1,7.838,0,0
1,0,6,0,0,1,0.8709999999999987,0,0
0,0,21,1,1,0,6.176000000000002,0,0
0,1,47,1,1,0,3.131999999999998,1,0
1,0,52,2,1,1,3.625,2,0
0,0,16,2,1,1,4.508000000000003,0,0
1,0,66,5,1,2,3.0889999999999986,0,0
0,0,33,4,1,2,1.7460000000000022,0,0
1,0,10,1,0,1,1.546999999999997,0,0
0,0,52,3,1,1,2.878,0,0
0,0,63,6,1,0,3.038000000000004,0,0
0,0,47,2,1,0,3.803999999999995,0,0
0,0,27,1,1,0,3.033999999999999,1,0
0,0,40,3,1,0,4.338000000000001,0,0
0,0,5,0,0,0,3.3400000000000034,0,0
0,0,22,3,1,0,5.593,0,0
0,0,46,2,1,1,3.9190000000000005,1,0
0,0,34,2,1,0,2.2110000000000003,0,0
0,0,40,1,1,0,2.5,0,0
0,0,26,0,1,0,1.2929999999999993,0,0
0,0,55,5,1,2,3.0130000000000017,0,0
0,0,65,1,1,2,3.572999999999997,0,0
0,0,55,7,1,3,4.727,0,0
0,0,12,1,0,1,2.950000000000003,0,0
0,0,26,0,1,0,5.504000000000001,0,0
0,0,17,0,1,0,2.094999999999999,0,0
0,0,17,1,1,0,4.128,0,0
1,0,11,1,2,0,4.128,0,0
0,0,13,0,1,0,0.0,0,0
0,0,8,0,2,0,1.4579999999999984,0,0
0,0,37,1,1,1,2.039999999999999,0,0
0,0,8,0,2,0,1.7539999999999978,0,0
0,0,19,0,1,0,14.214000000000006,0,0
0,0,19,0,1,0,1.0899999999999999,0,0
0,0,34,2,1,2,3.2540000000000004,0,0
0,0,30,2,1,1,1.5539999999999985,0,0
0,0,16,0,1,1,1.8630000000000013,1,0
0,0,20,2,1,0,1.25,0,0
0,0,24,3,1,1,1.6280000000000001,0,0
0,0,13,0,1,1,2.1369999999999987,0,0
0,0,51,5,1,0,1.8670000000000009,0,0
0,0,31,3,1,0,2.7570000000000014,0,0
0,0,45,3,1,0,4.837999999999997,0,0
0,0,29,2,1,0,2.4120000000000026,0,0
1,0,17,0,1,0,1.9199999999999982,0,0
0,0,25,1,1,0,4.263000000000002,0,0
0,0,35,0,1,0,1.8290000000000006,0,0
0,0,60,1,1,0,3.716000000000001,0,0
0,0,33,2,1,1,3.5019999999999953,0,0
1,0,43,3,1,0,7.005000000000003,0,0
1,0,57,2,1,1,3.7950000000000017,0,0
0,0,21,2,1,0,2.8859999999999957,1,0
0,0,39,2,1,1,3.4570000000000007,1,0
1,0,29,1,1,0,1.5419999999999998,0,0
0,0,17,0,1,0,1.4569999999999999,1,0
0,0,73,5,1,2,3.516,1,0
0,0,26,3,1,0,1.0739999999999998,0,0
0,0,16,3,1,0,2.293000000000001,0,0
0,0,23,1,1,0,5.053000000000001,1,0
0,0,67,5,1,1,28.394,0,0
0,0,23,4,1,0,1.7079999999999984,0,0
0,0,22,0,1,1,1.6300000000000026,0,0
0,0,29,0,1,0,3.9269999999999996,1,0
0,0,47,3,1,0,2.551000000000002,0,0
0,0,15,3,1,0,2.4179999999999993,0,0
0,0,60,6,1,1,3.9549999999999983,0,0
0,0,24,3,1,0,1.2920000000000003,0,0
0,0,25,2,1,2,11.677,0,0
0,0,30,1,1,0,4.0920000000000005,1,0
0,0,27,0,1,0,2.539999999999999,0,0
0,0,23,0,1,0,2.5040000000000013,0,0
0,0,40,1,1,1,6.628,0,0
0,0,32,1,1,1,4.546000000000003,0,0
0,0,23,0,1,1,3.846999999999994,1,0
0,0,15,1,1,1,5.167999999999999,0,0
0,0,29,1,1,0,4.803000000000004,0,0
1,0,6,0,0,0,1.533999999999999,0,0
0,0,24,1,1,1,4.420000000000002,0,0
1,0,4,0,0,0,4.2109999999999985,0,0
1,0,4,0,0,0,3.2109999999999985,0,0
0,0,23,2,1,0,5.427999999999999,0,0
1,0,12,0,1,1,3.3290000000000006,0,0
1,0,13,0,1,0,2.382999999999999,0,0
0,0,10,1,10,0,0.0,0,0
1,0,24,2,2,0,7.167000000000002,0,0
1,0,22,1,2,0,5.0539999999999985,0,0
1,0,34,3,2,0,4.591000000000001,0,0
1,0,18,1,1,0,3.6720000000000006,0,0
