1,0,58,2,1,0,56,2,0
0,0,75,1,1,3,4.506,0,0
0,0,67,3,1,5,3.867,2,0
0,0,49,3,1,2,2.835,2,0
0,0,41,1,1,4,3.007999999999999,0,0
0,0,31,0,1,1,2.9000000000000004,2,0
0,0,27,0,1,1,2.8660000000000014,2,0
1,0,14,1,1,0,5.413999999999998,0,0
0,0,11,0,1,0,0.0,1,0
0,0,49,3,1,2,3.5360000000000014,0,0
1,0,34,2,1,2,3.030000000000001,1,0
1,0,51,3,1,1,3.702999999999996,2,0
0,0,11,0,1,0,2.0060000000000002,1,0
1,0,28,3,1,2,2.5320000000000036,0,0
0,0,21,0,1,1,2.665999999999997,0,0
0,0,5,1,0,0,0.0,0,0
0,0,29,3,1,2,4.812000000000005,1,0
0,0,25,1,1,0,0.0,1,0
1,0,72,4,1,4,5.439,0,0
0,0,20,0,1,1,5.006999999999998,0,0
1,0,29,0,1,1,2.0970000000000013,1,0
0,0,8,0,2,0,5.302,0,0
0,0,29,0,1,1,0.0,1,0
1,0,18,0,1,0,2.6750000000000003,0,0
1,0,26,0,1,1,3.468,1,0
1,0,9,1,1,0,2.2379999999999995,0,0
1,0,12,1,1,0,2.801,0,0
1,0,22,2,1,1,1.8729999999999993,0,0
0,0,7,0,0,0,16.015,0,0
0,0,17,0,1,0,0.0,1,0
1,0,16,1,2,0,4.7379999999999995,0,0
1,0,19,2,2,0,0.0,0,1
0,0,23,1,1,0,3.1400000000000006,0,0
0,0,34,0,1,0,0.0,1,0
0,0,26,0,1,1,1.6909999999999954,2,0
0,0,12,0,1,1,52.297000000000004,1,0
0,0,17,1,4,0,37.06999999999999,0,0
0,0,10,0,1,1,31.628,0,0
0,0,32,4,1,1,5.969000000000001,1,0
0,0,21,1,1,0,2.675999999999995,0,0
1,0,44,1,1,0,4.239000000000004,1,0
1,0,73,1,1,4,4.126999999999995,0,0
0,0,42,2,1,1,2.375,0,0
1,0,42,1,1,0,3.574,0,0
0,0,60,3,1,0,4.002999999999999,0,0
1,0,58,1,1,1,2.8320000000000007,0,0
0,0,50,0,1,1,2.8360000000000003,1,0
0,0,31,2,1,0,3.302999999999999,1,0
0,0,78,3,1,3,4.839000000000002,1,0
0,0,40,1,1,1,11.782,1,0
0,0,32,1,1,2,2.296999999999997,0,0
1,0,10,0,0,1,2.0760000000000005,0,0
1,0,12,1,1,0,2.361000000000004,0,0
0,0,26,0,1,2,6.341999999999999,1,0
0,0,46,4,1,1,3.208999999999996,0,0
1,0,25,0,1,0,2.2959999999999994,1,0
1,0,19,2,1,2,6.176000000000002,2,0
0,0,56,2,1,2,4.0020000000000024,0,0
0,0,23,2,1,0,2.9719999999999995,1,0
0,0,56,3,1,3,4.541,2,0
1,0,35,2,1,2,2.327,1,0
0,0,57,4,1,1,4.011999999999999,0,0
0,0,16,1,1,0,16.009,0,0
1,0,5,1,0,0,0.0,0,0
0,0,67,3,1,2,5.408999999999999,0,0
0,0,64,3,1,1,4.907000000000004,0,0
0,0,23,3,1,1,2.262999999999998,0,0
0,0,70,3,1,4,4.238999999999997,0,0
0,0,29,1,1,0,2.3030000000000044,0,0
0,0,51,4,1,2,3.899000000000001,0,0
0,0,37,4,1,4,5.116999999999997,1,0
0,0,8,0,0,1,6.47,0,0
0,0,19,0,1,0,14.446,0,0
0,0,14,0,1,2,14.315999999999999,1,0
0,0,26,1,1,1,69.00300000000001,1,0
0,0,22,1,1,2,3.2390000000000043,1,0
0,0,10,2,0,1,0.0,0,0
0,0,16,0,1,1,5.530999999999999,0,0
1,0,24,2,2,0,3.469999999999999,0,0
0,0,24,0,1,1,0.0,1,0
1,0,59,2,1,0,5.609999999999999,0,0
0,0,52,2,1,1,2.607,1,0
0,0,22,1,1,0,1.1589999999999998,0,0
0,0,62,1,1,3,3.205,0,0
0,0,29,3,1,2,2.337999999999999,0,0
1,0,10,1,1,0,0.0,0,0
0,0,71,4,1,0,3.541000000000002,0,0
0,0,21,2,1,0,2.468,1,0
0,0,25,3,1,0,4.003999999999998,0,0
0,0,70,4,1,3,9.473000000000003,1,0
0,0,32,1,1,1,51.816,2,0
0,0,8,0,2,0,3.5120000000000005,0,0
0,0,15,0,1,1,41.205,1,0
0,0,27,0,1,2,3.030000000000001,0,0
0,0,20,1,1,1,1.908999999999999,0,0
0,0,53,3,1,0,3.039999999999999,0,0
0,1,56,3,1,3,4.104000000000003,1,0
0,0,33,0,1,1,4.704999999999998,0,0
1,0,85,8,1,1,4.5710000000000015,1,0
0,0,58,5,1,1,3.365999999999996,0,0
0,0,37,0,1,3,3.3360000000000056,0,0
0,0,22,0,1,0,0.0,0,0
0,0,69,3,1,0,4.609999999999999,0,0
0,0,6,1,0,0,6.269999999999996,0,0
0,0,13,1,1,0,0.0,0,0
0,0,26,2,1,1,5.130000000000003,1,0
0,1,78,5,1,3,7.247,1,0
0,0,68,3,1,3,5.304,1,0
0,0,5,1,0,0,1.8079999999999998,0,0
0,0,40,1,1,4,7.469,3,0
0,0,60,0,1,1,5.041999999999998,0,0
1,0,38,3,1,0,2.468,0,0
0,0,14,1,1,1,4.030000000000001,1,0
0,0,7,1,0,1,15.120999999999999,0,0
0,0,23,0,1,1,0.0,2,0
0,0,61,4,1,3,3.5730000000000004,0,0
0,0,17,1,1,0,2.797000000000004,0,0
0,0,10,1,1,0,5.512999999999998,1,0
1,0,71,6,1,2,6.637999999999998,0,0
0,0,28,0,1,0,3.003,0,0
0,0,30,2,1,1,0.0,1,0
0,0,55,3,1,1,4.369,0,0
0,0,47,1,1,3,2.3340000000000005,0,0
0,0,23,1,1,0,2.8710000000000004,0,0
0,0,5,1,0,0,0.0,0,0
0,0,48,3,1,1,3.135,0,0
1,0,23,2,1,0,3.8439999999999994,1,0
0,0,18,2,1,0,2.8640000000000008,0,0
0,0,28,0,1,0,0.0,0,0
0,0,22,1,1,1,2.2970000000000006,0,0
0,0,56,1,1,1,2.738999999999997,0,0
1,0,53,3,1,2,2.7360000000000007,1,0
0,0,45,3,1,3,2.871000000000002,0,0
0,0,41,3,1,1,4.202999999999996,2,0
0,0,7,0,0,0,1.2310000000000016,0,0
1,0,10,1,1,0,0.0,0,0
0,0,55,3,1,1,3.3759999999999977,0,0
1,0,21,2,1,0,3.503,0,0
1,0,57,2,1,0,4.5390000000000015,0,0
0,0,39,1,1,1,2.1409999999999982,0,0
0,0,61,1,1,0,3.0010000000000048,1,0
0,0,6,1,0,0,2.365000000000002,0,0
0,0,35,1,1,2,0.0,0,0
0,0,45,1,1,3,4.233999999999995,2,0
0,0,30,1,1,1,0.0,0,0
1,0,54,4,1,0,2.668,0,0
0,0,68,6,1,0,4.646,1,0
0,0,44,2,1,0,2.229000000000001,0,0
0,0,24,1,1,2,1.734,1,0
0,0,29,2,1,2,2.5439999999999987,0,0
0,0,23,1,1,1,3.2379999999999995,1,0
0,0,24,0,1,0,0.0,1,0
0,0,16,2,1,0,2.330000000000002,0,0
1,0,20,1,1,0,2.0700000000000003,0,0
0,0,11,0,1,0,0.0,1,0
0,0,12,0,1,0,2.6069999999999993,0,0
0,0,31,3,1,2,0.0,1,0
0,0,67,3,1,4,3.262999999999998,1,0
0,0,37,1,1,0,1.9380000000000024,2,0
1,0,26,2,1,1,2.2319999999999993,0,0
0,0,4,0,0,1,0.0,0,0
0,0,35,2,1,1,2.0420000000000016,0,0
0,0,14,0,1,0,2.8999999999999986,0,0
1,0,26,0,1,0,0.0,0,0
0,0,11,0,1,0,1.868000000000002,0,0
0,0,6,0,0,1,0.0,0,0
0,0,10,0,2,0,1.7999999999999972,0,0
0,0,12,1,0,0,0.0,0,0
0,0,8,0,2,0,2.5700000000000003,0,0
0,0,24,1,1,0,0.0,1,0
0,0,28,3,1,0,2.4380000000000024,0,0
0,0,10,0,2,0,0.0,0,0
0,0,26,2,1,0,5.6370000000000005,1,0
0,0,16,2,1,1,0.0,0,0
0,0,42,1,1,1,3.9039999999999964,1,0
0,0,111,6,1,2,6.469999999999999,0,1
0,0,8,0,1,0,1.7690000000000001,1,0
1,0,18,1,1,0,2.7060000000000004,1,1
1,0,55,4,1,1,2.8009999999999993,1,0
0,0,13,1,1,0,2.3360000000000003,0,0
0,0,7,0,0,0,4.007999999999999,0,0
0,0,28,1,1,2,8.007000000000001,1,0
0,0,76,2,1,0,3.8359999999999985,0,0
1,0,66,6,1,0,3.6099999999999994,0,0
0,0,37,0,1,2,4.3359999999999985,0,0
0,0,39,3,1,1,13.404000000000003,0,0
0,0,77,3,1,2,6.841000000000001,1,0
0,0,57,5,1,2,3.3029999999999973,0,0
1,0,4,0,0,0,1.4740000000000038,0,0
0,0,37,1,1,1,2.14,0,0
0,0,48,1,1,0,2.2949999999999995,0,0
0,0,49,1,1,1,3.042,0,0
0,0,37,3,1,2,2.694000000000001,0,0
0,0,49,3,1,2,4.113999999999999,2,0
0,0,39,2,1,1,2.6020000000000003,0,0
0,0,52,2,1,1,3.503,0,0
0,0,73,5,1,1,4.105,1,0
0,0,41,3,1,2,3.1030000000000015,0,0
0,0,52,4,1,1,5.9339999999999975,0,0
0,0,55,5,1,4,3.804000000000002,1,0
0,1,67,6,1,2,4.735999999999997,1,0
0,0,71,4,1,3,4.6370000000000005,1,0
0,0,64,1,1,3,4.7109999999999985,0,0
0,0,13,0,1,0,4.771000000000001,0,0
0,0,36,2,1,0,2.940000000000005,0,0
0,0,7,0,0,0,1.2599999999999998,0,0
0,0,35,2,2,0,6.513000000000001,0,0
1,0,23,3,1,0,3.494999999999999,0,0
0,0,35,2,1,0,4.239000000000001,0,0
0,0,61,3,1,1,2.974999999999998,0,0
0,0,75,5,1,3,3.971,1,0
0,0,6,1,0,0,14.347999999999999,0,0
0,0,24,1,1,0,2.4340000000000046,0,0
0,0,29,1,1,1,2.969999999999999,0,0
0,0,20,1,1,2,11.110999999999997,0,0
0,0,25,0,1,1,2.469999999999999,1,0
0,0,12,1,1,0,19.02000000000001,0,0
0,0,61,1,1,3,6.265999999999998,0,0
0,0,43,0,1,1,5.046000000000003,0,0
0,0,63,4,1,5,42.91199999999999,0,0
1,0,63,4,1,3,3.4669999999999987,1,0
1,0,43,2,1,2,3.1630000000000003,1,0
0,0,16,0,1,0,24.765,1,0
0,0,13,0,1,1,0.0,1,0
0,0,24,2,1,2,4.198999999999998,0,0
0,0,43,2,1,3,4.136000000000003,0,0
0,0,36,2,1,3,8.585999999999999,1,0
0,0,41,2,1,0,3.5350000000000037,0,0
1,0,11,0,1,0,0.0,0,0
0,0,16,0,1,2,2.2680000000000002,0,0
0,0,24,1,2,0,10.909,0,0
0,0,62,1,1,1,6.673,2,0
0,1,22,0,1,0,2.2659999999999982,1,0
0,0,63,2,1,4,10.585000000000004,2,0
0,0,37,1,1,0,3.694999999999993,0,0
0,0,35,1,1,1,3.5760000000000005,1,0
1,0,4,0,0,0,1.8700000000000045,0,0
0,0,31,3,1,1,3.469999999999999,1,0
0,0,17,1,1,1,3.402000000000001,1,0
0,0,45,2,1,3,6.466999999999999,0,0
0,0,51,2,1,2,3.1129999999999995,0,0
0,0,62,1,1,5,3.7959999999999994,2,0
0,0,57,3,1,5,3.2699999999999996,1,0
0,0,24,0,1,2,2.0070000000000006,0,0
0,0,25,1,1,2,3.3339999999999996,0,0
0,0,20,1,1,1,3.742000000000001,0,0
0,0,61,5,1,0,3.567,0,0
1,0,30,2,1,1,2.7319999999999993,1,0
0,0,22,1,1,1,0.0,0,0
0,0,68,6,1,1,4.1129999999999995,1,0
1,0,12,1,1,0,4.1640000000000015,0,0
0,0,47,6,1,1,2.698999999999998,0,0
0,0,25,1,1,2,1.8059999999999974,0,0
0,0,60,5,1,3,3.7340000000000018,0,0
0,0,30,3,1,0,3.169000000000004,0,0
0,0,32,1,1,0,3.407999999999994,0,0
1,0,36,2,1,1,3.4720000000000013,0,0
0,1,10,0,1,0,0.0,1,0
0,0,73,4,1,0,3.6300000000000026,0,0
1,0,30,1,1,2,3.0459999999999994,0,0
0,1,18,1,1,1,0.0,2,0
0,0,40,3,1,1,3.5349999999999966,0,0
0,0,45,2,1,0,2.4010000000000034,0,0
1,0,10,0,0,0,4.369,0,0
1,0,19,0,1,1,2.3020000000000005,0,0
0,0,20,1,1,1,2.5070000000000006,0,0
1,0,43,2,1,2,3.296999999999999,2,0
0,0,18,0,1,2,2.404,0,0
0,0,14,0,1,1,0.0,0,0
0,0,42,2,1,2,2.735000000000001,1,0
0,0,7,0,0,0,0.0,0,0
0,0,83,4,1,3,4.373999999999999,0,0
0,1,57,1,1,3,4.667000000000002,0,0
0,1,47,4,1,0,4.772999999999996,3,0
0,0,27,3,1,1,6.440000000000005,0,0
1,0,24,1,1,0,4.574999999999996,0,0
0,0,61,4,1,1,6.010000000000005,1,0
0,0,28,0,1,1,3.9009999999999962,0,0
0,0,28,0,1,0,3.834000000000003,3,0
0,0,37,1,1,1,5.805,0,0
0,0,55,4,1,1,4.043000000000001,0,0
0,0,67,2,1,2,5.265999999999999,1,0
0,0,57,8,1,3,3.8049999999999997,0,0
0,0,37,1,1,0,1.9030000000000022,0,0
0,0,53,0,1,1,3.198999999999998,1,0
0,0,50,1,1,1,5.413,1,0
0,0,69,4,1,1,5.664999999999999,2,0
0,1,65,2,1,1,4.375999999999998,1,0
0,0,76,4,1,2,4.166000000000004,0,0
0,0,56,4,1,3,2.975999999999999,1,0
0,0,78,2,1,3,4.335000000000001,0,0
0,0,62,3,1,0,3.540999999999997,0,0
0,0,56,6,1,2,3.537000000000006,0,0
0,0,30,0,1,0,3.100999999999999,1,0
0,0,34,2,1,0,2.9339999999999975,0,0
0,0,39,1,1,2,7.640000000000001,1,0
0,0,65,3,1,1,4.737,0,0
0,0,15,1,1,0,2.9399999999999995,0,0
0,0,32,2,1,0,8.107,0,0
0,0,28,3,1,2,3.0090000000000003,0,0
0,0,72,5,1,2,4.637999999999998,0,0
0,0,45,4,1,2,3.0690000000000026,1,0
0,0,64,6,1,3,3.3320000000000007,0,0
1,0,50,5,1,2,3.040999999999997,0,0
1,0,29,1,1,1,11.972000000000001,0,0
1,0,54,5,1,1,13.755000000000003,0,0
0,0,23,3,1,1,16.378999999999998,0,0
0,0,10,0,0,0,4.771000000000001,0,0
1,0,29,3,1,1,16.012,0,0
0,0,33,1,1,2,2.5420000000000016,0,0
1,0,56,2,1,2,11.040999999999997,1,0
1,0,31,1,1,0,2.7689999999999984,1,0
1,0,34,2,1,1,4.301,0,0
0,0,50,5,1,1,2.543,0,0
0,0,21,1,1,0,1.6380000000000008,0,0
0,0,34,3,1,0,5.4289999999999985,1,0
0,0,30,1,1,1,8.409000000000002,0,0
0,0,17,1,1,2,2.2729999999999997,0,0
0,0,46,4,1,1,2.732999999999997,0,0
0,0,38,1,1,1,3.5390000000000015,0,0
0,0,27,2,1,2,2.2379999999999995,0,0
0,0,18,1,1,1,1.661999999999999,0,0
0,0,50,5,1,1,3.8419999999999987,1,0
0,0,19,1,1,0,4.410000000000004,0,0
0,0,52,3,1,2,5.033000000000001,0,0
1,0,54,3,1,1,7.339999999999996,1,0
0,0,28,0,1,1,5.703000000000003,0,0
0,0,12,0,1,0,6.045,0,0
0,0,44,1,1,0,4.875,1,0
0,0,26,2,1,1,4.035,0,0
0,0,17,1,1,2,2.1960000000000015,1,0
0,0,11,0,1,0,2.378,0,0
0,0,20,1,1,2,2.7590000000000003,1,0
0,0,44,4,1,0,2.540999999999997,0,0
0,0,4,0,0,1,1.4700000000000024,0,0
0,0,64,2,1,2,45.148999999999994,0,0
0,0,30,1,1,1,1.6349999999999998,0,0
0,0,56,4,1,1,3.4669999999999987,0,0
1,0,35,1,1,2,6.5660000000000025,0,0
1,0,23,3,1,0,0.0,0,0
0,0,17,1,1,1,3.0440000000000005,0,0
1,0,18,1,1,0,2.668999999999997,0,0
0,0,9,0,1,0,21.151,1,0
0,0,13,0,1,0,1.8359999999999985,1,0
0,0,19,0,1,1,0.0,1,0
1,0,11,1,1,0,14.57800000000001,0,0
1,0,12,2,1,0,5.444000000000001,0,0
0,0,27,3,1,1,0.0,0,0
0,0,38,3,1,2,3.138,1,0
0,0,33,2,1,1,2.8689999999999998,1,0
0,0,68,6,1,1,24.521,0,1
0,0,31,0,1,3,6.872,1,0
0,0,14,1,1,1,4.713000000000001,0,0
0,0,29,3,1,1,6.271000000000001,0,0
0,0,23,4,1,1,2.6980000000000004,1,0
0,0,23,3,1,1,2.9690000000000003,0,0
0,0,7,0,0,1,5.27,0,0
0,0,23,0,1,0,2.645999999999999,0,0
1,0,16,3,1,1,4.5969999999999995,0,0
0,0,8,1,3,0,0.0,0,0
0,0,23,0,1,0,14.312999999999999,1,0
0,0,47,4,1,2,4.041000000000004,1,0
0,0,56,3,1,1,3.1999999999999957,0,0
0,0,48,5,1,3,2.737000000000002,0,0
0,0,48,3,1,1,3.6340000000000003,0,0
0,0,72,4,1,0,4.840000000000003,0,0
0,0,30,0,1,0,3.340999999999994,0,0
0,0,67,1,1,0,4.038000000000004,0,0
0,0,70,6,1,2,5.801,4,0
0,0,43,3,1,1,13.818000000000001,0,0
0,0,55,3,1,1,5.873000000000001,2,0
0,0,40,1,1,1,5.036999999999999,0,0
0,0,32,3,1,1,3.0070000000000014,0,0
0,0,49,1,1,0,5.5689999999999955,0,0
0,0,14,1,2,0,2.403000000000006,0,0
0,0,14,1,2,0,0.0,0,0
0,0,46,4,1,1,5.811,0,0
0,0,72,5,1,3,5.7649999999999935,0,0
0,0,27,3,1,1,2.639000000000003,0,0
0,0,55,1,1,1,5.008000000000003,0,0
0,0,57,2,1,1,7.702000000000001,0,0
0,0,41,1,1,2,4.577,0,0
0,0,35,2,1,1,3.6609999999999996,0,0
0,0,51,3,1,2,6.777999999999999,0,0
0,0,65,5,1,1,11.178000000000004,1,0
1,0,36,5,1,3,4.542999999999999,0,0
1,0,15,2,1,0,0.0,0,0
0,0,38,1,1,1,2.897999999999996,0,0
0,0,48,3,1,1,3.7349999999999994,0,0
0,0,13,2,1,1,21.525,1,0
1,0,13,1,1,1,2.433,0,0
0,0,10,0,1,0,0.0,0,0
0,0,28,4,1,1,2.606,1,0
0,0,45,3,1,1,3.639000000000001,0,0
1,0,8,0,1,0,3.469999999999999,0,0
0,0,27,1,1,0,0.0,0,0
0,0,73,5,1,0,3.8049999999999997,0,0
1,0,29,1,1,1,1.5010000000000012,1,0
0,0,39,1,1,2,2.0700000000000003,0,0
0,0,67,1,1,0,3.2620000000000005,2,0
0,0,27,2,1,0,3.6690000000000005,0,0
0,0,46,8,1,2,0.0,0,0
1,0,16,1,2,0,2.6699999999999946,0,0
0,0,29,2,1,1,0.0,1,0
1,0,65,1,1,1,3.2720000000000056,0,0
0,0,11,1,1,0,1.8019999999999996,0,0
1,0,41,4,1,1,2.9769999999999968,0,0
1,0,14,1,2,0,11.844000000000001,0,0
0,0,5,0,0,0,0.0,0,0
0,0,35,4,1,2,2.9669999999999987,1,0
0,0,35,0,1,1,4.338,1,0
0,0,22,1,1,1,0.0,2,0
0,0,50,1,1,1,8.078,1,0
0,0,6,1,0,0,29.452999999999996,0,0
0,0,30,0,1,1,17.622,0,0
0,0,33,1,1,0,3.7760000000000034,3,0
0,0,23,0,1,1,17.049999999999997,1,0
0,0,38,4,1,3,7.1690000000000005,0,0
0,0,7,0,0,1,2.769000000000002,0,0
0,0,28,1,1,2,4.737000000000002,0,0
0,0,36,3,1,2,3.3049999999999997,0,0
0,0,50,3,1,4,5.608999999999995,1,0
0,0,71,1,1,5,10.639000000000003,0,0
0,0,45,1,1,0,2.3029999999999973,1,0
0,0,69,3,1,4,3.6670000000000016,1,0
1,0,34,1,1,0,2.874,0,0
1,0,53,1,1,0,3.937,0,0
1,0,13,0,1,1,1.6979999999999995,0,0
0,0,71,3,1,0,3.6370000000000005,1,0
1,0,26,2,1,0,3.306000000000001,0,0
0,0,69,4,1,1,5.169999999999998,1,0
1,0,59,4,1,0,2.942,1,0
0,0,60,4,1,1,3.1069999999999993,0,0
0,0,33,0,1,1,6.0390000000000015,0,0
0,0,53,3,1,3,2.933,0,0
0,0,42,2,1,0,2.1400000000000006,0,0
0,0,49,5,1,1,2.6019999999999968,2,0
1,0,61,2,1,3,2.966000000000001,0,0
0,0,33,1,1,0,2.1980000000000004,1,0
1,0,58,4,1,0,3.203000000000003,0,0
0,0,39,1,1,0,3.4409999999999954,1,0
0,0,34,2,1,1,15.176000000000009,1,0
0,0,21,1,1,0,2.013000000000001,0,0
0,0,53,9,1,1,5.538,0,0
0,0,14,1,1,0,5.300000000000001,0,0
0,0,40,2,1,0,0.0,0,0
0,0,22,0,1,1,1.8009999999999984,1,0
1,0,46,2,1,2,2.335000000000001,0,0
0,0,45,5,1,3,2.608999999999998,0,0
0,0,36,1,1,1,2.330000000000002,0,0
1,0,7,0,0,0,1.6419999999999995,0,0
0,0,7,0,0,0,2.363000000000003,0,0
0,0,36,1,1,1,4.473999999999997,1,0
0,0,8,0,1,0,25.955999999999996,0,0
0,0,25,0,1,0,7.181,1,0
0,0,4,0,0,0,1.8970000000000002,0,0
0,0,61,1,1,1,11.615999999999998,1,0
0,0,24,0,1,1,2.032,1,0
0,0,47,3,1,2,3.436,0,0
0,0,6,0,0,0,6.543000000000003,0,0
0,0,47,1,1,1,6.838999999999999,1,0
1,0,15,1,1,1,3.9720000000000013,0,0
0,0,67,5,1,2,5.100000000000001,1,0
0,0,29,2,1,1,3.6699999999999946,0,0
0,0,27,1,1,0,1.6650000000000063,1,0
1,0,4,0,0,0,52.753,0,0
0,0,8,0,0,0,10.720000000000006,0,0
0,0,13,1,1,0,0.0,0,0
0,0,30,1,1,1,4.862,1,0
0,0,30,0,1,0,2.236999999999999,0,0
1,0,22,0,1,0,3.3390000000000004,1,0
0,0,6,0,1,0,5.837999999999999,0,0
0,0,19,1,1,2,11.316000000000003,0,0
0,0,25,2,1,2,0.0,0,0
0,0,35,1,1,1,1.7989999999999995,0,0
0,0,51,3,1,3,3.9410000000000025,0,0
1,0,17,2,1,0,2.336999999999996,0,0
0,0,45,2,1,2,2.6950000000000003,0,0
0,0,51,1,1,3,3.1469999999999985,0,0
0,0,37,2,1,1,2.264000000000003,0,0
0,0,66,0,1,3,3.9380000000000024,1,0
0,0,36,2,1,1,4.402999999999999,0,0
0,0,37,2,1,1,0.0,0,0
1,0,28,2,1,0,7.137999999999998,0,0
0,0,8,0,0,0,2.0100000000000002,0,0
0,0,15,1,1,0,3.1689999999999996,0,0
0,0,30,0,1,0,4.3340000000000005,0,0
0,0,3,0,0,0,0.0,0,0
0,0,46,0,1,0,2.366999999999999,0,0
0,0,47,3,1,1,2.301,0,0
0,0,46,2,1,4,2.609,1,0
0,0,33,2,1,0,4.105,0,0
1,0,40,3,1,1,0.0,2,0
0,0,33,1,1,1,5.2719999999999985,1,0
0,0,38,0,1,0,3.6950000000000003,0,0
0,0,13,0,1,0,0.0,1,0
0,0,44,1,1,0,3.0100000000000016,2,0
0,0,21,1,1,0,3.0619999999999976,0,0
0,0,16,0,1,0,4.547000000000004,0,0
0,0,15,2,1,0,16.580999999999996,0,0
0,0,27,1,1,0,2.267000000000003,0,0
0,0,66,2,1,4,4.77,0,0
0,0,64,5,1,2,7.376,1,0
0,0,43,2,1,1,4.173,2,0
0,0,20,1,1,1,36.3,1,0
1,0,30,0,1,4,7.272999999999996,0,0
0,0,4,0,0,0,0.0,0,0
0,0,58,5,1,4,4.936,1,0
0,0,32,2,1,0,3.6370000000000005,0,0
1,0,14,2,1,0,9.98,0,0
0,0,25,2,1,2,0.0,0,0
0,1,76,4,1,2,5.7379999999999995,2,0
0,0,10,0,0,1,4.570999999999998,0,0
1,0,34,1,1,0,5.477000000000004,0,0
0,0,50,2,1,1,3.6980000000000004,0,0
1,0,41,0,1,1,4.738999999999997,1,0
0,0,7,0,1,0,1.8029999999999973,0,0
0,1,71,4,1,3,5.445,1,0
0,0,51,3,1,2,3.4669999999999987,1,0
0,0,8,1,1,1,2.571000000000005,0,0
0,0,10,0,2,0,0.0,0,0
0,0,28,2,1,1,2.7650000000000006,1,0
0,1,56,3,1,1,5.509999999999998,1,0
0,0,32,1,1,0,4.866,1,0
0,0,60,4,1,1,6.07,1,0
0,0,63,5,1,1,3.2719999999999985,0,0
0,0,52,3,1,0,4.546000000000003,0,0
0,0,26,1,1,0,1.4989999999999988,0,0
0,0,46,2,1,0,5.5,0,0
1,0,17,2,1,0,1.9399999999999977,0,0
0,0,31,0,1,0,2.504000000000005,1,0
0,0,53,1,1,1,4.030999999999999,0,0
0,0,36,2,1,0,2.905999999999999,0,0
0,0,34,3,1,1,3.171999999999997,0,0
1,0,24,1,1,0,22.38900000000001,0,0
1,0,17,1,1,1,0.0,0,0
0,0,6,1,0,0,4.433,0,0
1,0,15,1,1,0,3.0730000000000004,0,0
1,1,59,5,1,2,5.035999999999998,2,0
0,0,59,2,1,2,2.939,0,0
0,0,56,2,1,3,4.439,0,0
0,1,32,0,1,0,1.8320000000000007,1,0
0,0,63,3,1,0,4.305000000000003,0,0
0,0,11,1,0,1,1.5049999999999955,0,0
0,0,50,3,1,3,4.631,2,0
0,0,17,2,1,0,2.747,1,0
0,0,59,1,1,0,3.5,0,0
0,0,42,1,1,2,3.298000000000002,1,0
0,0,24,4,1,1,1.7680000000000007,0,0
0,1,56,2,1,2,5.238999999999997,0,0
0,0,11,1,0,1,3.541000000000004,0,0
0,0,47,6,1,2,5.698999999999991,0,0
0,0,45,4,1,1,3.6370000000000005,0,0
1,0,30,2,1,0,13.323,0,0
0,0,208,14,1,10,17.378999999999998,2,1
0,0,24,1,1,1,9.943000000000005,1,0
1,0,43,1,1,2,4.372,1,0
1,0,78,4,1,3,11.909999999999997,1,0
0,0,4,0,0,0,2.1660000000000004,0,0
1,0,26,0,1,1,3.039999999999999,0,0
0,0,10,0,0,1,3.6430000000000007,0,0
1,0,42,1,1,2,35.771,0,0
1,0,10,0,1,0,2.9299999999999997,0,0
0,0,18,0,1,2,7.4410000000000025,0,0
1,0,27,0,1,1,9.24,0,0
0,0,5,0,0,1,7.316000000000001,0,0
0,0,47,2,1,1,2.969000000000001,2,0
0,0,26,1,1,0,2.3629999999999995,1,0
0,0,24,3,1,1,4.802,0,0
0,0,7,0,0,0,3.2070000000000007,0,0
1,0,21,1,1,0,12.344999999999995,0,0
0,0,25,1,1,1,2.507000000000005,0,0
0,0,41,3,1,2,33.324999999999996,0,0
0,0,20,1,1,0,3.113999999999997,0,0
0,0,18,1,1,0,3.803000000000001,0,0
0,0,16,2,1,1,3.6999999999999993,1,0
1,0,28,1,1,1,10.247000000000003,0,0
0,0,49,3,1,1,2.8320000000000007,1,0
0,0,8,0,0,0,2.131999999999998,0,0
1,0,66,4,1,2,18.588,1,0
0,0,22,2,1,1,3.7759999999999994,1,0
0,0,10,1,5,0,1.6590000000000007,0,0
0,0,52,2,1,1,5.2059999999999995,1,0
0,0,65,4,1,3,3.4430000000000014,1,0
0,0,42,2,1,2,3.3339999999999996,0,0
0,1,72,3,1,4,3.7349999999999994,2,0
0,0,39,4,1,0,3.201999999999998,0,0
0,0,8,0,1,0,3.274000000000001,0,0
1,0,34,2,1,0,8.436999999999998,0,0
0,0,10,0,0,0,1.338000000000001,0,0
1,0,10,0,0,0,2.9350000000000023,0,0
1,0,32,0,1,0,3.2749999999999986,0,0
0,0,21,0,1,0,2.298000000000002,0,0
0,0,30,2,1,3,12.780000000000001,2,0
0,0,84,3,1,1,5.571,0,0
0,0,36,1,1,0,2.402000000000001,0,0
0,0,62,3,1,4,4.84,0,0
0,0,43,1,1,2,3.006999999999998,1,0
0,0,44,5,1,0,3.0380000000000003,0,0
0,0,43,2,1,0,3.5710000000000015,0,0
0,0,6,1,0,0,2.2940000000000005,0,0
0,0,7,0,0,0,1.9379999999999988,0,0
1,0,24,2,2,0,3.437999999999999,0,0
0,0,22,0,1,1,0.0,0,0
1,0,59,3,1,1,3.074000000000005,0,0
1,0,33,2,1,2,2.1029999999999944,0,0
0,0,38,3,1,0,3.1370000000000005,0,0
0,0,24,0,1,0,0.0,1,0
0,0,73,5,1,3,4.429000000000002,0,0
1,0,7,1,0,1,1.1649999999999991,0,0
1,0,59,3,1,2,3.4140000000000015,1,0
0,0,30,3,1,0,1.5679999999999978,0,0
0,0,69,3,1,2,4.105000000000004,0,0
0,0,42,2,1,1,3.833999999999996,0,0
0,0,54,2,1,0,3.8290000000000006,1,0
0,1,54,3,1,0,3.3800000000000003,0,0
0,0,44,1,1,1,2.798,0,0
0,0,59,6,1,0,4.167,0,0
0,0,25,0,1,1,4.145999999999999,0,0
1,0,21,2,1,0,1.8019999999999996,1,0
0,0,17,0,1,1,2.0370000000000026,0,0
0,0,34,1,1,0,2.363999999999997,0,0
0,0,56,2,1,3,5.168000000000003,2,0
1,0,33,1,1,0,13.887999999999998,1,0
0,0,41,1,1,0,4.5,0,0
0,0,66,1,1,3,4.341000000000001,1,0
0,0,6,1,0,0,19.182000000000002,0,0
1,0,41,4,1,1,11.951,0,0
1,0,23,1,1,1,1.397000000000002,1,0
0,0,67,5,1,2,4.668999999999997,0,0
0,0,12,1,1,0,3.7010000000000005,1,0
0,0,23,1,1,0,0.0,1,0
1,0,38,0,1,0,2.844000000000001,1,0
0,0,24,1,1,0,2.2989999999999995,0,0
0,0,12,0,1,1,6.445,0,0
0,0,47,3,1,3,5.832999999999998,0,0
0,0,22,2,1,1,2.3370000000000033,1,0
0,0,3,0,0,1,9.61,0,0
0,0,31,1,1,0,3.3089999999999997,0,0
0,0,18,2,1,0,1.3970000000000002,0,0
0,0,17,1,1,0,3.8690000000000007,0,0
0,0,68,4,1,1,3.471,0,0
1,0,4,0,0,0,1.9379999999999988,0,0
1,0,4,0,0,0,0.0,0,0
0,0,41,2,1,2,2.2300000000000004,1,0
0,0,11,1,1,0,1.7349999999999994,0,0
0,0,19,1,1,0,0.0,0,0
0,0,35,3,1,0,2.304000000000002,0,0
1,0,32,0,1,1,2.5749999999999993,1,0
0,0,60,1,1,0,4.396000000000001,0,0
0,0,77,5,1,0,6.880999999999997,2,0
0,0,74,2,1,1,3.6060000000000016,1,0
1,0,44,4,1,0,2.7959999999999994,0,0
0,0,4,0,0,0,4.744999999999997,0,0
0,0,13,0,1,0,2.903000000000006,0,0
0,0,47,2,1,1,2.293999999999997,1,0
0,0,64,2,1,2,4.805999999999997,1,0
0,0,10,0,1,0,1.4040000000000035,0,0
0,0,60,4,1,2,2.9369999999999976,1,0
0,0,61,3,1,2,4.105,1,0
0,0,5,1,0,1,1.468,0,0
0,0,54,4,1,0,5.231999999999999,1,0
0,1,48,2,1,0,3.7390000000000008,1,0
0,0,71,7,1,1,4.007,0,0
0,0,23,0,1,1,3.664999999999999,0,0
0,0,22,0,1,0,0.0,2,0
0,0,268,15,1,5,25.734,2,1
0,0,30,1,1,0,11.680999999999997,2,0
0,0,29,1,1,0,2.862,0,0
0,0,55,6,1,1,3.077,0,0
0,0,15,0,0,0,3.3629999999999995,0,0
0,0,17,2,1,0,5.175000000000001,0,0
0,0,51,3,1,1,23.988,0,0
0,0,33,0,1,0,1.573999999999998,0,0
0,0,20,1,1,2,2.3299999999999983,0,0
0,0,15,1,1,1,0.0,0,0
1,0,17,0,1,2,3.1440000000000055,0,0
0,0,18,0,1,0,0.0,0,0
1,0,46,3,1,1,2.2609999999999957,1,0
1,0,10,1,1,1,1.3359999999999985,0,0
1,0,60,2,1,3,5.477000000000004,3,0
1,0,49,4,1,0,2.433,0,0
0,0,65,6,1,3,4.369999999999997,1,0
1,0,12,2,2,0,1.4700000000000002,0,0
1,0,46,1,1,0,4.403,1,0
0,0,56,2,1,2,5.803000000000001,1,0
0,0,60,4,1,2,3.0090000000000003,0,0
0,0,74,3,1,2,4.003,2,0
0,0,15,1,1,1,2.001999999999999,1,0
0,0,51,4,1,3,12.876000000000001,0,0
0,0,46,1,2,0,3.769999999999996,0,0
0,0,37,1,1,2,2.6769999999999996,1,0
0,0,59,0,1,0,39.96900000000001,1,0
1,0,9,1,1,0,1.2979999999999983,0,0
0,0,40,3,1,0,2.5749999999999993,0,0
0,0,71,5,1,0,3.6069999999999993,0,0
0,0,48,2,1,2,2.829000000000004,0,0
0,0,38,2,1,2,3.904999999999994,0,0
0,0,53,5,1,4,6.008000000000003,3,0
0,0,58,4,1,0,5.039999999999999,0,0
0,0,13,1,0,0,12.536000000000001,0,0
0,0,13,0,1,1,6.550000000000004,0,0
0,0,75,2,1,2,3.9349999999999996,0,0
0,0,52,2,1,4,7.402000000000001,0,0
0,0,31,1,1,3,3.1690000000000005,0,0
0,0,30,1,1,0,4.074999999999999,0,0
0,0,32,0,1,1,0.0,0,0
0,0,13,1,0,0,2.1990000000000016,0,0
0,0,11,3,1,1,0.0,0,0
0,0,58,2,1,2,16.017,0,0
0,1,41,5,1,3,2.4069999999999965,1,0
0,0,48,0,1,1,3.733000000000004,2,0
1,0,8,0,0,0,7.914999999999999,0,0
0,0,39,3,1,0,-3540,1,0
0,0,33,1,1,1,7.465999999999999,0,0
0,0,15,2,1,0,2.3659999999999997,1,0
0,0,13,0,3,0,4.876000000000001,1,0
0,0,13,0,3,0,0.0,1,0
0,0,14,1,1,0,3.041999999999998,0,0
0,0,13,0,3,0,0.0,1,0
0,0,11,0,1,1,2.561,0,0
0,0,10,0,1,0,0.0,0,0
0,0,8,0,0,0,8.416,0,0
0,0,10,1,5,0,7.643000000000001,0,0
0,0,8,0,2,0,0.0,0,0
1,0,47,2,1,1,4.9979999999999976,1,0
0,0,30,2,1,1,4.768000000000001,0,0
1,0,41,2,1,3,28.572000000000003,0,0
0,0,42,4,1,2,6.262999999999998,1,0
0,0,13,1,0,0,2.5470000000000006,0,0
0,0,35,1,1,1,4.129000000000001,0,0
0,0,6,1,0,1,3.600999999999999,0,0
0,0,16,0,1,1,2.872,0,0
0,0,19,2,1,0,11.317,0,0
0,0,8,0,0,0,20.650999999999996,0,0
0,0,8,0,0,0,0.0,0,0
0,0,65,3,2,0,4.942,0,0
0,0,47,1,1,2,3.036999999999999,0,0
0,0,11,0,0,1,1.796000000000003,0,0
0,1,94,4,1,3,12.580999999999996,1,1
0,0,13,1,0,0,2.3000000000000043,0,0
0,0,19,0,1,1,0.0,0,0
1,0,149,10,1,2,13.254999999999995,1,1
0,0,8,0,0,0,11.942,0,0
0,0,13,1,0,0,0.0,0,0
0,0,13,1,0,0,3.5380000000000003,0,0
0,0,13,1,0,0,4.195999999999999,0,0
0,0,8,0,0,0,6.847000000000001,0,0
0,0,13,1,0,0,16.509999999999998,0,0
0,0,13,1,0,0,0.0,0,0
0,0,13,1,0,0,2.544000000000004,0,0
0,0,13,1,0,0,5.965999999999994,0,0
0,0,35,3,1,0,7.249000000000002,2,0
0,0,29,1,1,1,3.762999999999998,0,0
0,0,64,5,1,3,3.5760000000000005,1,0
0,0,52,3,1,1,3.4299999999999997,0,0
0,0,43,2,1,1,3.544,2,0
0,0,16,1,1,0,6.241,1,0
0,0,7,1,0,0,1.6020000000000003,0,0
0,0,24,2,1,0,8.040000000000001,0,0
0,0,34,1,1,2,11.504999999999999,1,0
0,0,20,3,1,1,4.106999999999999,1,0
0,0,11,0,1,1,0.0,0,0
0,0,18,1,1,0,4.142000000000003,0,0
0,0,28,3,1,0,0.0,0,0
0,0,17,2,1,0,2.8359999999999985,1,0
0,0,27,2,1,0,0.0,0,0
0,0,16,1,1,0,2.033999999999999,0,0
0,0,22,3,1,0,0.0,0,0
0,0,29,5,1,1,2.764000000000003,1,0
0,0,20,0,1,0,0.0,0,0
0,0,52,3,1,1,2.5760000000000005,0,0
0,0,58,1,1,4,2.830999999999996,1,0
1,0,40,1,1,3,2.698999999999998,1,0
1,0,72,5,1,1,15.689000000000007,0,0
0,0,15,2,1,0,2.5380000000000003,0,0
0,0,22,1,1,0,3.501999999999999,1,0
0,0,31,2,1,0,8.507000000000001,1,0
0,0,47,1,1,2,4.210000000000001,1,0
0,0,27,0,1,0,2.897999999999996,0,0
0,0,19,2,1,0,2.972999999999999,0,0
0,0,32,1,1,0,3.3670000000000044,1,0
0,0,36,4,1,1,6.341000000000001,1,0
0,0,45,2,1,1,4.1739999999999995,0,0
0,0,10,0,0,1,10.805,0,0
0,0,33,2,1,2,5.445,1,0
1,0,17,3,1,0,2.7639999999999993,0,0
0,0,8,1,3,0,2.437000000000001,0,0
1,0,17,1,1,0,24.223999999999997,1,0
0,0,4,0,0,1,2.5360000000000014,0,0
0,0,31,2,1,0,2.1700000000000017,1,0
1,0,24,4,1,0,2.341000000000001,1,0
0,0,52,5,1,2,2.8969999999999985,0,0
0,0,43,2,1,1,5.003,0,0
0,0,49,1,1,3,2.439,0,0
1,0,45,1,1,0,4.339999999999996,0,0
0,0,49,2,1,1,7.865000000000002,1,0
0,0,66,5,1,3,3.239,0,0
0,0,70,2,1,1,3.4080000000000004,0,0
0,0,78,4,1,3,3.9030000000000005,0,0
0,0,50,2,1,2,5.503,0,0
0,0,60,5,1,3,3.405999999999999,0,0
0,0,6,1,0,0,17.48,0,0
0,0,33,2,1,0,11.844000000000001,0,0
0,0,35,2,2,0,3.6700000000000017,0,0
0,0,6,1,0,0,2.1059999999999945,0,0
0,0,6,1,0,0,2.903000000000006,0,0
0,0,53,2,1,2,34.507,1,0
1,0,32,1,1,1,1.6580000000000013,0,0
0,0,25,1,1,1,3.4480000000000004,0,0
1,0,46,3,1,0,2.6599999999999966,0,0
0,0,40,2,1,4,2.5080000000000027,1,0
0,0,41,1,1,0,2.570999999999998,0,0
0,0,4,0,0,1,1.7280000000000015,0,0
0,0,8,1,0,1,0.0,0,0
0,0,48,4,1,3,2.4750000000000014,0,0
0,0,51,3,1,2,2.7989999999999995,0,0
0,0,59,2,1,2,4.338000000000001,0,0
0,1,67,2,1,1,3.234,2,0
0,0,48,4,1,3,2.7010000000000005,1,0
0,0,38,1,1,3,2.078999999999999,1,0
1,0,11,1,1,0,1.3630000000000013,0,0
1,0,23,2,1,0,8.743,0,0
1,0,33,2,1,1,9.745999999999999,1,0
0,0,65,4,1,2,5.073000000000004,1,0
0,0,35,2,1,1,3.3029999999999973,1,0
0,0,34,3,1,0,6.366,0,0
0,0,45,2,1,0,2.5080000000000027,0,0
0,0,76,4,1,4,4.334999999999994,4,0
0,0,25,3,1,2,3.399000000000001,0,0
0,0,39,2,1,0,3.443000000000005,2,0
1,0,34,2,1,0,4.875999999999998,0,0
0,0,22,1,1,1,0.0,1,0
0,0,14,0,1,1,2.033,0,0
0,0,53,4,1,2,3.537,1,0
0,0,40,1,1,3,2.3999999999999995,0,0
0,0,58,2,1,5,3.7670000000000012,0,0
0,0,58,4,1,4,5.9449999999999985,0,0
0,0,73,4,1,2,4.436,1,0
0,0,13,0,1,0,1.4000000000000021,0,0
0,0,41,0,1,3,3.407,1,0
0,0,49,1,1,0,3.6619999999999955,0,0
0,0,56,2,1,2,4.944000000000003,1,0
0,0,27,1,1,1,3.6670000000000016,0,0
0,0,17,1,1,1,1.743000000000002,0,0
0,0,11,0,0,0,3.9649999999999963,0,0
0,0,27,1,1,2,11.71,1,0
0,0,28,1,1,3,27.529000000000003,2,0
0,0,11,0,1,0,3.8709999999999987,0,0
0,0,13,2,1,1,2.335000000000001,0,0
0,0,56,1,1,4,6.805999999999997,3,0
0,0,27,1,1,1,4.545000000000002,0,0
0,0,23,0,1,0,0.0,0,0
0,0,34,1,1,1,4.999000000000002,1,0
0,0,25,2,1,0,2.4720000000000013,0,0
0,0,4,0,0,0,0.0,0,0
0,0,10,0,1,0,2.570999999999998,0,0
0,0,26,1,1,0,0.0,1,0
0,0,30,4,1,1,4.469999999999999,1,0
0,0,25,2,1,0,0.0,1,0
0,0,48,3,1,0,3.038000000000004,2,0
0,0,17,2,1,0,2.194,2,0
0,0,14,1,1,0,2.077,0,0
0,0,16,2,1,1,2.8339999999999996,0,0
0,0,10,1,5,0,0.0,0,0
0,0,27,1,1,0,2.4380000000000006,0,0
0,0,10,1,5,0,0.0,0,0
0,0,31,4,1,1,2.1370000000000005,1,0
0,0,10,1,5,0,1.8969999999999985,0,0
1,0,18,1,1,0,0.0,0,0
1,0,13,0,1,0,1.5389999999999997,0,0
0,0,9,0,0,0,2.6930000000000014,0,0
0,0,18,2,1,1,0.0,0,0
0,0,22,1,1,0,2.0429999999999993,0,0
0,0,36,0,1,0,3.872,0,0
0,0,6,1,0,0,5.905000000000001,0,0
0,0,6,1,0,0,0.0,0,0
0,0,6,1,0,0,1.3979999999999961,0,0
0,0,56,3,1,1,3.601000000000006,0,0
0,0,35,3,1,2,2.5419999999999945,1,0
0,0,57,5,1,1,3.6679999999999993,1,0
0,0,39,2,1,1,3.305000000000007,1,0
0,0,24,2,1,0,2.0019999999999953,1,0
0,0,19,0,1,0,2.0350000000000037,0,0
0,0,44,6,1,4,10.607,1,0
0,0,48,2,1,1,4.907999999999994,1,0
0,0,45,3,1,3,3.1639999999999997,0,0
0,0,32,0,1,0,3.0390000000000015,0,0
1,0,9,1,0,0,0.0,0,0
1,0,42,2,1,2,3.007999999999999,0,0
0,0,18,1,1,1,2.1609999999999996,1,0
0,0,49,2,1,1,4.876999999999999,0,0
0,0,17,2,1,1,4.208000000000002,0,0
0,0,50,5,1,1,4.231999999999999,1,0
0,0,18,2,1,0,2.434000000000001,1,0
1,0,23,1,1,1,2.7779999999999987,1,0
0,0,26,1,1,1,2.432000000000002,0,0
0,0,57,3,1,1,4.173000000000002,0,0
0,0,49,1,1,1,4.401999999999994,0,0
0,0,30,2,1,1,3.7730000000000032,0,0
0,0,19,1,1,1,3.030999999999999,0,0
0,0,24,1,1,1,2.905999999999999,0,0
0,0,39,3,1,2,4.8700000000000045,0,0
0,0,36,5,1,1,7.01,0,0
0,0,15,2,1,1,4.204,0,0
0,0,9,1,1,1,2.8979999999999997,0,0
1,0,17,0,1,0,2.2760000000000016,0,0
0,0,17,1,1,2,3.3320000000000007,0,0
0,0,37,4,1,1,4.032999999999998,0,0
0,0,32,1,1,0,3.6419999999999995,1,0
0,0,27,2,1,0,2.835000000000001,0,0
0,0,16,0,1,0,2.9100000000000037,0,0
0,0,21,1,1,0,2.5009999999999977,1,0
0,0,56,6,1,0,7.366999999999997,1,0
0,0,16,2,1,1,2.6679999999999993,0,0
0,0,41,2,1,1,3.7790000000000035,1,0
0,0,41,3,1,0,4.366,0,0
0,0,41,1,1,0,8.012,0,0
1,0,62,4,1,0,4.266,0,0
0,0,34,2,1,1,6.245,0,0
0,0,55,3,1,1,4.731999999999999,1,0
1,0,62,2,1,1,3.737000000000002,0,0
0,0,49,3,1,1,5.875999999999998,1,0
0,0,24,2,1,0,4.176000000000002,0,0
0,0,58,4,1,0,5.202999999999999,0,0
1,0,15,1,1,0,1.7289999999999992,0,0
0,0,65,3,1,2,7.139000000000003,1,0
0,0,47,3,1,1,4.6370000000000005,0,0
0,0,45,4,1,1,4.009999999999998,0,0
0,0,25,3,1,0,4.238999999999997,0,0
0,0,18,1,1,0,5.504000000000005,1,0
0,0,48,3,1,1,6.040000000000001,1,0
0,0,11,0,1,0,1.7639999999999993,0,0
0,0,8,0,2,0,2.51,0,0
1,0,7,1,0,1,38.599000000000004,0,0
0,0,13,2,1,0,2.8029999999999973,0,0
0,0,14,2,1,1,2.1099999999999994,0,0
0,0,10,0,2,0,4.768000000000001,0,0
0,0,30,2,1,0,17.381,0,0
0,0,46,0,1,1,2.6739999999999995,0,0
0,0,41,3,1,0,3.1950000000000003,0,0
1,0,12,1,1,0,4.509,0,0
0,0,33,2,1,1,0.0,1,0
0,0,63,2,1,2,5.007999999999999,2,0
0,0,54,1,1,1,4.530000000000001,1,0
0,0,44,4,1,3,3.442999999999998,1,0
1,0,26,0,1,1,22.052,1,0
0,0,45,2,1,2,3.2760000000000007,0,0
1,0,7,1,0,1,1.6600000000000001,0,0
1,0,15,0,1,0,2.2349999999999994,0,0
1,0,81,2,1,3,4.081000000000001,3,0
0,0,43,1,1,1,3.8939999999999984,0,0
0,0,59,3,1,0,2.8760000000000012,0,0
1,0,13,2,1,0,2.605999999999998,0,0
0,0,4,0,0,0,0.0,0,0
0,0,45,1,1,2,3.8019999999999996,0,0
1,0,9,0,1,0,2.8700000000000045,0,0
0,0,33,2,1,0,0.0,0,0
0,0,65,1,1,2,4.265999999999998,0,0
1,0,25,0,1,0,4.908999999999999,0,0
0,0,16,1,1,1,2.4679999999999964,1,0
0,0,43,1,1,2,4.408000000000001,4,0
0,0,24,1,1,1,16.10900000000001,0,0
0,0,20,1,1,0,2.0010000000000003,0,1
0,0,30,2,1,2,3.1060000000000008,1,0
0,0,37,2,1,1,3.8009999999999984,0,0
0,0,52,2,1,4,40.041,0,0
0,0,148,6,1,5,9.111000000000004,1,1
0,0,38,3,1,2,2.8339999999999996,0,0
0,0,64,6,1,2,4.375,0,1
0,0,42,2,1,0,4.406000000000001,0,0
0,0,41,3,1,1,5.809000000000001,0,1
0,0,42,2,1,1,12.609000000000002,0,0
0,0,66,5,1,0,3.3359999999999985,0,0
0,0,6,1,0,0,1.2989999999999995,0,0
0,0,22,2,1,1,5.702999999999996,0,0
0,0,66,2,1,2,4.776000000000003,0,0
0,0,56,4,1,0,6.079000000000001,1,0
1,0,8,0,0,0,8.533000000000001,0,0
0,0,21,2,1,1,14.716,0,0
0,0,45,6,1,2,4.442,0,0
0,0,40,3,1,0,3.3679999999999986,0,0
0,0,36,1,1,2,4.533000000000001,0,0
0,1,26,1,1,0,2.3389999999999986,0,0
0,0,32,0,1,1,4.167999999999999,0,0
0,0,57,1,1,0,4.847000000000001,0,0
0,0,55,4,1,2,10.072000000000003,1,0
0,0,57,4,1,2,7.942,1,0
0,0,45,1,1,3,3.6089999999999947,1,0
0,0,22,0,1,1,1.5669999999999997,1,0
0,0,17,1,4,0,3.6679999999999997,0,0
0,0,58,1,1,1,4.375,0,0
0,1,78,7,1,4,4.001000000000001,0,0
0,0,26,3,1,1,1.399000000000001,1,0
0,0,17,2,1,0,2.264999999999997,1,0
0,0,82,5,1,2,4.204000000000001,1,0
0,0,15,1,1,1,2.475999999999999,1,0
0,0,36,2,1,0,5.403000000000002,0,0
0,0,17,1,4,0,2.1409999999999982,0,0
0,0,11,0,1,0,3.033999999999999,0,0
0,0,18,0,1,0,0.0,0,0
0,0,58,3,1,2,4.435000000000002,1,0
0,0,17,1,4,0,3.139000000000003,0,0
0,0,29,1,1,1,44.371,0,0
0,0,16,4,1,2,3.335999999999995,0,0
0,0,9,0,1,0,19.661,0,0
0,0,29,1,1,1,1.9050000000000011,0,0
0,0,32,0,1,2,2.100999999999999,1,0
0,0,75,1,1,1,4.133000000000003,1,0
0,0,45,2,1,1,3.433,0,0
0,0,32,1,1,1,1.7010000000000005,0,0
0,0,36,2,1,1,2.236999999999999,0,0
0,0,60,0,1,3,4.01,0,0
0,0,10,2,0,1,1.1580000000000013,0,0
0,0,55,2,1,0,2.703999999999999,1,0
0,1,70,3,1,2,3.8420000000000023,3,0
0,0,66,3,1,4,5.007999999999999,1,0
0,0,45,3,1,3,2.7979999999999983,0,0
0,0,54,4,1,3,3.6340000000000003,2,0
0,0,37,3,1,2,2.0090000000000003,0,0
0,0,54,1,1,2,2.6970000000000027,1,0
0,0,51,2,1,2,4.978999999999999,2,0
0,0,16,2,1,0,1.6030000000000015,0,0
0,0,46,5,1,3,6.401999999999994,0,0
0,0,40,1,1,2,3.108000000000004,0,0
0,0,63,2,1,3,4.604999999999997,0,0
1,0,20,3,1,1,2.0010000000000048,0,0
0,0,16,0,1,1,1.7609999999999957,0,0
0,0,26,1,1,1,1.8719999999999999,1,0
0,0,40,3,1,1,2.7390000000000003,0,0
0,0,15,0,1,0,1.4319999999999995,0,0
0,0,9,1,1,0,1.5990000000000002,0,0
0,0,39,1,1,0,17.225,2,0
0,1,24,1,1,0,2.2959999999999994,0,0
0,0,28,1,1,1,3.272000000000002,0,0
0,0,73,3,1,6,28.726999999999997,0,0
0,0,65,3,2,0,3.6099999999999994,0,0
0,0,77,2,1,3,5.196000000000001,0,0
0,0,46,1,2,0,4.477,0,0
0,0,6,1,0,0,72.803,0,0
0,0,68,4,1,1,10.349999999999998,0,0
0,0,39,0,1,1,2.5350000000000037,0,0
0,0,41,3,1,2,3.0649999999999977,2,0
0,0,28,2,1,0,2.2680000000000007,1,0
0,1,19,2,1,1,2.145000000000003,1,0
0,0,64,4,1,1,4.696999999999996,1,0
0,0,36,4,1,0,4.477000000000004,1,0
0,0,76,6,1,1,5.268000000000001,0,0
0,0,49,2,1,1,2.8349999999999937,1,0
0,0,31,1,1,0,3.337,0,0
1,0,8,1,1,0,0.0,0,0
0,0,15,1,1,0,4.176,0,0
0,0,7,1,0,0,8.001,0,0
1,0,30,2,1,0,6.18,0,0
1,0,35,2,1,0,3.2280000000000015,1,0
0,0,38,1,1,2,10.981000000000002,0,0
0,0,43,2,1,0,2.7349999999999994,0,0
0,0,51,0,1,2,3.274000000000001,0,0
0,0,47,3,1,2,2.3669999999999973,0,0
1,0,24,2,1,0,1.8340000000000032,1,0
0,0,41,0,1,1,2.4039999999999964,1,0
0,1,71,2,1,1,5.131999999999998,1,0
0,0,47,3,1,0,3.8090000000000046,0,0
0,0,60,2,1,0,3.666,0,0
0,0,7,1,0,0,5.842999999999999,0,0
0,0,29,1,1,2,4.503,1,0
0,0,7,1,0,0,8.044,0,0
0,0,25,1,1,1,2.469000000000001,0,0
0,0,37,2,1,0,14.616999999999997,1,0
0,0,24,1,1,1,1.9010000000000034,0,0
0,0,7,0,0,1,1.2980000000000018,0,0
0,0,27,2,1,1,2.2009999999999934,2,0
0,0,73,3,1,2,5.444000000000003,2,0
0,0,27,2,1,2,4.472999999999999,1,0
0,0,21,1,1,0,0.0,1,0
1,0,46,3,1,1,2.5700000000000003,1,0
0,0,33,1,1,1,2.433,1,0
0,0,7,1,0,0,1.4690000000000012,0,0
0,0,6,1,0,0,5.502000000000001,0,0
0,0,12,0,1,1,5.103999999999999,0,0
0,0,4,0,0,0,5.237,0,0
1,0,14,1,2,0,13.248000000000001,0,0
0,0,5,0,0,0,2.9709999999999965,0,0
0,0,31,3,1,1,2.7070000000000007,1,0
0,0,30,2,1,1,2.571000000000005,0,0
1,0,39,4,1,0,4.665999999999997,1,0
0,0,29,2,1,2,32.867999999999995,0,0
0,0,44,1,1,0,4.334000000000001,0,0
1,0,35,1,1,0,3.573999999999998,1,0
0,0,29,1,1,0,3.2020000000000017,0,0
1,0,20,1,1,2,15.452999999999996,0,0
0,0,15,2,1,1,7.106999999999999,0,0
0,0,10,0,1,0,0.0,0,0
0,0,47,1,1,1,3.7960000000000065,1,0
0,0,65,7,1,1,5.609999999999999,0,0
0,0,51,2,1,2,4.303999999999995,0,0
0,0,29,1,1,0,3.4379999999999997,0,0
0,0,15,3,1,2,1.9700000000000006,1,0
0,0,35,5,1,1,2.4019999999999992,0,0
0,0,5,1,0,1,0.0,0,0
0,0,13,1,1,0,2.333,0,0
0,0,14,0,1,1,0.0,0,0
0,0,22,0,1,2,2.5760000000000005,0,0
0,0,21,0,1,1,3.1029999999999998,0,0
0,0,11,0,0,0,4.032,0,0
0,0,6,1,0,0,8.306000000000001,0,0
0,0,7,0,0,0,1.9050000000000011,0,0
0,0,12,1,1,1,2.0049999999999955,0,0
0,0,8,0,2,0,1.3270000000000053,0,0
1,0,30,2,1,0,3.442999999999998,0,0
0,0,49,1,1,1,3.5649999999999977,0,0
0,0,28,1,1,1,3.578000000000003,0,0
0,0,36,3,1,1,3.536999999999999,1,0
0,0,84,4,1,4,4.128,0,0
0,1,59,4,1,3,3.5459999999999994,2,0
0,0,64,4,1,2,4.128,1,0
0,0,26,5,1,0,3.2039999999999997,0,0
0,0,24,3,1,1,0.0,0,0
0,0,11,0,0,0,2.5349999999999993,0,0
0,0,8,0,0,0,0.0,0,0
0,0,24,1,1,1,7.109,2,0
0,0,20,2,1,0,2.237000000000002,0,0
0,0,16,1,2,0,2.006999999999998,1,1
0,0,4,1,0,0,2.6690000000000005,0,0
0,0,12,1,0,1,0.0,0,0
0,0,35,2,2,0,2.161999999999999,0,0
1,0,56,2,1,2,2.84,0,0
0,0,35,2,2,0,2.4380000000000024,0,0
0,0,7,0,0,0,1.3659999999999997,0,0
0,0,7,0,0,0,3.567999999999998,0,0
0,0,27,3,1,1,11.112000000000002,0,0
0,0,4,0,0,0,1.3019999999999996,0,0
0,0,8,0,1,0,3.4399999999999977,0,0
1,0,17,2,1,0,19.382999999999996,0,0
0,0,8,1,0,0,0.0,0,0
0,0,35,3,1,1,2.0760000000000005,1,0
1,0,39,4,1,0,3.193999999999999,0,0
0,0,20,3,1,1,2.2029999999999994,0,0
0,0,66,7,1,3,4.9090000000000025,1,0
0,0,40,0,1,1,10.109999999999996,1,0
0,0,43,1,1,1,3.9380000000000024,0,1
0,0,19,0,1,0,4.405999999999999,1,0
0,0,78,6,1,5,3.8329999999999984,0,0
0,0,48,2,1,1,4.737000000000002,1,0
1,0,21,0,1,0,120,1,0
0,0,12,0,1,0,10.546,0,0
0,0,19,2,1,1,26.795,0,0
0,0,21,1,1,0,120,0,0
0,0,23,1,1,0,1.9690000000000012,0,0
0,0,48,0,1,2,5.432999999999998,2,0
0,0,7,0,0,0,1.873000000000001,0,0
0,0,7,0,0,0,4.305,0,0
0,0,7,0,0,0,12.851000000000003,0,0
1,0,20,2,1,0,1.1569999999999965,1,0
0,0,42,2,1,0,2.646000000000001,0,0
0,0,39,2,1,1,2.0330000000000013,0,0
0,0,45,0,1,0,2.229999999999997,0,0
0,0,42,3,1,0,2.1099999999999994,0,0
0,0,71,3,1,1,3.467000000000006,1,0
0,0,27,2,1,0,2.1059999999999945,2,0
1,0,44,2,1,1,3.493000000000002,0,0
1,0,67,2,1,1,4.442,0,0
1,0,48,1,1,0,3.666000000000004,0,0
0,0,45,1,1,0,3.67,1,0
1,0,14,1,1,0,3.603999999999999,0,0
0,0,35,1,1,2,3.0410000000000004,0,0
0,0,45,2,1,2,2.2330000000000005,0,0
0,0,16,1,1,0,1.734,0,0
0,0,10,1,0,1,4.143999999999998,0,0
0,0,27,1,1,1,12.944000000000003,0,0
1,0,37,1,1,1,3.7340000000000018,0,0
0,0,19,1,1,0,0.0,0,0
1,0,68,2,1,2,3.8059999999999974,0,0
0,0,13,2,1,0,3.405999999999999,0,0
0,0,48,2,1,2,3.0390000000000015,0,0
1,0,42,0,1,1,7.100999999999999,1,0
0,0,3,0,0,0,2.2010000000000005,0,0
0,0,5,1,0,1,0.0,0,0
1,0,30,1,1,1,3.009999999999998,1,0
0,0,11,1,1,1,0.0,1,0
0,0,74,3,1,2,3.628,1,0
1,0,33,2,1,1,1.9699999999999998,0,0
0,0,63,4,1,2,3.0780000000000003,0,0
0,0,29,2,1,2,3.298,0,0
0,0,32,0,1,2,5.546000000000001,0,0
0,0,64,4,1,3,4.603999999999999,1,0
0,0,21,1,1,1,2.535999999999998,0,0
0,0,17,1,1,0,4.133000000000003,0,0
0,0,48,3,1,0,4.532,0,0
1,0,47,4,1,0,2.604999999999997,0,0
1,0,32,4,1,1,1.7010000000000005,1,0
0,0,8,1,3,0,8.675000000000004,0,0
0,0,10,0,1,0,6.073,0,0
0,0,30,0,1,1,3.343999999999994,1,0
0,0,43,1,1,2,3.3390000000000057,0,0
0,0,23,1,1,0,2.2269999999999968,0,0
0,0,18,2,1,1,2.712,0,0
0,0,48,1,1,2,2.9959999999999996,0,0
0,0,15,2,1,1,1.1630000000000003,0,0
0,0,43,1,1,1,3.5459999999999994,0,0
1,0,16,1,1,0,9.034,1,0
1,0,13,1,1,0,2.9460000000000015,0,0
0,0,42,0,1,0,3.193999999999999,1,0
0,0,10,0,1,0,2.440999999999999,0,1
1,0,14,1,1,0,3.437999999999999,0,0
0,0,27,1,1,0,3.504000000000005,0,0
1,0,17,0,1,1,6.533999999999999,0,0
0,0,8,1,1,0,1.838000000000001,0,0
0,0,62,3,1,2,5.705999999999996,0,0
1,0,19,2,2,0,5.811999999999998,0,1
0,0,12,0,0,1,1.9640000000000057,0,0
1,0,5,0,0,0,10.106000000000002,0,0
1,0,21,1,1,0,3.437999999999999,0,0
1,0,26,0,1,0,7.178000000000001,1,0
0,0,28,0,1,1,4.934999999999999,0,0
0,0,11,0,1,0,5.77,0,0
0,0,26,2,1,0,3.437000000000001,0,0
0,0,62,4,1,2,20.03,1,0
0,0,19,1,1,2,4.329999999999998,0,0
0,0,69,6,1,3,5.704000000000001,2,0
0,0,8,0,0,0,1.4050000000000002,0,0
1,0,13,1,1,0,1.399,0,0
0,0,18,1,1,2,2.167,0,0
0,0,12,1,0,1,1.7680000000000007,0,0
0,0,31,3,1,0,15.818999999999999,0,0
0,0,31,1,1,1,4.838999999999999,1,1
0,0,18,2,1,1,11.410000000000004,0,0
1,0,21,1,1,0,3.144999999999996,0,0
0,0,36,3,1,0,3.0,0,0
0,0,26,1,1,0,2.0350000000000037,1,0
0,0,47,2,1,1,11.135999999999996,1,0
0,0,21,0,1,0,2.114,1,0
0,0,25,0,1,0,1.9639999999999995,0,0
1,0,78,5,1,2,7.8389999999999995,0,1
0,0,17,2,1,0,4.474,1,0
0,0,27,0,1,0,3.6640000000000015,1,0
1,0,19,2,1,1,11.845000000000002,0,0
0,0,35,2,1,1,0.0,0,0
0,0,43,2,1,2,2.3029999999999973,1,0
0,0,54,2,1,2,2.7349999999999994,0,0
0,0,21,2,1,1,2.334000000000003,1,0
0,0,25,2,1,0,3.3359999999999985,0,0
0,0,17,2,1,0,0.0,0,0
1,0,32,1,1,0,1.975999999999999,0,0
0,0,76,4,1,1,4.899000000000001,2,0
0,1,49,1,1,1,3.539999999999999,0,0
0,0,62,2,1,1,3.1430000000000007,0,0
1,0,34,3,1,0,2.4609999999999985,0,0
0,0,54,4,1,1,5.074,1,0
1,0,37,1,1,0,7.072000000000001,0,0
0,0,18,0,1,1,3.6400000000000006,1,0
0,0,24,1,2,0,53.217999999999996,0,0
0,0,11,0,1,0,10.545,0,0
0,0,25,0,1,2,55.325,0,0
0,0,12,0,0,1,3.0699999999999985,0,0
0,0,12,0,0,1,2.2959999999999994,0,0
0,0,18,0,1,0,15.321000000000002,0,0
0,0,6,1,0,0,0.0,0,0
0,0,25,1,1,0,4.005000000000003,0,0
0,1,159,12,1,4,35.803000000000004,0,1
0,0,46,1,1,1,11.013000000000002,0,0
0,0,6,1,0,0,3.5969999999999978,0,0
1,0,15,0,1,1,11.975999999999999,0,0
0,0,74,3,1,3,5.276000000000003,1,0
0,0,15,2,1,1,5.071999999999996,0,0
0,0,50,4,1,0,6.212000000000003,0,0
0,0,26,1,1,0,2.192,1,0
0,0,40,2,1,0,2.2720000000000002,1,0
0,0,21,1,1,0,5.3389999999999995,0,0
0,0,17,1,1,3,3.9749999999999996,1,0
0,0,7,0,0,0,1.4000000000000004,0,0
0,0,20,2,1,0,2.439000000000002,0,1
1,0,45,2,1,2,3.103999999999999,1,0
0,0,40,2,1,2,2.0329999999999977,1,0
0,0,38,1,1,0,7.642000000000003,1,0
1,0,12,1,1,0,1.9609999999999985,0,0
0,0,29,2,1,0,2.646000000000001,0,0
1,0,47,1,1,0,2.362000000000002,0,0
1,0,24,3,1,0,1.8019999999999996,0,0
1,0,22,1,1,1,3.134999999999998,0,0
1,0,52,4,1,2,2.770000000000003,1,0
0,0,67,4,1,2,7.404999999999994,0,0
0,0,31,1,1,2,2.9080000000000013,1,0
0,0,30,3,1,2,5.7109999999999985,0,0
1,0,72,5,1,0,5.7,0,0
0,0,32,2,1,1,3.2319999999999993,0,0
1,0,32,2,1,1,2.703000000000001,0,0
1,0,47,2,1,1,6.179999999999998,0,0
0,0,48,3,1,1,5.341000000000001,2,0
0,0,21,1,1,0,3.193999999999999,0,0
0,0,20,0,1,0,2.5120000000000005,0,0
0,0,31,1,1,1,3.6000000000000014,0,0
0,0,21,2,1,1,10.543999999999997,0,0
0,0,7,0,1,0,1.9030000000000058,0,0
0,0,49,3,1,1,4.239999999999995,0,0
0,0,8,0,0,0,1.6020000000000039,0,0
0,0,11,0,0,0,17.14,0,0
0,0,19,1,1,2,8.577,0,0
0,0,19,0,1,0,1.9740000000000002,1,0
0,0,8,0,0,0,10.004999999999999,0,0
0,0,8,0,0,0,2.972999999999999,0,0
0,0,8,0,0,0,0.0,0,0
0,0,8,0,0,0,13.051000000000002,0,0
0,0,8,0,0,0,9.841000000000001,0,0
0,0,21,1,1,0,18.113999999999997,0,0
1,0,62,2,1,0,39.805,1,0
0,0,11,0,1,0,7.116,0,0
1,0,33,3,1,0,2.594000000000001,0,0
0,0,31,3,1,1,3.8409999999999997,1,0
0,0,22,0,1,0,2.505,0,0
0,0,16,1,1,0,1.763,0,0
0,0,34,4,1,2,5.741,1,0
0,0,14,2,1,1,4.177000000000001,1,0
0,0,14,0,1,0,2.634999999999998,0,0
0,0,27,2,1,0,49.246,0,0
0,0,45,1,1,2,4.77,0,0
1,0,43,5,1,1,5.741,0,0
0,0,38,1,1,0,7.241,1,0
0,0,27,0,1,0,7.043000000000003,0,0
0,0,29,1,1,1,4.162999999999997,0,0
0,0,28,1,1,0,14.323,1,0
0,0,24,2,1,1,29.061,0,0
0,0,55,2,1,0,32.695,1,0
1,0,31,2,1,1,2.174999999999997,1,0
0,0,24,1,1,1,3.004000000000005,0,0
0,0,30,1,1,0,2.298,1,0
0,0,6,1,0,0,1.162,0,0
1,0,13,1,0,0,28.504,0,0
0,0,16,1,2,0,1.5020000000000024,1,1
0,0,14,4,1,2,8.710999999999999,0,0
0,0,7,0,1,0,22.519999999999996,0,0
0,0,22,1,1,0,26.623,0,0
1,0,21,0,1,0,2.942999999999998,0,0
0,0,7,0,0,0,0.0,0,0
0,0,29,2,1,0,15.475000000000001,1,0
0,0,32,0,1,1,3.9409999999999954,0,0
0,0,26,1,1,1,7.0390000000000015,1,0
0,0,6,0,1,0,13.179,0,1
0,0,8,1,2,0,10.649999999999999,0,0
0,0,49,1,1,4,9.972999999999999,1,0
0,0,28,2,1,1,1.902000000000001,0,0
0,0,41,2,1,2,4.3700000000000045,1,0
0,0,17,2,1,0,3.6339999999999932,0,0
0,0,21,1,1,1,-3420,1,0
0,0,6,1,0,0,21.145,0,0
0,0,8,1,2,0,5.638999999999999,0,0
0,0,14,1,1,0,2.7420000000000044,0,0
0,0,11,1,1,0,5.2989999999999995,0,0
0,0,34,3,1,0,6.779999999999994,1,0
0,0,21,1,1,0,2.663000000000004,0,0
1,0,6,1,0,0,6.4410000000000025,0,0
0,0,22,1,1,0,33.878,0,0
0,0,44,1,1,1,4.730999999999998,0,0
0,0,25,0,1,0,6.312000000000005,0,0
0,0,28,2,1,1,26.517000000000003,1,0
0,0,29,0,1,0,6.077,0,0
0,0,10,1,1,0,16.618,0,0
0,0,27,1,1,1,69.403,1,0
0,0,14,0,1,0,1.7660000000000053,1,0
0,0,14,1,1,0,7.047999999999995,0,0
0,0,22,1,1,0,3.4340000000000046,1,0
0,0,38,3,1,0,2.7689999999999984,0,0
0,0,52,1,1,0,3.232999999999997,0,0
0,0,67,5,1,2,5.0760000000000005,1,0
0,0,67,1,1,4,5.405,1,0
0,0,18,1,1,1,6.141000000000001,0,0
0,0,52,1,1,1,4.562999999999999,0,0
0,0,63,3,1,1,7.411000000000001,1,0
0,0,4,0,0,0,3.568999999999999,0,0
1,0,23,0,1,0,2.035,0,0
0,0,45,3,1,1,3.7719999999999985,0,0
0,0,39,3,1,1,2.6090000000000018,0,0
0,0,51,4,1,1,4.3629999999999995,1,0
0,0,44,4,1,0,3.078000000000003,0,0
0,0,27,2,1,1,3.596999999999994,0,0
1,0,33,2,1,1,27.166000000000004,0,0
0,0,65,3,1,3,4.733000000000002,0,0
0,0,13,2,1,1,1.1649999999999991,0,0
0,0,22,1,1,0,2.0790000000000006,1,0
0,0,55,4,1,1,3.6259999999999977,1,0
1,0,34,2,1,1,2.5450000000000017,0,0
0,0,38,3,1,1,6.102999999999998,1,0
1,0,45,2,1,0,9.106000000000002,0,0
0,0,17,2,1,0,1.8369999999999962,0,0
0,0,29,4,1,0,2.3360000000000056,1,0
0,0,65,4,1,0,4.0419999999999945,0,0
0,0,35,3,1,0,6.505000000000003,0,0
0,0,37,1,1,0,4.201999999999998,0,0
0,0,57,2,1,0,38.578,0,0
1,0,12,2,2,0,1.8620000000000019,0,0
0,0,49,4,1,1,3.3729999999999976,0,0
0,0,51,2,1,0,3.2659999999999982,0,0
1,0,5,1,0,0,1.666000000000004,0,0
0,0,29,0,1,1,4.278999999999996,0,0
