0,0,45,6,1,2,42,0,0
0,0,42,7,2,0,3.3569999999999993,0,0
0,0,19,4,1,3,2.780999999999999,0,0
0,0,42,7,2,0,3.453000000000003,0,0
0,0,31,2,1,2,2.3969999999999985,0,0
0,0,32,5,1,2,2.399000000000001,0,0
0,0,22,3,1,3,2.1090000000000018,0,0
0,0,38,3,1,5,3.452999999999996,0,0
0,0,27,2,1,1,2.973,0,0
0,0,23,2,1,2,3.069,0,0
0,0,49,8,1,5,3.3569999999999993,0,0
0,0,31,5,1,3,2.5890000000000004,0,0
0,0,13,2,0,1,1.6310000000000002,0,0
0,0,35,8,1,1,6.138,0,0
0,0,25,1,10,0,15.248999999999999,0,0
1,0,6,1,1,0,41.336,0,0
0,0,18,1,1,0,0.0,1,0
0,0,41,4,1,3,4.027000000000001,1,0
1,0,34,4,1,4,3.0699999999999967,2,0
0,0,39,1,1,0,2.9720000000000013,1,0
1,0,41,0,1,1,3.164999999999999,0,0
0,0,11,1,1,1,4.221000000000004,0,0
0,0,12,1,1,1,0.0,1,0
0,0,15,1,2,0,1.9179999999999993,1,0
0,0,15,1,2,0,2.780999999999999,1,0
1,0,49,5,1,1,2.8770000000000024,3,0
1,0,17,3,1,1,3.451999999999998,1,0
1,0,27,3,1,3,0.0,1,0
1,0,15,0,1,0,2.878,1,0
0,0,14,0,1,0,0.0,1,0
0,0,12,3,1,1,3.0689999999999955,0,0
0,0,13,0,1,1,2.3980000000000032,0,0
0,0,6,0,0,0,0.0,0,0
0,0,19,2,1,2,3.835000000000001,1,0
0,0,13,2,1,2,0.0,0,0
0,0,15,3,1,2,0.0,1,0
0,0,34,2,1,1,2.591000000000001,2,0
0,0,24,1,2,0,16.784,0,0
0,0,21,1,1,1,57.925999999999995,0,0
0,0,14,0,2,0,5.275000000000002,0,0
0,0,25,2,1,1,11.222000000000001,0,0
1,0,60,3,1,3,27.044999999999995,1,0
0,0,18,2,1,0,3.357,0,0
0,0,27,1,1,0,4.987,0,0
0,0,27,1,1,1,11.124999999999998,1,0
0,0,12,0,1,1,2.7810000000000024,0,0
0,0,9,0,3,0,31.553,1,0
0,0,34,1,1,1,3.549999999999997,0,0
1,0,54,3,1,1,5.274999999999999,1,0
0,0,29,3,1,0,2.973,0,0
1,0,27,1,1,0,23.113,0,0
1,0,17,0,1,0,7.864000000000001,0,0
0,0,19,0,1,0,2.3980000000000032,0,0
0,0,9,0,3,0,1.820999999999998,1,0
0,0,35,2,1,1,5.083999999999996,1,0
0,0,35,1,1,1,2.1099999999999994,0,0
0,0,32,1,1,0,2.3019999999999996,0,0
0,0,17,2,1,1,4.124000000000002,0,0
1,0,17,1,1,0,10.165999999999997,0,0
0,0,10,1,1,0,4.219,0,0
1,0,19,1,1,0,5.275,0,0
1,0,61,8,1,1,4.1240000000000006,0,0
0,0,45,1,1,2,2.878,1,0
0,0,3,0,0,1,1.9179999999999993,0,0
0,0,56,7,1,3,3.355999999999998,1,0
0,0,44,4,1,2,2.59,1,0
1,0,26,1,1,1,2.4939999999999998,0,0
0,0,46,3,2,0,3.836000000000002,1,0
0,0,47,2,1,0,2.780999999999999,1,0
0,0,46,3,2,0,3.3569999999999993,1,0
1,0,62,2,1,2,2.780999999999999,1,0
0,0,51,0,1,4,2.973000000000006,1,0
0,0,34,2,1,1,2.7819999999999965,0,0
1,0,23,1,1,1,2.5889999999999986,0,0
0,0,14,0,2,0,3.740000000000002,0,0
0,0,49,3,2,0,2.972999999999999,0,0
0,0,26,2,1,2,3.164999999999999,1,0
0,0,49,3,2,0,2.9729999999999994,0,0
0,0,2,0,0,0,1.6310000000000002,0,0
0,0,52,4,1,1,5.754,0,0
0,0,68,9,1,3,3.3569999999999993,1,0
0,0,54,2,1,2,2.110000000000003,0,0
0,0,44,5,1,2,2.3969999999999985,0,0
0,0,32,2,1,2,1.9190000000000005,0,0
0,0,56,3,1,4,3.4529999999999994,1,0
1,0,53,4,1,4,2.684000000000001,3,0
0,0,52,5,1,0,2.3989999999999974,0,0
0,0,39,1,1,3,2.972999999999999,0,0
1,0,44,4,1,1,2.1099999999999994,3,0
1,0,43,1,1,3,2.301000000000002,1,0
0,0,51,4,1,4,2.8770000000000024,0,0
0,0,52,5,1,1,2.205999999999996,0,0
0,0,42,2,1,1,2.2070000000000007,0,0
0,0,74,1,1,1,3.932000000000002,0,0
0,0,41,0,2,0,3.740000000000002,0,0
0,0,37,0,4,0,3.739999999999995,0,0
0,0,41,0,2,0,3.5490000000000066,0,0
0,0,37,0,4,0,3.644,0,0
0,0,19,3,3,0,3.452,1,0
0,0,27,6,2,0,3.7409999999999997,0,0
0,0,19,3,3,0,3.453000000000001,1,0
0,0,37,0,4,0,4.3149999999999995,0,0
1,0,8,1,1,1,2.1110000000000007,0,0
0,0,9,0,3,0,2.1099999999999994,1,0
1,0,17,2,1,0,1.916999999999998,0,0
1,0,31,3,1,1,4.124000000000002,0,0
0,0,27,6,2,0,3.2609999999999957,0,0
0,0,37,0,4,0,3.5490000000000066,0,0
0,0,19,3,3,0,2.684999999999995,1,0
0,0,39,0,1,0,3.164999999999999,0,0
1,0,19,1,1,0,3.0690000000000026,0,0
0,0,24,1,1,0,5.274999999999999,0,0
0,0,21,1,1,0,12.564,0,0
0,0,25,0,1,0,15.92,0,0
1,0,30,2,1,0,3.8369999999999997,0,0
0,0,41,2,1,3,3.7399999999999984,0,0
0,0,36,1,1,4,4.027000000000001,0,0
0,0,33,2,1,2,3.2620000000000005,0,0
0,0,47,4,1,4,20.716,0,0
1,0,60,1,1,2,1.9179999999999993,0,0
1,0,69,3,1,5,3.259999999999998,0,0
0,0,52,4,1,3,1.9180000000000001,0,0
0,0,104,4,1,1,7.002,0,1
0,0,38,2,1,0,2.1099999999999994,0,0
0,0,46,4,1,1,3.165000000000001,0,0
1,0,40,1,1,2,3.069000000000001,0,0
1,0,43,2,1,0,3.067999999999998,1,0
1,0,57,3,1,0,2.686,0,0
1,0,51,2,1,1,4.029,0,0
0,0,29,1,1,0,3.1640000000000015,0,0
1,0,43,1,1,0,4.602999999999998,0,0
1,0,25,3,1,0,2.972999999999999,0,0
0,0,57,3,1,0,13.044000000000004,0,0
1,0,27,4,1,0,2.3969999999999985,0,0
0,0,43,3,1,1,2.972999999999999,3,0
0,0,36,3,1,0,3.8370000000000033,1,0
1,0,48,1,1,2,6.234,1,0
1,0,41,3,1,0,2.5890000000000004,0,0
0,0,26,3,1,0,2.3979999999999997,0,0
1,0,47,0,1,3,2.3979999999999997,1,0
0,0,44,4,1,1,1.3420000000000005,2,0
1,0,43,1,1,0,2.3979999999999997,1,0
0,0,38,1,1,4,4.411999999999999,1,0
0,1,53,2,1,2,4.5070000000000014,2,0
1,0,41,3,1,1,2.2059999999999995,1,0
0,0,52,1,1,1,3.2609999999999992,0,0
1,0,21,1,1,0,2.8770000000000024,0,0
0,0,56,1,1,2,2.397999999999996,0,0
0,0,52,1,1,2,2.1099999999999994,2,0
0,0,64,5,1,3,3.3569999999999993,2,0
0,0,50,3,1,1,3.6440000000000055,1,0
1,0,26,2,1,0,1.9179999999999993,0,0
1,0,42,2,1,0,4.027999999999999,0,0
0,0,27,2,1,2,2.878,1,0
0,0,36,2,1,1,2.8759999999999977,0,0
0,0,45,0,1,0,1.919000000000004,0,0
1,0,51,2,1,1,2.780999999999999,0,0
0,0,47,1,1,2,2.974,0,0
0,0,32,2,1,0,2.7809999999999997,0,0
0,0,14,2,1,0,0.0,0,0
0,0,38,3,1,0,2.8759999999999994,0,0
0,0,39,2,1,1,1.9190000000000005,0,0
0,0,61,6,1,1,2.205,1,0
0,0,18,1,1,0,2.399000000000001,0,0
0,0,46,2,1,1,4.314999999999998,1,0
0,0,18,1,1,0,6.043000000000003,0,0
0,0,49,2,1,1,2.780999999999999,1,0
1,0,49,2,1,2,3.1640000000000015,2,0
0,0,51,2,1,1,2.397999999999996,0,0
0,0,38,6,1,1,2.2050000000000054,0,0
0,0,52,3,1,0,3.7419999999999973,1,0
0,0,17,1,1,1,2.3969999999999985,0,0
0,0,59,1,1,1,21.482000000000006,0,0
0,0,47,2,1,1,4.221,2,0
0,0,25,0,1,0,3.74,0,0
1,0,35,1,2,0,11.509,0,0
0,0,43,1,1,1,5.753999999999998,0,0
0,0,57,3,1,6,4.507999999999999,2,0
0,0,40,3,1,5,4.315000000000005,1,0
0,0,46,2,1,6,3.2620000000000005,2,0
0,0,60,3,1,0,3.452999999999996,0,0
0,0,36,3,1,4,2.3019999999999996,1,0
0,0,35,2,1,3,1.9170000000000016,0,0
1,0,49,4,1,2,3.3560000000000016,1,0
1,0,75,4,1,3,4.028999999999996,1,0
0,0,38,2,1,3,2.972999999999999,2,0
0,0,51,1,1,4,2.8770000000000002,0,0
1,0,12,1,1,1,2.3979999999999997,0,0
1,0,44,0,1,1,1.9180000000000001,0,0
1,0,48,3,1,0,2.3979999999999997,0,0
0,0,56,5,1,1,2.3019999999999996,0,0
1,0,50,3,1,0,1.918000000000001,0,0
1,0,47,2,1,0,1.916999999999998,0,0
1,0,34,0,1,1,2.0150000000000006,0,0
0,0,31,1,1,0,1.9179999999999993,0,0
0,0,89,1,1,2,4.3160000000000025,3,0
0,0,43,0,1,1,2.2059999999999995,3,0
1,0,51,0,1,0,2.012999999999998,0,0
0,0,34,0,1,0,2.4940000000000033,0,0
0,0,53,3,1,0,3.8359999999999985,0,0
0,0,61,2,1,0,3.357999999999997,0,0
1,0,27,0,1,0,3.068000000000005,0,0
0,0,17,2,1,1,2.686,0,0
0,0,6,0,0,0,2.780999999999999,0,0
0,1,51,3,1,1,3.932000000000002,1,0
0,0,11,0,1,0,2.3019999999999996,0,0
1,0,53,3,1,0,3.1639999999999944,0,0
0,0,57,3,1,3,5.755000000000003,1,0
1,0,11,0,1,0,3.549,0,0
0,0,88,4,1,0,6.233999999999999,0,1
0,0,53,0,1,4,4.603,0,0
1,0,79,4,1,0,4.795999999999999,0,0
0,0,65,4,1,4,4.124000000000002,1,0
0,0,47,4,1,6,5.274999999999999,0,0
0,0,32,3,1,3,3.163999999999998,0,0
1,0,10,1,2,0,2.3980000000000032,0,0
0,0,60,1,1,0,3.836999999999996,2,0
0,0,43,1,1,0,4.123000000000005,0,0
1,0,35,1,2,0,2.972999999999999,0,0
0,0,19,0,1,0,34.91,0,0
0,0,12,0,1,0,8.344000000000001,0,0
1,0,16,1,1,1,0.0,0,0
1,0,21,2,1,2,0.0,0,0
1,0,34,1,1,3,2.3979999999999997,1,0
1,0,47,1,1,3,2.5889999999999986,0,0
0,0,25,2,1,1,16.592,0,0
1,0,65,2,1,3,31.840000000000003,1,0
0,0,45,1,1,4,3.645000000000003,0,0
0,0,61,1,1,4,4.029,0,0
0,0,58,1,1,7,2.8759999999999977,0,0
0,0,21,1,1,2,1.6310000000000002,0,0
1,0,70,2,1,0,5.658999999999999,0,0
0,0,23,0,1,0,4.124000000000002,0,0
1,0,31,0,2,0,3.932000000000002,2,0
1,0,31,0,1,0,3.931999999999995,2,0
1,0,42,0,1,0,4.124000000000002,1,0
1,0,31,0,2,0,4.6030000000000015,2,0
0,0,37,1,1,3,5.85,1,0
0,0,27,3,1,4,2.9730000000000008,1,0
0,0,9,0,8,0,9.496,0,0
0,0,57,3,1,1,3.7399999999999984,2,0
0,0,20,0,1,1,3.3560000000000016,2,0
0,0,20,0,1,0,3.3569999999999993,0,0
0,0,11,0,1,0,5.947000000000003,1,0
0,0,23,0,1,0,7.863999999999997,0,0
1,0,33,0,1,0,3.645000000000003,0,0
1,0,54,1,1,1,2.8759999999999977,0,0
0,0,23,2,1,3,2.013999999999996,0,0
0,0,20,1,1,0,2.5900000000000034,0,0
0,0,25,0,2,0,2.301000000000002,0,0
0,0,12,0,1,0,1.8230000000000004,0,0
0,0,25,0,2,0,2.3979999999999997,0,0
0,0,21,1,6,0,2.781,0,0
0,0,22,0,1,0,2.3969999999999994,1,0
1,0,54,3,1,2,4.221,1,0
0,0,30,1,1,1,2.7810000000000006,0,0
1,0,65,3,1,1,2.4930000000000003,1,0
0,0,33,1,1,0,2.0139999999999993,2,0
0,0,49,3,1,2,2.399000000000001,1,0
0,0,65,2,1,0,3.355999999999998,1,1
1,0,63,5,1,0,4.124000000000002,1,0
0,1,79,3,1,0,5.753999999999998,2,1
0,0,30,1,1,2,2.686,0,0
0,0,46,2,1,2,4.3160000000000025,1,0
1,0,44,2,1,1,3.3560000000000016,1,0
0,0,36,3,1,0,7.096999999999994,0,0
0,0,39,0,1,0,1.7260000000000062,0,0
1,0,58,1,1,1,3.3569999999999993,0,0
1,0,13,1,1,0,2.205999999999996,0,0
0,0,68,3,1,3,5.563000000000001,1,0
0,0,45,3,1,2,2.1100000000000003,1,0
0,0,46,2,1,2,1.9169999999999998,0,0
0,0,58,1,1,1,3.741999999999999,1,0
0,0,38,0,1,0,2.8760000000000012,0,0
1,0,17,0,1,0,2.2070000000000007,0,0
0,0,74,0,1,0,4.0269999999999975,0,0
0,0,51,2,1,2,2.4939999999999998,1,0
0,0,20,0,1,1,3.0680000000000014,0,0
0,0,14,0,1,0,3.742000000000001,1,0
0,0,22,1,1,0,2.012999999999998,0,0
0,0,41,2,1,2,2.014000000000003,0,0
0,0,40,2,1,1,1.9179999999999993,0,0
0,0,31,2,1,1,3.2620000000000005,1,0
1,0,25,1,1,1,3.067999999999998,0,0
0,0,45,2,1,1,2.3969999999999985,0,0
0,0,37,3,1,2,2.591000000000001,0,0
0,0,42,4,1,2,3.835000000000001,0,0
0,0,36,1,1,0,3.164999999999999,0,0
0,0,8,0,1,0,2.3019999999999996,0,0
1,0,46,3,1,0,7.001000000000005,0,0
0,0,23,2,1,1,1.9190000000000005,0,0
1,0,50,4,1,2,2.205,0,0
0,0,41,4,1,0,2.878,0,0
0,0,21,0,2,0,3.26,0,0
0,0,18,1,1,2,2.1099999999999994,0,0
0,0,30,1,1,3,16.400000000000002,2,0
0,0,16,0,1,2,3.5489999999999995,1,0
0,0,20,1,1,2,6.329000000000001,0,0
0,0,22,1,1,1,4.315999999999995,0,0
0,0,67,7,1,2,4.508000000000003,1,0
0,0,29,1,1,1,2.8770000000000024,0,0
0,0,47,2,1,0,2.972999999999999,0,0
0,0,35,0,1,2,2.4939999999999998,0,0
0,0,55,4,1,2,4.316000000000001,1,0
1,0,48,4,1,0,2.5890000000000004,0,0
1,0,21,2,1,0,2.206999999999999,0,0
0,0,77,3,1,5,3.548,1,0
0,0,31,0,1,0,2.109,0,0
0,0,50,4,1,1,2.0150000000000006,0,0
0,0,36,2,1,0,2.8760000000000012,0,0
0,0,16,0,1,0,2.5909999999999975,0,0
1,0,36,0,1,0,4.5070000000000014,0,0
0,0,49,5,1,0,3.836000000000002,2,0
0,0,40,2,1,3,2.8769999999999953,3,0
0,0,64,3,1,2,3.0700000000000003,1,0
0,0,38,1,1,2,2.2050000000000054,1,0
0,0,47,1,1,0,2.110999999999997,0,0
0,0,63,4,1,1,4.1229999999999976,1,0
1,0,44,2,1,3,2.972999999999999,1,0
0,0,40,1,1,1,4.0290000000000035,0,0
0,0,6,0,0,1,2.3969999999999985,0,0
0,0,81,6,1,4,3.3569999999999993,1,0
1,0,47,4,1,0,2.2049999999999983,0,0
0,0,54,2,1,1,3.5489999999999995,0,0
1,0,48,3,1,0,2.1100000000000003,3,0
0,0,48,3,1,0,2.4940000000000007,0,0
0,0,65,4,1,2,4.411,0,0
0,0,19,0,6,0,4.315999999999999,0,0
1,0,14,1,1,1,1.9179999999999993,0,0
0,0,41,3,1,1,3.357000000000003,0,0
0,0,55,2,1,4,3.1660000000000004,0,0
0,0,11,1,0,0,1.916999999999998,0,0
0,0,72,6,1,2,6.906000000000002,0,0
0,0,65,4,1,0,2.3969999999999985,1,0
0,0,52,3,1,0,3.6439999999999984,1,0
0,0,83,9,1,2,4.508000000000003,2,0
0,0,44,3,1,1,3.0689999999999955,0,0
0,0,29,2,1,1,1.9180000000000064,1,0
1,0,19,0,1,1,1.918999999999997,0,0
1,0,52,1,1,1,2.6839999999999975,1,0
1,0,44,0,1,2,2.9740000000000038,0,0
1,0,48,5,1,1,2.492999999999995,0,0
1,0,66,3,1,1,4.316,0,0
0,0,37,2,1,0,2.877,1,0
1,0,12,0,1,1,2.7810000000000006,0,0
1,0,37,3,1,1,2.206999999999999,1,0
1,0,61,4,1,2,5.561999999999999,0,0
0,0,22,2,1,0,7.385000000000002,0,0
1,0,53,2,1,1,9.303,0,0
0,0,29,1,1,1,3.0689999999999955,0,0
0,0,41,2,1,0,10.262,0,0
1,0,32,2,1,0,2.2050000000000054,0,0
0,0,59,3,1,1,2.686,0,0
0,0,40,2,1,0,1.9179999999999993,0,0
1,0,40,1,1,0,2.397999999999996,0,0
0,0,21,2,1,0,3.1640000000000015,0,0
0,0,36,2,1,2,10.934000000000001,1,0
0,0,24,1,1,1,3.8369999999999997,0,0
0,0,58,3,1,2,4.986000000000001,0,0
0,0,37,1,1,1,17.839000000000002,0,0
0,0,9,0,1,1,3.3559999999999945,0,0
0,0,33,1,1,0,3.0700000000000003,2,0
0,0,68,4,1,1,9.111000000000004,2,0
0,0,35,2,1,2,2.780999999999999,0,0
0,0,53,4,1,1,4.507999999999996,1,0
0,0,53,2,1,1,4.699,0,0
0,0,42,2,1,1,3.0700000000000003,1,0
0,0,43,2,1,2,6.520999999999999,1,0
0,1,51,2,1,1,2.397000000000002,0,0
0,0,29,2,1,2,2.782,0,0
1,0,44,3,1,4,5.082999999999998,0,0
0,0,35,2,1,0,3.3560000000000016,0,0
0,0,40,5,1,2,2.206999999999997,0,0
0,0,40,4,1,0,1.9179999999999993,0,0
0,0,40,1,1,1,2.5890000000000057,0,0
0,0,26,1,1,1,2.300999999999995,1,0
0,0,48,2,1,2,4.221000000000004,1,0
0,0,25,1,1,2,2.4939999999999998,0,0
0,0,68,5,1,5,6.234000000000002,1,0
0,0,75,5,1,2,6.233999999999995,1,0
0,0,17,2,1,0,2.014000000000003,0,0
0,0,75,3,1,6,3.453,3,0
1,0,54,1,1,2,4.122,2,0
0,0,7,1,0,0,1.9190000000000005,0,0
0,0,17,0,2,0,12.276,0,0
0,0,17,0,2,0,3.164999999999999,0,0
0,0,29,0,1,2,3.4529999999999994,1,0
0,0,25,0,1,2,8.727000000000004,0,0
0,0,17,1,1,1,8.056999999999995,0,0
0,0,18,0,1,1,7.097000000000001,0,0
0,0,31,2,1,2,11.508999999999993,0,0
0,0,46,2,1,1,4.7940000000000005,0,0
0,0,19,1,1,1,2.878,0,0
0,0,9,0,8,0,2.109,0,0
0,0,50,2,1,2,2.7819999999999983,0,0
0,0,6,2,0,1,1.439,0,0
0,0,25,2,1,2,2.397000000000002,0,0
0,0,13,1,1,0,3.7399999999999984,0,0
0,0,34,1,1,1,15.346,1,0
0,0,59,3,1,4,5.178000000000004,3,0
0,0,46,7,1,4,4.028999999999996,2,0
1,0,58,2,1,0,1.8220000000000027,2,0
0,0,30,4,1,0,2.2049999999999983,0,0
0,0,74,4,1,5,4.891999999999996,2,1
0,0,52,3,1,4,2.6850000000000023,0,0
0,0,84,5,1,5,3.645,2,0
0,0,49,5,1,3,3.068,1,0
0,0,55,1,1,2,3.165000000000001,1,0
0,0,54,4,1,6,5.274999999999999,1,0
0,0,36,1,1,4,2.974000000000002,2,0
0,0,55,2,1,2,5.466999999999999,0,0
0,0,56,5,1,5,5.466000000000001,0,0
1,0,32,4,1,2,1.3419999999999987,0,0
0,0,137,7,1,9,11.222000000000001,1,1
0,0,76,5,1,9,4.987000000000002,0,0
0,0,42,4,1,4,3.452999999999996,1,1
0,0,60,3,1,4,3.8359999999999985,2,0
0,0,39,3,1,2,2.5900000000000034,0,0
0,0,147,12,1,11,11.315999999999995,0,1
0,0,84,11,1,7,3.74,1,0
0,0,66,4,1,3,3.1660000000000004,0,0
0,0,39,3,1,1,2.8759999999999994,0,1
0,0,51,2,1,2,3.3569999999999993,1,0
0,0,45,2,1,2,2.782,1,0
0,0,72,3,1,2,3.740000000000002,0,0
0,0,16,0,2,0,11.126000000000001,0,0
0,0,75,3,1,2,7.287999999999997,1,0
0,0,38,2,1,3,4.027999999999999,1,0
0,0,27,4,1,1,3.166000000000004,0,0
0,0,58,1,1,0,7.192,0,0
0,0,15,0,1,1,3.356,0,0
0,0,32,1,1,3,8.44,1,0
1,0,13,2,1,0,6.618,0,0
0,0,24,1,1,0,7.672000000000001,0,0
0,0,49,2,1,0,4.123999999999999,0,0
0,0,53,3,1,2,5.180000000000003,0,0
0,0,50,2,1,2,4.795999999999999,2,0
0,0,15,0,1,0,2.780999999999999,0,0
0,0,9,0,8,0,3.835000000000001,0,0
0,0,16,0,1,0,6.809999999999995,0,0
0,0,15,0,1,1,4.604000000000006,0,0
1,0,36,1,1,1,11.316000000000003,1,0
0,0,34,3,1,1,11.508999999999999,0,0
1,0,40,0,1,0,13.715000000000003,0,0
1,0,21,3,1,0,1.9179999999999993,1,0
0,0,67,2,1,0,2.3969999999999985,1,0
0,0,25,2,1,0,2.780999999999999,0,0
0,0,16,0,1,1,4.603999999999999,0,0
0,0,22,0,1,0,10.358000000000004,0,0
0,0,19,0,1,0,4.795000000000002,0,0
0,0,52,2,1,2,6.138999999999999,2,0
0,0,24,1,2,0,12.084,0,0
1,0,43,4,1,1,3.932000000000002,1,0
0,0,51,5,1,4,2.3979999999999997,2,0
0,0,54,6,1,1,3.8359999999999985,0,0
0,0,63,3,1,3,5.563000000000002,2,0
0,0,52,1,1,2,4.123999999999995,1,0
1,0,23,3,1,0,2.2050000000000054,0,0
0,0,22,1,1,0,3.931999999999995,0,0
0,0,9,0,8,0,2.3019999999999996,0,0
1,0,26,3,1,0,6.234999999999999,0,0
1,0,22,1,1,1,4.507000000000005,0,0
0,0,13,0,1,0,2.8769999999999953,0,1
0,0,4,0,0,0,3.2609999999999997,0,0
0,0,68,3,1,0,5.370000000000001,1,0
0,0,33,2,1,2,4.508999999999999,1,0
0,0,26,0,1,2,3.356,0,0
0,0,33,2,1,1,4.3160000000000025,0,0
0,0,35,0,1,0,4.986999999999998,0,0
0,0,29,1,1,1,3.2609999999999992,0,0
0,0,14,2,1,1,2.8759999999999977,0,0
0,0,56,8,1,5,5.467000000000006,0,0
0,0,33,2,1,2,3.452999999999996,0,0
0,0,35,1,1,2,4.508000000000003,1,0
0,0,30,1,1,1,4.219999999999999,0,0
0,0,4,0,0,0,1.9170000000000016,0,0
0,0,46,2,1,2,3.165999999999997,0,0
0,0,39,0,1,3,3.5489999999999995,1,0
0,0,46,2,1,1,2.3970000000000002,1,0
0,1,39,3,1,0,3.357,0,0
0,0,67,4,1,2,3.9319999999999995,2,0
0,0,22,1,1,0,2.7810000000000006,0,0
0,0,76,4,1,1,3.4529999999999994,1,0
0,0,36,3,1,1,4.5070000000000014,0,0
0,0,73,4,1,4,5.1789999999999985,0,0
1,0,6,0,1,1,2.4939999999999998,0,0
0,0,4,1,0,1,5.082999999999998,0,0
1,0,15,1,1,1,26.086000000000006,0,0
0,0,22,2,1,0,4.700000000000003,0,0
0,0,29,2,1,0,4.794999999999999,0,0
0,0,15,0,1,0,2.9730000000000008,0,0
0,0,63,3,1,1,8.152999999999999,2,0
0,0,52,4,1,0,5.275000000000002,1,0
0,0,18,1,1,2,4.314999999999998,1,0
0,0,21,1,6,0,5.084,0,0
0,0,70,2,1,2,14.865000000000002,0,0
1,0,18,0,1,0,2.014000000000003,0,0
1,0,34,2,1,1,1.2459999999999951,0,0
0,0,35,1,1,1,2.3019999999999996,0,0
0,0,18,1,1,0,3.164999999999999,0,0
1,0,38,3,1,1,11.988000000000007,0,0
0,0,56,3,1,2,2.974,0,0
0,0,65,4,1,1,4.6030000000000015,0,0
1,0,16,0,1,0,8.343999999999998,0,0
0,0,25,2,1,0,9.686000000000003,2,0
0,0,38,0,1,0,2.686,0,0
0,0,50,2,1,0,2.878,0,0
0,0,45,2,1,1,4.218999999999994,1,1
0,1,52,4,1,2,4.604000000000006,1,0
0,0,13,2,1,0,1.9169999999999945,0,0
0,0,20,1,1,0,2.591000000000001,0,1
0,0,52,1,1,0,3.932000000000002,0,0
0,0,21,3,1,0,1.9170000000000016,0,0
0,0,30,0,1,0,2.4939999999999998,1,0
0,0,19,3,1,0,3.6450000000000005,0,0
0,0,30,1,1,1,4.3149999999999995,1,0
0,0,29,1,1,0,2.7810000000000006,0,0
0,0,14,0,1,0,4.700000000000001,0,1
0,1,65,1,1,0,14.289999999999996,2,0
0,0,42,1,1,1,3.261000000000003,1,0
0,0,52,2,1,1,2.8770000000000024,1,0
0,0,62,7,1,1,2.684999999999995,1,0
1,0,30,0,1,1,2.5900000000000034,2,0
1,0,68,7,1,2,3.8359999999999985,0,0
1,0,29,1,1,0,6.042000000000002,0,0
1,0,40,0,1,1,6.137999999999998,0,0
0,0,26,3,1,3,12.084999999999999,0,0
0,0,52,3,1,4,17.742,0,0
0,0,58,2,1,5,2.59,0,0
0,0,23,1,1,0,2.205999999999996,0,0
0,0,16,0,2,0,2.2050000000000054,0,0
0,0,60,3,1,2,12.564,1,0
0,0,56,2,1,1,1.9179999999999993,0,0
0,0,35,3,1,1,2.686,0,0
0,0,51,4,1,2,4.027000000000001,3,0
0,0,32,2,1,2,2.3019999999999996,0,0
0,0,43,2,1,1,2.4939999999999998,1,0
0,0,26,1,1,0,2.0140000000000002,0,0
0,0,21,0,1,1,2.3019999999999996,0,0
0,0,36,3,1,3,4.604,2,0
0,0,39,3,1,0,4.890000000000001,0,0
1,0,36,2,1,0,2.686,0,0
0,0,20,1,1,0,2.780999999999999,0,0
0,0,65,3,1,0,3.4529999999999994,0,0
1,0,46,2,1,2,3.3560000000000016,1,0
0,0,33,2,1,1,3.933,1,0
0,0,42,1,1,0,3.1640000000000015,0,0
1,0,61,5,1,1,3.931999999999995,1,0
0,0,11,0,5,0,2.878,0,0
0,0,44,2,1,1,4.699000000000005,0,0
0,0,59,2,1,2,2.878,0,0
1,0,37,1,1,1,2.686,0,0
0,0,12,0,1,0,2.780999999999999,0,0
0,0,70,2,1,2,4.124000000000002,0,0
0,0,70,5,1,0,3.5480000000000005,0,0
0,0,42,5,1,2,4.316,0,0
1,0,30,3,1,1,7.960000000000001,1,0
0,0,30,4,1,1,2.3979999999999997,0,0
0,0,14,0,1,0,6.521000000000001,0,0
0,0,11,1,1,0,16.688999999999997,0,0
0,0,20,2,1,1,11.027999999999999,1,0
1,0,14,0,1,0,2.206000000000003,0,0
0,0,25,0,1,1,2.3019999999999996,0,0
1,0,20,1,1,0,2.206000000000003,1,0
0,0,34,1,1,0,4.124000000000002,1,0
0,0,47,3,1,0,3.7399999999999993,0,0
0,0,17,2,2,0,2.0150000000000006,0,0
0,0,36,2,1,3,4.122999999999999,1,0
0,0,35,2,1,1,2.5900000000000016,0,0
0,0,25,1,1,0,2.8759999999999977,0,0
0,0,35,3,1,0,3.1660000000000004,0,0
0,0,17,2,2,0,2.0139999999999993,0,0
0,0,52,5,1,1,3.835000000000001,0,0
1,0,7,0,1,0,2.7830000000000013,0,0
1,0,25,0,1,0,4.985999999999997,0,0
0,0,52,2,1,0,2.878,1,0
0,0,78,2,1,1,2.8770000000000024,1,1
1,0,43,4,1,1,2.6850000000000023,0,0
0,0,58,2,1,1,3.0689999999999955,1,0
0,0,36,4,1,1,4.0290000000000035,0,0
0,0,7,1,0,0,2.2049999999999983,0,0
0,0,63,6,1,3,3.8359999999999985,1,0
0,0,44,4,1,2,2.3980000000000032,0,0
0,0,56,1,1,3,2.111,1,0
0,0,46,4,1,0,2.2049999999999996,0,0
0,0,52,3,1,3,2.301,1,0
1,0,43,1,1,0,4.029000000000001,1,0
0,0,58,1,1,1,5.465999999999999,2,0
1,0,63,5,1,3,2.972999999999999,0,0
1,0,55,4,1,0,3.4529999999999994,0,0
0,0,33,2,1,1,2.3980000000000032,0,0
1,0,31,1,1,1,1.9179999999999993,0,0
0,0,29,0,1,1,2.1099999999999994,0,0
0,0,31,1,1,1,2.3009999999999984,1,0
0,0,48,3,1,1,2.589000000000002,0,0
0,0,54,2,1,2,3.644999999999996,0,0
0,0,63,6,1,5,2.973000000000006,0,0
1,0,7,0,2,0,2.0150000000000006,0,1
1,0,15,0,1,0,1.9169999999999945,0,0
1,0,14,1,1,0,1.919000000000004,0,0
0,0,25,1,10,0,4.219999999999999,0,0
1,0,22,1,1,0,4.411000000000001,0,0
1,0,49,2,1,1,2.780999999999999,1,0
1,0,7,0,2,0,2.4939999999999998,0,1
1,0,5,0,1,0,1.9180000000000001,0,0
1,0,22,0,1,0,4.221,0,0
0,0,26,1,1,1,2.7810000000000006,0,0
1,0,41,2,1,1,2.8759999999999994,0,0
1,0,16,1,1,0,4.893000000000001,0,0
1,0,26,1,1,0,0.0,0,0
0,0,45,1,1,2,15.631999999999998,0,0
0,0,62,3,1,0,4.027999999999999,2,1
0,0,61,1,1,1,2.4939999999999998,0,0
0,0,56,3,1,0,3.740000000000002,0,0
0,1,47,4,1,1,3.6439999999999984,1,0
1,0,66,3,1,1,4.028000000000006,1,0
1,0,23,0,1,0,2.686,0,0
0,0,8,0,0,1,120,0,0
0,0,29,4,1,2,2.8760000000000012,1,0
0,0,20,2,1,1,2.4939999999999998,0,0
0,0,36,2,1,2,6.042000000000002,0,0
0,0,61,4,1,0,4.123999999999995,1,0
0,0,78,4,1,1,5.18,0,0
0,0,13,0,1,0,0.9580000000000055,0,0
1,0,37,4,1,0,2.397999999999996,0,0
0,0,28,2,1,1,2.8770000000000024,0,0
0,0,73,3,1,3,4.603999999999999,0,0
0,0,51,5,1,0,3.0679999999999996,0,0
0,0,48,1,1,0,2.686,2,0
0,0,28,4,1,2,2.3020000000000014,0,0
0,0,58,4,1,1,2.2049999999999983,0,0
0,0,33,2,1,0,2.1110000000000007,2,0
0,0,42,4,1,2,2.205000000000002,0,0
0,0,57,6,1,2,4.603999999999999,1,0
0,0,42,3,1,0,2.780999999999999,0,0
1,0,34,1,1,0,1.9190000000000005,0,0
1,0,49,4,1,1,2.3019999999999996,0,0
0,0,37,2,1,2,3.259999999999998,0,0
0,0,37,2,1,0,2.3019999999999996,0,0
0,0,41,4,1,0,2.0130000000000052,0,0
0,0,31,0,1,1,2.3019999999999996,0,0
0,0,31,0,1,0,2.205999999999996,0,0
0,0,25,0,1,1,3.645000000000003,0,0
0,0,50,2,1,1,9.11,0,0
0,0,38,0,1,3,5.274999999999999,2,0
0,0,29,2,1,1,2.878,0,0
0,0,35,1,1,3,4.795999999999999,2,0
0,0,30,1,1,3,2.397000000000001,0,0
1,0,42,2,1,2,2.972999999999999,1,0
1,0,31,2,1,1,1.9179999999999993,1,0
1,0,47,1,1,1,3.5489999999999995,1,0
0,0,62,2,1,2,4.699000000000002,2,0
0,0,63,5,1,3,2.972999999999999,1,0
0,0,40,0,1,0,1.343,0,0
1,0,41,1,1,1,2.4939999999999998,1,0
1,0,47,5,1,0,3.355999999999998,1,0
1,0,53,5,1,1,2.301000000000002,1,0
0,0,62,4,1,2,3.2620000000000005,0,0
1,0,34,2,1,0,3.740000000000002,0,0
0,0,34,1,1,2,2.7819999999999965,0,0
0,0,55,6,1,4,4.411000000000001,2,0
0,0,30,2,1,1,5.561999999999998,1,0
0,0,21,0,1,0,2.9740000000000038,0,0
0,0,37,1,1,1,4.3160000000000025,2,0
0,0,30,2,1,2,3.7399999999999998,1,0
0,0,40,5,1,1,3.8360000000000003,1,0
0,0,27,2,1,0,3.4529999999999994,0,0
0,0,23,1,1,0,4.5070000000000014,1,0
1,0,21,0,1,2,2.782,0,0
0,0,63,4,1,3,6.8089999999999975,2,0
0,0,41,3,1,3,3.357000000000003,0,0
0,0,46,1,1,0,7.385000000000002,0,0
1,0,22,2,1,0,2.2049999999999983,1,0
1,0,20,1,1,0,2.3019999999999996,0,0
0,0,26,0,1,0,1.918999999999997,0,0
1,0,34,3,1,0,4.219000000000001,0,0
1,0,32,4,1,0,17.647,0,0
1,0,35,0,1,0,2.3980000000000006,0,0
1,0,49,3,1,0,4.315999999999999,0,0
0,0,68,4,1,1,2.6850000000000005,0,0
0,0,59,3,1,3,3.069000000000001,1,0
1,0,47,0,1,1,4.219999999999999,0,0
0,0,41,3,1,0,4.123999999999999,0,0
0,0,33,2,1,2,2.6850000000000023,0,0
0,0,46,3,1,2,3.355999999999998,1,0
0,0,36,3,1,1,2.591000000000001,0,0
0,0,30,2,1,2,2.5889999999999986,1,0
1,0,30,2,1,0,2.686,0,0
0,0,42,6,1,2,2.3969999999999985,0,0
0,0,50,1,1,3,2.5890000000000057,0,0
0,0,44,4,1,4,3.7409999999999997,2,0
1,0,27,2,1,1,10.549,0,0
1,0,17,1,1,0,4.123999999999995,0,0
0,0,56,3,1,0,4.508,1,0
0,0,19,1,1,0,1.9179999999999993,1,0
0,0,40,1,1,3,2.110000000000001,2,0
0,0,53,3,1,1,2.3979999999999997,0,0
0,0,5,1,0,0,1.918000000000001,0,0
0,0,36,1,1,1,4.794999999999998,1,0
0,0,28,3,1,0,12.754999999999999,0,0
0,0,32,0,1,0,3.2620000000000005,0,0
0,0,51,2,1,2,10.453000000000003,2,0
0,1,61,2,1,2,3.5489999999999995,1,0
0,0,14,0,1,1,5.945999999999998,0,0
0,0,27,1,1,0,8.919000000000004,0,0
0,0,154,11,1,3,19.373,2,1
0,0,28,1,1,1,2.399000000000001,0,0
0,0,95,6,1,8,4.027000000000001,3,0
0,0,62,4,1,3,3.164999999999999,0,0
0,0,44,4,1,1,3.0689999999999955,1,0
0,0,69,2,1,3,3.1650000000000063,1,0
0,0,30,1,1,1,1.9179999999999993,1,0
0,0,75,2,1,6,10.357999999999997,3,1
0,0,28,1,1,0,2.686,0,0
0,0,34,1,1,1,2.301000000000002,0,0
0,0,171,9,1,2,25.894999999999996,1,1
1,0,39,1,1,3,21.962999999999997,0,0
1,0,23,2,1,1,1.9179999999999993,0,0
0,0,40,0,1,0,3.164999999999999,1,0
0,0,39,1,1,1,5.659000000000006,0,0
1,0,24,0,1,0,3.1639999999999944,3,0
0,0,16,1,6,0,3.357,0,0
1,0,35,1,1,2,4.218999999999999,0,0
1,0,49,1,1,0,2.110000000000001,0,0
0,0,49,3,1,0,2.5909999999999993,1,0
0,0,73,2,1,0,6.232999999999999,0,0
0,0,30,2,1,0,5.083000000000002,0,0
0,0,28,0,1,0,3.7399999999999984,0,0
0,0,28,1,1,0,3.4529999999999994,0,0
1,0,31,2,1,2,2.4939999999999998,0,0
0,0,77,14,1,9,3.259999999999998,0,0
0,0,24,3,1,3,3.0690000000000026,0,0
1,0,37,0,1,0,7.768999999999998,3,0
0,0,31,1,2,0,8.535000000000004,0,0
1,0,27,0,1,1,2.399000000000001,0,0
0,0,39,1,1,2,25.413999999999994,1,0
1,0,31,1,1,1,2.399000000000001,1,0
0,0,21,0,1,0,3.6430000000000007,0,0
1,0,56,3,1,1,6.042999999999996,0,0
1,0,22,2,1,0,7.960000000000001,0,0
0,0,19,0,6,0,3.4520000000000053,0,0
1,0,26,2,1,0,8.535999999999994,1,0
1,0,30,2,1,1,3.164999999999999,2,0
0,0,10,0,1,0,2.399000000000001,0,0
0,0,19,1,2,0,3.2600000000000002,0,0
1,0,45,6,1,0,4.890999999999999,0,0
0,0,73,3,1,4,3.165000000000001,0,0
1,0,49,0,1,0,2.972999999999999,0,0
1,0,49,0,1,2,4.125,0,0
1,0,39,1,1,1,2.7810000000000024,2,0
1,0,40,1,1,3,3.7399999999999984,2,0
1,0,45,3,1,1,2.5889999999999986,1,0
1,0,37,1,1,2,2.3980000000000032,0,0
1,0,46,2,1,2,3.1640000000000015,0,0
1,0,25,2,1,0,2.9739999999999966,0,0
1,0,26,1,1,0,2.206000000000003,0,0
1,0,31,1,1,2,3.0689999999999955,0,0
0,0,22,0,1,0,7.2890000000000015,0,0
0,0,13,0,3,0,5.850000000000001,0,0
0,0,37,0,1,1,3.6439999999999984,0,0
0,0,33,2,1,1,2.686,0,0
0,0,75,4,1,2,2.973,1,0
0,0,36,0,1,0,3.261,0,0
0,0,25,2,1,0,6.138,1,0
0,0,25,0,1,0,4.123000000000001,0,0
0,0,17,0,4,0,4.603999999999999,0,0
1,0,50,0,1,0,9.974999999999998,0,0
1,0,15,1,1,1,2.301000000000002,1,0
1,0,21,1,1,2,2.3980000000000032,1,0
1,0,20,1,1,1,2.5889999999999986,1,0
0,0,30,1,1,0,3.933,0,0
1,0,13,1,1,0,1.3419999999999987,0,0
1,0,51,3,1,6,3.6439999999999984,0,0
1,0,20,1,1,1,3.5500000000000043,0,0
0,0,19,0,6,0,8.055999999999997,0,0
0,0,27,3,1,0,4.699,0,0
1,0,61,1,1,2,7.384,0,0
1,0,63,1,1,7,2.493999999999998,0,0
1,0,40,3,1,2,2.014000000000003,0,0
1,0,65,1,1,2,2.4939999999999998,0,0
1,0,45,0,1,0,3.163999999999998,0,0
1,0,77,3,1,3,7.769000000000002,1,0
1,0,46,2,1,0,2.4939999999999998,0,0
0,0,17,0,4,0,2.013999999999996,0,0
1,0,23,1,1,2,9.590000000000003,1,0
1,0,44,2,1,1,2.206000000000003,1,0
0,0,24,0,1,0,5.849999999999994,0,0
0,0,21,0,2,0,2.3019999999999996,0,0
1,0,20,0,1,2,-3540,0,0
0,0,13,0,3,0,7.001000000000001,0,0
0,0,20,0,1,1,11.796,0,0
0,0,27,2,1,0,17.262999999999998,1,0
0,0,38,0,1,0,2.7820000000000036,1,0
0,0,30,3,1,0,4.890999999999998,0,0
0,0,47,1,1,0,3.548000000000002,0,0
0,0,59,6,1,0,5.18,1,0
0,0,37,1,1,0,3.6439999999999984,0,0
0,0,39,0,1,1,4.603999999999999,1,0
1,0,36,0,1,1,2.3019999999999996,0,0
0,0,57,1,1,1,2.7810000000000006,0,0
1,0,30,0,1,0,2.684,0,0
0,0,21,1,1,0,4.509,1,0
0,0,61,2,1,1,3.548,2,0
1,0,49,1,1,1,4.794999999999998,0,0
0,0,30,1,1,0,2.7810000000000024,1,0
1,0,13,4,1,0,5.082999999999998,0,0
0,0,22,0,2,0,4.507999999999999,0,0
0,0,35,1,1,0,13.235,1,0
0,0,20,1,2,0,2.3019999999999996,0,0
0,0,20,2,2,0,5.179000000000002,1,0
0,0,10,0,2,0,6.713000000000001,0,0
0,0,9,1,2,0,6.425999999999999,0,0
1,0,6,1,1,0,9.687000000000001,0,0
0,0,17,1,1,0,7.672000000000001,0,0
0,0,28,2,2,0,5.1789999999999985,0,0
0,0,16,0,1,1,8.536000000000001,0,0
1,0,36,3,1,1,7.2890000000000015,3,0
0,0,57,6,1,0,6.521000000000001,0,0
0,0,66,2,1,1,2.686,0,0
1,0,79,5,1,0,3.5479999999999947,0,0
1,0,19,1,1,0,2.973,0,0
1,0,6,2,1,0,0.0,0,0
0,0,64,5,1,1,4.317,0,0
0,1,32,1,1,2,2.301,1,0
1,0,22,2,1,0,2.3970000000000002,1,0
0,0,19,2,1,0,0.0,0,0
0,0,44,2,1,0,2.014999999999999,0,0
1,0,6,2,0,0,1.918000000000001,0,0
0,0,31,1,2,0,6.5219999999999985,0,0
0,0,16,1,6,0,2.8770000000000024,0,0
1,0,39,3,1,0,12.179999999999996,0,0
0,0,19,1,1,1,2.206000000000003,0,0
0,0,82,2,1,3,3.644999999999996,0,0
0,0,53,1,1,2,3.068000000000005,0,0
0,0,58,1,1,3,4.411999999999999,1,0
0,0,30,0,1,1,2.972999999999999,0,0
0,0,32,1,1,0,3.164999999999999,1,0
0,0,28,2,2,0,8.631000000000007,0,0
0,0,17,0,1,0,4.796,0,0
1,0,14,0,1,0,4.123999999999999,0,0
0,0,4,0,0,0,1.918000000000001,0,0
0,0,33,2,1,1,2.3979999999999997,1,0
0,0,49,0,1,2,2.3969999999999985,1,0
0,0,79,3,1,1,4.221,1,0
1,0,58,3,1,2,3.2600000000000016,0,0
0,0,22,1,1,1,2.3979999999999997,0,0
0,0,56,1,1,3,5.179000000000002,0,0
0,0,51,2,1,3,2.8769999999999953,1,0
1,0,19,4,1,1,9.494,0,0
0,0,11,1,2,0,2.4939999999999998,0,0
0,0,12,1,1,0,4.795000000000002,1,0
0,0,15,2,1,1,2.1099999999999994,1,0
0,0,33,1,1,1,5.851000000000006,0,0
0,0,46,0,1,0,3.74,0,0
1,0,59,1,1,2,4.795999999999999,1,0
0,0,57,5,1,1,4.1240000000000006,0,0
0,0,40,1,1,2,6.425999999999998,1,0
0,0,52,0,1,3,3.3560000000000016,0,0
0,0,36,2,2,0,2.876999999999999,0,0
0,0,25,0,2,0,4.890999999999998,0,0
0,0,42,0,2,0,5.0830000000000055,0,0
0,0,17,1,2,0,3.931999999999995,0,0
0,0,20,1,2,0,1.0560000000000045,0,0
0,0,42,0,2,0,4.602999999999994,0,0
0,0,17,1,2,0,3.0690000000000026,0,0
0,0,29,1,1,1,2.206000000000003,1,0
0,0,40,1,2,0,5.082999999999998,0,0
0,0,22,0,2,0,5.274999999999999,0,0
0,0,40,3,4,0,4.891,0,0
0,0,17,1,3,0,3.4529999999999994,0,0
0,0,12,0,3,0,1.5350000000000001,0,0
0,0,40,3,4,0,5.177999999999999,0,0
0,0,17,1,3,0,3.8369999999999997,0,0
0,0,36,2,2,0,6.041,0,0
0,0,25,0,2,0,2.974,0,0
0,0,21,0,1,0,2.014000000000003,0,0
0,0,55,1,1,1,6.425999999999995,0,0
0,0,21,0,1,0,2.3970000000000056,1,0
0,0,15,1,3,0,2.4939999999999998,0,0
0,0,12,0,2,0,2.013999999999996,0,0
0,0,39,2,1,0,4.986000000000004,3,0
0,0,8,0,2,0,1.918999999999997,0,1
0,0,40,1,2,0,4.987000000000002,0,0
0,0,22,0,2,0,4.891,0,0
0,0,40,3,4,0,4.987000000000001,0,0
0,0,17,1,3,0,3.6449999999999996,0,0
0,0,19,0,6,0,1.9179999999999993,0,0
0,0,40,3,4,0,4.507999999999999,0,0
0,0,19,1,1,0,4.411000000000001,0,0
0,0,14,0,1,0,8.152999999999999,0,0
0,0,25,1,1,0,5.850000000000001,0,0
0,0,31,1,1,1,8.823,1,0
0,0,10,1,0,0,16.208999999999996,0,0
0,0,10,1,0,0,2.109,0,0
0,0,19,1,2,0,19.180999999999997,0,0
1,0,30,3,1,3,32.033,1,0
0,0,22,1,1,1,2.3019999999999996,0,0
1,0,28,1,1,1,6.424999999999997,0,0
0,0,34,2,1,0,4.029000000000001,0,0
0,0,22,1,3,0,3.8369999999999997,0,0
0,0,23,1,3,0,2.684000000000001,0,0
0,0,30,1,2,0,7.289999999999999,0,0
0,0,16,1,1,0,5.4659999999999975,0,0
1,0,48,5,1,3,3.933,1,0
1,0,12,2,1,0,2.1090000000000018,0,0
0,0,23,1,3,0,3.165999999999997,0,0
0,0,36,2,1,1,11.029000000000003,1,0
0,0,15,1,3,0,4.698999999999998,0,0
1,0,61,3,1,1,3.3569999999999993,1,0
0,0,24,0,1,3,2.3970000000000056,0,0
0,0,27,2,1,0,4.411999999999992,1,0
0,0,36,0,1,0,3.0679999999999996,0,0
0,0,23,1,3,0,2.878,0,0
0,0,30,1,2,0,2.8770000000000007,0,0
1,0,44,0,1,2,34.526999999999994,0,0
1,0,10,0,0,1,2.3970000000000056,0,0
1,0,22,3,1,3,4.411999999999999,1,0
1,0,15,0,0,0,4.987000000000002,0,0
1,0,12,1,1,0,1.9179999999999993,0,0
1,0,81,4,1,9,6.426,1,0
0,0,31,3,2,0,3.4530000000000003,0,0
0,0,31,3,2,0,3.548,0,0
1,0,23,2,1,2,3.165000000000001,1,0
1,0,35,4,1,2,4.315999999999999,1,0
1,0,35,4,1,2,2.3969999999999985,1,0
1,0,35,3,1,2,3.357000000000003,1,0
1,0,20,2,1,1,2.876999999999999,1,0
0,0,7,1,0,0,1.9190000000000005,0,0
1,0,16,1,1,2,2.5889999999999986,1,0
0,0,36,1,2,0,3.8370000000000033,0,0
0,0,36,1,2,0,13.233999999999995,0,0
1,0,17,1,1,0,2.5890000000000057,0,0
1,0,21,2,1,0,2.0149999999999935,0,0
0,0,38,1,1,0,3.740000000000002,0,0
0,0,40,4,1,0,3.644,0,0
0,0,30,1,3,0,15.538,0,0
1,0,43,0,1,2,13.426000000000002,0,0
0,0,34,1,1,1,4.2209999999999965,1,0
0,0,14,0,1,0,3.3560000000000016,2,0
0,0,30,1,3,0,3.644999999999996,0,0
1,0,53,3,1,2,4.891000000000005,0,0
0,0,11,0,5,0,16.20799999999999,0,0
0,0,26,2,1,0,3.836000000000001,0,0
0,0,19,1,1,2,2.972999999999999,0,0
0,0,19,1,3,0,3.261000000000001,0,0
0,0,30,1,3,0,2.878,0,0
0,0,15,1,1,2,10.645,0,0
1,0,62,1,1,0,3.357000000000003,0,0
1,0,19,2,1,0,2.3969999999999985,0,0
1,0,42,2,1,2,6.138999999999996,1,0
0,0,13,2,1,2,2.1090000000000018,1,0
0,0,9,0,8,0,6.426000000000002,0,0
0,0,41,3,1,1,6.426000000000002,0,0
0,0,12,0,1,0,6.425999999999995,0,0
0,0,29,3,1,1,9.11,0,0
0,0,42,2,1,3,2.974,0,0
0,0,28,3,1,3,2.6850000000000005,2,0
0,0,43,1,1,2,2.2070000000000007,0,0
0,0,58,2,1,2,3.835000000000001,0,0
0,0,67,3,1,4,3.0699999999999967,0,0
0,0,59,3,1,2,2.302000000000003,0,0
1,0,43,2,1,2,2.780999999999999,4,0
1,0,41,1,1,0,1.4379999999999988,1,0
0,0,25,1,1,1,2.780999999999999,0,0
0,0,22,0,1,1,3.358000000000004,1,0
0,0,61,3,1,2,3.1640000000000015,2,0
1,0,51,2,1,2,3.0689999999999955,0,0
0,0,51,1,1,2,3.932000000000002,2,0
1,0,36,2,1,0,2.6850000000000023,0,0
1,0,52,2,1,2,4.891999999999996,0,0
0,0,52,4,1,2,3.1640000000000015,0,0
0,0,60,2,1,2,2.878,0,0
0,0,30,1,1,0,2.877,0,0
0,0,192,12,1,5,12.564,3,1
0,0,21,0,1,1,2.1099999999999994,0,0
1,0,81,6,1,2,4.220000000000002,1,0
0,0,10,0,1,0,1.9179999999999993,0,1
0,0,29,3,1,1,4.123999999999999,0,0
0,0,21,1,1,0,1.9180000000000028,0,0
0,1,66,5,1,0,3.739999999999995,1,0
0,0,13,0,2,0,2.4939999999999998,0,0
0,0,49,1,1,2,3.740000000000002,0,0
0,0,15,0,1,1,2.206000000000003,0,0
0,0,63,3,1,1,3.3569999999999993,0,0
0,0,17,0,1,0,3.452999999999996,0,0
0,0,13,0,1,0,2.8760000000000048,0,0
0,0,3,0,0,0,2.1099999999999994,0,0
0,0,31,0,1,0,5.082999999999998,0,0
1,0,56,2,1,1,4.8919999999999995,1,0
0,0,71,2,1,0,4.0280000000000005,0,0
0,0,77,4,1,1,2.5890000000000004,0,0
0,0,18,1,1,0,1.5350000000000001,0,0
0,0,10,0,1,0,4.890999999999998,0,0
0,0,10,1,1,0,9.495000000000001,0,1
0,0,17,1,1,0,2.4929999999999986,0,0
0,0,10,2,1,0,3.262000000000004,0,0
0,0,18,2,1,1,3.5479999999999947,0,0
0,0,42,1,1,1,11.893,0,0
1,0,20,3,1,0,4.506,0,0
0,0,52,3,1,1,4.509,0,0
0,0,42,2,1,1,3.451999999999998,0,0
0,0,23,0,1,0,3.165,0,0
0,0,31,3,1,0,3.3560000000000008,0,0
0,0,36,0,1,0,3.0699999999999985,0,0
0,0,16,1,1,0,2.110000000000001,0,0
0,0,46,3,1,0,4.410999999999998,0,0
0,0,26,4,1,0,4.412000000000003,1,0
0,0,11,0,1,0,0.0,0,1
0,0,38,3,1,1,7.000999999999998,0,0
1,0,61,6,1,1,8.536000000000005,0,0
0,0,90,1,1,1,4.027999999999999,0,0
0,0,86,7,1,7,4.028999999999996,4,0
0,0,90,4,1,10,5.082000000000001,5,0
0,0,72,3,1,5,3.261000000000003,3,0
0,0,45,2,1,3,1.725999999999999,0,0
0,0,74,1,1,0,3.932000000000002,1,0
0,0,49,0,1,1,3.6450000000000005,1,0
0,0,36,2,1,1,4.794999999999999,0,0
0,0,16,1,1,0,4.891,0,0
1,0,16,1,1,2,5.754000000000001,0,0
0,0,16,1,6,0,9.590999999999998,0,0
1,0,47,1,1,0,3.8370000000000033,0,0
0,0,17,0,4,0,1.1509999999999962,0,0
1,0,30,1,1,4,3.3560000000000016,0,0
0,0,24,1,1,2,2.878,0,0
0,0,25,1,1,0,2.8759999999999977,0,0
0,0,17,0,4,0,4.3160000000000025,0,0
1,0,15,0,1,0,2.0150000000000006,0,0
0,0,51,2,1,1,7.479999999999997,0,1
0,0,42,2,1,3,3.453000000000003,3,0
0,0,140,8,1,3,13.427,0,1
1,0,21,1,1,0,2.397000000000002,0,0
0,0,52,2,1,0,20.715999999999998,0,1
0,0,24,1,1,0,7.097000000000001,1,0
0,0,17,0,1,1,2.0150000000000006,0,0
1,0,42,2,1,1,3.1640000000000015,0,0
0,0,25,1,1,1,3.3569999999999993,2,0
1,0,30,0,1,0,5.274999999999999,0,0
0,0,39,3,1,0,3.740000000000002,0,0
0,0,21,1,1,0,2.4940000000000007,1,0
0,0,33,1,1,0,4.987,1,0
1,0,54,2,1,3,11.125,0,0
0,0,25,1,1,0,4.507999999999999,1,0
1,0,22,0,1,1,2.397000000000002,1,0
1,0,27,3,1,0,7.289999999999996,0,0
0,0,74,4,1,2,4.315000000000005,0,0
1,0,46,2,1,1,2.492999999999995,0,0
0,0,80,5,1,5,3.5500000000000043,0,0
0,0,31,0,1,0,2.5889999999999986,0,0
0,0,73,4,1,6,3.3569999999999993,1,0
0,0,74,3,1,5,3.835000000000001,3,0
0,0,48,2,1,4,2.878,1,0
0,0,41,3,1,0,2.012999999999998,1,0
0,0,52,4,1,2,2.3019999999999996,0,0
0,0,76,1,1,2,5.275,1,0
0,0,63,3,1,3,2.878,2,0
0,1,77,6,1,4,4.1240000000000006,0,0
0,0,63,5,1,5,3.069000000000001,1,0
0,0,58,3,1,2,3.5489999999999995,1,0
1,0,76,6,1,2,3.8349999999999973,1,0
0,0,16,1,6,0,3.549000000000003,0,0
0,0,9,0,8,0,2.876999999999999,0,0
0,0,50,1,1,0,3.357000000000003,0,0
0,0,56,4,1,4,4.027999999999999,2,0
0,0,42,0,1,0,3.3569999999999993,1,0
0,0,31,0,1,0,5.561999999999998,1,0
0,0,8,0,2,0,2.0150000000000006,0,1
0,0,55,4,1,1,5.945999999999998,1,0
0,0,21,1,1,1,2.2050000000000054,0,0
0,0,23,1,1,2,12.371999999999993,0,0
0,0,31,0,1,0,3.8370000000000015,1,0
1,0,21,1,1,0,19.373000000000005,1,0
1,0,6,0,1,1,11.891999999999996,0,1
1,0,15,0,1,1,0.0,0,0
1,0,21,3,1,0,14.578000000000003,0,0
0,0,12,0,1,1,2.684999999999995,1,0
1,0,73,4,1,0,6.235,1,0
0,0,28,4,1,1,2.3970000000000002,1,0
0,0,22,1,1,0,2.2059999999999995,0,0
0,0,26,2,1,0,5.465999999999999,1,0
0,0,20,1,1,1,7.961000000000002,0,0
0,0,30,0,1,2,25.224,1,0
0,0,21,1,1,1,2.1089999999999947,0,0
0,0,21,1,1,0,9.015,1,0
0,0,52,4,1,2,3.8370000000000006,1,0
0,0,54,3,1,0,3.356,0,0
1,0,45,2,1,1,3.6449999999999996,2,0
0,0,32,2,1,3,5.754,0,0
0,0,23,1,1,0,9.974,0,0
0,0,14,0,1,0,9.975000000000001,0,0
1,0,48,2,1,2,10.741,2,0
0,0,39,2,1,2,2.205999999999996,0,0
0,0,60,4,1,1,3.3570000000000064,1,0
0,0,63,5,1,2,2.397999999999996,1,0
1,0,27,2,1,0,2.972999999999999,0,0
0,0,31,2,1,0,4.795,1,0
0,0,62,5,1,4,4.412000000000001,0,0
0,0,58,4,1,1,4.218999999999999,0,0
0,0,48,2,1,2,4.795999999999999,0,0
0,0,16,0,1,0,4.219000000000001,0,0
0,0,17,0,1,2,7.193999999999999,1,0
0,0,18,1,1,0,2.589000000000002,1,0
1,0,14,1,1,1,10.838000000000001,1,0
0,0,5,1,0,0,1.9169999999999945,0,0
0,0,16,1,1,1,7.6739999999999995,1,0
0,0,58,1,1,2,3.835000000000001,2,0
1,0,27,0,1,1,1.7270000000000039,1,0
1,0,76,2,1,1,3.548000000000002,2,0
1,0,30,0,1,0,7.481,0,1
0,0,28,2,1,1,3.069000000000001,0,0
1,0,81,5,1,1,4.795999999999999,0,0
0,0,21,1,1,2,27.813000000000002,0,0
0,0,31,1,1,0,2.780999999999999,1,0
1,0,69,1,1,2,6.905000000000001,1,0
0,0,58,5,1,2,4.603999999999999,0,0
0,0,16,1,1,1,2.493,0,0
0,0,27,1,1,0,2.3970000000000002,0,0
0,0,19,0,1,1,17.072000000000003,0,0
0,0,11,0,4,0,7.959999999999997,0,0
0,0,37,1,1,2,6.905999999999999,0,0
0,0,34,0,1,1,2.301000000000002,2,0
1,0,10,0,1,0,2.3019999999999996,0,0
1,0,17,0,1,1,2.972999999999999,0,0
0,0,45,1,1,1,7.097999999999999,1,0
0,0,20,1,1,0,6.425000000000004,1,0
0,0,53,5,1,1,8.630999999999993,1,0
0,0,71,6,1,1,3.6450000000000005,0,0
0,0,72,6,1,1,4.123999999999999,0,0
1,0,59,2,1,1,16.016000000000002,0,0
0,0,40,2,1,0,2.6859999999999964,0,0
0,0,28,0,1,0,3.164999999999999,0,0
0,0,4,0,0,0,17.647000000000006,0,0
0,0,17,0,1,0,6.233999999999995,0,0
0,0,17,1,1,0,31.361,1,0
1,0,25,1,1,1,5.850000000000001,1,0
1,0,27,2,1,0,3.931999999999995,1,0
0,0,51,2,1,3,6.810000000000002,0,0
0,0,33,4,1,0,2.5889999999999986,0,0
0,0,22,2,1,0,4.892000000000003,0,0
1,0,15,2,1,0,4.985999999999997,0,0
0,0,9,0,0,0,2.1100000000000003,0,0
0,0,43,5,1,2,8.92,1,0
0,0,69,5,1,2,3.164999999999999,0,0
0,0,26,3,1,1,1.5350000000000001,0,0
0,0,40,7,1,0,4.411000000000001,0,0
0,0,68,3,1,1,3.7399999999999984,0,0
0,0,40,0,1,2,3.8369999999999997,0,0
0,0,33,2,1,0,2.8770000000000024,0,0
0,0,28,0,1,1,2.876999999999999,1,0
0,0,16,0,1,1,4.603999999999999,0,0
0,0,31,2,1,0,3.835000000000001,1,0
0,0,16,1,1,0,2.4939999999999998,0,0
0,0,36,1,1,2,3.8370000000000033,0,0
0,0,43,3,1,0,3.164999999999999,0,0
0,0,44,4,1,1,2.780999999999999,1,0
1,0,75,4,1,3,3.8359999999999985,0,0
1,0,51,4,1,2,4.219999999999999,1,0
0,0,20,0,1,1,2.494,1,0
0,0,32,2,1,1,9.398,0,0
1,0,72,5,1,1,3.7410000000000014,0,0
1,0,47,2,1,0,2.6849999999999987,0,0
1,0,44,1,1,0,2.876999999999999,0,0
1,0,59,5,1,2,3.5489999999999995,1,0
0,0,35,2,1,1,2.301000000000002,0,0
0,0,38,5,1,2,2.780999999999999,0,0
1,0,38,2,1,1,3.261000000000003,0,0
1,0,52,1,1,0,5.372,0,0
1,0,46,1,1,0,3.451999999999998,1,0
1,0,45,1,1,0,2.8770000000000024,0,0
1,0,61,3,1,1,3.836999999999996,0,0
0,0,57,2,1,2,5.783000000000001,0,0
0,0,41,2,1,1,3.164999999999999,0,0
0,0,33,1,1,0,2.877,0,0
0,0,55,1,1,1,2.878,1,0
0,0,40,2,1,0,2.9730000000000008,0,0
0,0,58,1,1,1,4.027999999999999,0,0
0,0,47,5,1,2,3.3569999999999993,1,0
0,0,72,3,1,2,6.618000000000002,0,0
0,0,47,1,1,3,3.451999999999998,0,0
0,0,36,1,1,1,3.548000000000002,0,0
0,0,64,3,1,5,4.3160000000000025,3,0
0,0,8,0,0,1,2.3019999999999996,0,0
0,0,18,1,1,1,2.684999999999995,0,0
0,0,49,2,1,2,3.0690000000000026,1,0
0,0,36,2,1,1,2.7819999999999965,0,0
0,0,70,3,1,1,3.8360000000000056,0,0
0,0,66,2,1,2,4.027999999999999,1,0
0,0,65,2,1,3,3.6439999999999984,0,0
0,0,12,0,0,1,7.290000000000006,0,0
1,0,54,3,1,1,7.287999999999999,1,0
0,0,19,1,1,0,2.3020000000000014,0,0
0,0,12,1,0,1,13.043000000000001,0,0
1,0,22,1,1,0,3.6449999999999996,0,0
0,0,17,2,1,2,2.684000000000001,0,0
1,0,25,5,1,0,3.7419999999999973,0,0
0,0,30,1,1,0,15.823,0,0
1,0,24,1,1,0,5.082999999999998,0,0
1,0,17,1,1,0,2.111000000000004,0,0
0,0,32,1,1,1,38.171,0,0
0,0,53,2,1,1,11.604,1,0
0,0,61,1,1,1,3.836999999999996,1,0
0,0,55,5,1,1,2.8770000000000024,0,0
0,0,37,2,1,0,2.8770000000000024,2,0
0,0,51,1,1,0,6.329999999999991,1,0
1,0,25,1,1,0,3.165,0,0
0,0,29,0,1,0,10.933,0,0
0,0,32,3,1,0,3.068999999999999,0,0
0,0,26,1,1,0,2.974,0,0
1,0,41,1,1,0,4.986000000000001,1,0
0,0,38,2,1,0,3.4529999999999994,1,0
0,0,66,3,1,0,4.6030000000000015,2,0
1,0,27,0,1,0,4.892000000000003,0,0
0,0,32,2,1,0,8.247,1,0
0,0,42,1,1,2,3.836999999999996,0,0
0,0,50,4,1,3,7.384999999999998,1,0
0,0,28,1,1,0,2.6849999999999996,0,0
0,0,29,1,1,1,6.809000000000001,1,0
0,0,47,2,1,0,6.042999999999999,1,0
0,0,41,2,1,1,3.4529999999999994,1,0
1,0,28,2,1,2,2.397000000000002,0,0
0,0,39,3,1,2,6.6179999999999986,1,0
0,0,36,3,1,0,3.8359999999999985,0,0
0,0,30,0,1,1,4.603999999999999,1,0
0,0,18,1,1,0,4.699000000000005,0,0
0,0,21,2,1,1,4.507999999999996,0,0
1,0,15,0,1,1,2.2049999999999983,0,0
0,0,25,1,1,0,3.8370000000000033,0,0
0,0,35,0,1,0,2.3969999999999985,4,0
0,0,21,0,1,0,3.6439999999999984,0,0
0,0,50,2,1,1,3.358,2,0
0,0,60,4,1,1,3.9319999999999995,0,0
0,0,58,3,1,2,4.699,0,0
0,0,48,2,1,2,4.795,0,0
0,0,32,4,1,1,2.876999999999999,0,0
0,0,46,4,1,4,4.604000000000003,0,0
0,0,44,3,1,1,3.5479999999999983,1,0
0,0,31,2,1,2,3.8370000000000033,0,0
0,0,37,3,1,2,2.3969999999999985,1,0
0,0,39,3,1,0,3.644999999999996,0,0
0,0,40,2,1,0,8.152000000000001,1,0
0,0,60,2,1,2,4.795000000000002,0,0
0,0,71,3,1,3,4.700000000000003,2,0
0,0,50,1,1,0,7.575999999999993,0,0
0,0,58,2,1,1,3.933,0,0
0,0,38,2,1,0,2.3970000000000002,0,0
0,0,25,1,1,1,2.3970000000000002,0,0
0,0,35,1,1,0,6.138999999999999,0,0
0,0,33,2,1,0,3.644000000000002,0,0
0,0,24,2,1,1,2.3969999999999985,1,0
0,0,34,1,1,3,2.686,0,0
0,0,15,0,1,0,6.042000000000002,1,0
0,0,45,3,1,0,8.631999999999998,0,0
0,0,22,1,1,0,6.521000000000001,0,0
0,0,4,0,0,0,2.0150000000000006,0,0
0,0,5,0,0,0,4.890999999999998,0,0
0,0,16,0,1,0,8.248000000000005,0,0
0,0,33,2,1,2,9.686,1,0
0,0,10,1,1,1,3.3580000000000005,0,0
1,0,33,1,1,2,7.5760000000000005,0,0
1,0,41,1,1,0,3.068999999999999,0,0
0,0,50,3,1,3,3.8369999999999997,0,0
0,0,35,1,1,0,2.8759999999999977,0,0
0,0,12,1,1,1,2.3019999999999996,0,0
0,0,29,0,1,0,3.548000000000002,0,0
0,0,23,1,1,1,3.933,1,0
0,0,20,2,1,0,3.0690000000000026,0,0
0,0,17,0,1,1,2.1099999999999994,0,0
0,0,13,1,1,0,3.164999999999999,0,0
1,0,40,2,1,0,7.479999999999997,0,0
0,0,59,3,1,1,4.508,1,0
0,0,59,5,1,1,3.8370000000000006,0,0
0,0,45,2,1,2,2.205,1,0
0,0,43,3,1,1,2.5889999999999986,1,0
0,0,49,1,1,1,2.972999999999999,0,0
0,0,25,1,1,0,5.180000000000003,1,0
0,0,42,2,1,1,4.123999999999999,0,0
0,0,52,2,1,2,7.479999999999997,0,0
0,0,13,1,1,0,2.5900000000000034,0,0
1,0,24,1,1,0,2.2049999999999983,0,0
0,0,52,4,1,2,5.658999999999999,1,0
0,0,35,0,1,2,1.6310000000000002,1,0
0,0,56,0,1,4,4.027000000000001,1,0
0,0,27,0,1,0,3.453000000000003,0,0
0,0,31,1,1,2,5.178999999999995,0,0
0,0,35,1,1,2,4.412000000000006,0,0
0,0,22,1,1,0,5.369999999999999,0,0
0,0,19,1,1,0,4.508,1,0
0,0,17,1,1,0,3.356,0,0
0,0,14,0,1,0,10.071,0,0
0,0,24,2,1,0,5.9460000000000015,0,0
1,0,29,2,1,0,7.768999999999998,0,0
0,1,73,0,1,0,3.3560000000000016,1,0
0,0,49,4,1,1,3.164999999999999,2,0
1,0,49,3,1,1,2.878,0,0
1,0,60,3,1,1,2.780999999999999,0,0
0,0,21,2,1,0,2.012999999999998,0,0
0,0,20,1,1,0,2.399000000000001,0,0
0,0,25,1,1,0,2.5889999999999986,1,0
1,0,43,1,1,1,2.1100000000000065,0,0
1,0,31,0,1,0,2.59,0,0
0,0,22,1,1,0,8.056000000000001,0,0
0,0,10,0,1,0,2.013,0,1
1,0,56,3,1,2,6.234,1,0
0,0,36,3,1,2,12.085,2,0
0,0,31,0,1,2,2.589000000000002,0,0
0,0,22,2,1,1,2.686,0,0
0,0,13,0,1,0,4.506999999999998,0,0
0,0,18,0,1,0,2.5899999999999963,0,0
0,0,23,1,1,0,16.495000000000005,0,0
0,0,23,1,1,0,2.878,1,0
0,0,44,1,1,2,2.8770000000000002,0,0
0,0,28,2,1,0,6.521999999999999,0,0
0,0,22,0,2,0,2.110000000000001,0,0
0,0,13,0,3,0,6.234,0,0
0,0,22,1,1,1,9.399000000000001,2,0
0,0,56,3,1,2,3.8349999999999973,0,0
1,0,46,5,1,2,7.673000000000002,2,0
1,0,16,1,1,2,4.603999999999999,0,0
0,0,44,5,1,2,12.658999999999999,3,0
0,0,18,0,1,2,9.302999999999997,0,0
0,0,13,1,1,0,14.001999999999999,0,0
0,0,11,0,5,0,20.813000000000002,0,0
0,0,11,0,5,0,8.534999999999997,0,0
0,0,11,0,5,0,3.8360000000000056,0,0
0,0,11,1,1,0,60.516999999999996,0,0
0,0,9,0,8,0,3.0700000000000003,0,0
0,0,62,5,1,2,13.905999999999999,1,0
0,0,50,2,1,1,2.6850000000000005,0,0
0,0,26,0,1,2,3.068999999999999,0,0
0,0,41,5,1,3,2.780999999999999,0,0
0,0,28,4,1,3,2.7810000000000024,0,0
0,0,52,6,1,4,3.5500000000000007,1,0
0,0,36,5,1,3,2.8759999999999977,0,0
0,0,56,3,1,5,7.193000000000001,0,0
0,0,29,2,1,3,6.905000000000001,0,0
0,0,35,3,1,4,5.7549999999999955,0,0
0,0,25,2,1,3,5.946000000000005,0,0
0,0,31,1,1,2,7.481000000000002,0,0
0,0,28,1,1,0,3.356,0,0
0,0,11,0,4,0,1.8230000000000004,0,0
0,0,5,0,0,0,2.301,0,0
0,0,39,0,1,0,3.933,0,0
0,0,21,1,1,0,3.2609999999999992,0,1
0,0,48,4,1,1,3.9319999999999986,2,0
0,0,105,9,1,4,11.989000000000004,1,1
0,0,31,0,1,0,2.3969999999999985,0,0
0,0,67,3,1,2,4.315999999999995,0,0
1,0,9,0,1,0,9.110000000000007,0,0
0,0,15,2,1,0,3.5489999999999995,0,1
1,0,58,4,1,1,6.5219999999999985,0,0
1,0,27,3,1,0,2.973,0,0
0,0,45,3,1,1,8.92,2,1
0,0,20,0,1,1,5.081999999999999,1,0
0,0,36,0,1,1,6.330000000000002,0,1
0,0,20,1,1,1,3.451999999999998,0,0
0,0,69,2,1,0,13.715000000000003,0,1
1,0,48,3,1,2,3.357999999999997,1,0
1,0,44,2,1,0,3.6439999999999984,0,0
0,0,45,4,1,2,4.219999999999999,0,0
0,1,38,0,1,2,2.8760000000000048,1,0
0,0,60,3,1,0,3.357999999999997,2,0
0,0,35,3,1,2,4.795000000000002,0,0
0,0,12,0,1,0,2.4939999999999998,0,0
0,0,20,0,1,1,2.3970000000000002,0,0
0,0,34,2,1,1,6.521000000000001,1,1
0,0,44,2,1,3,3.1659999999999986,2,0
0,0,24,1,1,1,4.890000000000001,1,0
0,0,32,2,1,2,6.138999999999999,1,0
0,0,27,2,1,0,2.397000000000002,0,0
1,0,27,3,1,1,10.358,0,0
1,0,29,2,1,0,5.178999999999995,0,0
0,0,35,0,1,0,2.8770000000000024,0,0
1,0,21,2,1,1,2.5900000000000034,0,0
0,0,23,1,1,1,5.657999999999994,0,0
0,0,22,0,1,0,6.523000000000003,0,0
0,0,22,0,1,0,6.616,1,1
0,0,12,1,1,1,7.385999999999999,0,0
0,0,11,1,2,0,8.631,0,0
0,0,43,1,1,0,7.480999999999998,1,1
1,0,49,2,1,1,5.466000000000001,2,0
0,0,6,1,0,1,7.576999999999998,0,0
0,0,14,1,1,0,0.0,0,0
0,0,9,1,2,0,2.494000000000007,0,0
0,0,10,0,2,0,2.300999999999995,0,0
0,0,24,1,1,0,3.8370000000000033,0,0
0,0,22,0,1,0,0.0,0,0
0,0,22,1,1,1,4.603999999999999,0,0
0,0,17,0,1,0,0.0,0,0
1,0,43,0,1,1,5.178,0,0
0,0,14,0,1,1,2.4939999999999998,0,0
1,0,8,1,0,0,3.74,0,0
1,0,13,0,1,0,0.0,0,0
1,0,19,1,1,0,3.165000000000001,0,0
0,0,24,1,1,1,2.493999999999998,1,0
0,0,39,1,1,2,5.083000000000002,2,0
0,0,35,3,1,0,3.164999999999999,1,0
0,0,15,2,1,1,2.0130000000000017,0,0
0,0,30,3,1,1,2.3019999999999996,2,0
0,0,40,2,1,1,2.7819999999999965,0,0
0,0,25,2,1,2,14.962000000000003,0,0
0,0,49,2,1,0,6.713000000000001,0,0
0,0,27,3,1,2,11.220999999999997,0,0
0,0,28,2,1,2,3.356,0,0
0,0,61,3,1,4,4.795999999999999,0,0
0,0,50,1,1,1,4.3160000000000025,0,0
0,0,59,6,1,4,4.0269999999999975,1,0
0,0,36,1,1,1,2.399000000000001,0,0
0,0,69,1,1,6,4.411000000000001,0,0
0,0,23,2,1,2,2.6849999999999987,0,0
0,0,72,4,1,2,4.795000000000002,0,0
0,0,48,1,1,2,4.123999999999995,0,0
0,0,44,2,1,2,4.0290000000000035,1,0
0,0,49,7,1,4,3.8359999999999985,0,0
0,0,18,2,1,0,2.206000000000003,0,0
0,0,74,3,1,2,4.986999999999995,0,0
0,0,26,1,1,0,2.7820000000000036,0,0
1,0,17,2,1,1,3.740000000000002,1,0
0,0,43,2,1,2,2.5890000000000004,1,0
0,0,66,3,1,3,3.6439999999999992,2,0
0,0,54,1,1,1,2.3979999999999997,0,0
0,0,47,1,1,1,2.014000000000001,0,0
0,0,46,3,1,1,2.589999999999998,0,0
1,0,65,2,1,0,3.261000000000003,0,0
0,0,29,0,1,0,2.4939999999999998,2,0
0,0,28,2,1,0,2.3009999999999984,0,0
0,0,31,2,1,0,3.3560000000000016,0,0
0,0,23,0,1,0,2.0150000000000006,0,0
1,0,53,2,1,0,3.739999999999995,0,0
0,0,62,3,1,1,4.795000000000002,0,0
0,0,21,1,1,0,3.261000000000003,1,0
0,0,37,2,1,1,2.878,1,0
0,0,26,1,1,0,3.259999999999998,1,0
0,0,37,1,1,2,2.9740000000000038,0,0
0,0,46,3,1,0,10.623999999999995,1,0
0,0,24,1,1,0,2.398,0,0
0,0,43,1,1,0,3.4519999999999995,0,0
0,0,61,3,1,1,4.413,2,0
0,0,66,3,1,0,1.1509999999999998,0,0
0,0,64,2,1,0,2.9730000000000008,0,0
0,0,46,2,1,0,4.507,1,0
0,0,30,1,1,0,3.8359999999999985,0,0
0,0,19,0,6,0,2.782,0,0
0,0,21,0,1,0,4.411000000000001,0,0
0,0,21,1,6,0,6.042000000000002,0,0
0,0,13,0,1,2,1.918999999999997,0,0
1,0,11,2,2,0,1.9179999999999993,0,0
1,0,11,2,2,0,2.206000000000003,0,0
0,0,38,2,1,3,2.1099999999999994,0,0
0,0,21,1,6,0,1.9170000000000016,0,0
1,0,50,1,1,1,3.836999999999996,0,0
0,0,43,1,1,2,4.027999999999999,1,0
0,0,41,1,1,0,2.5900000000000034,0,0
1,0,26,1,1,0,2.8770000000000024,0,0
0,0,33,4,1,2,2.8770000000000002,0,0
0,0,60,1,1,1,6.425000000000001,4,0
1,0,25,2,1,0,2.110999999999999,0,0
0,0,31,5,1,0,1.918000000000001,2,0
0,0,61,4,1,0,3.548,0,0
1,0,47,2,1,0,3.8359999999999985,0,0
0,0,27,1,1,2,5.371000000000002,0,0
0,0,22,1,3,0,1.8219999999999992,0,0
0,0,23,1,1,0,4.315999999999999,0,0
0,0,16,1,3,0,2.686,0,0
0,0,22,1,3,0,2.3969999999999985,0,0
1,0,37,3,1,4,3.5489999999999995,0,0
1,0,43,2,1,0,3.548000000000002,0,0
0,0,21,1,6,0,2.3019999999999996,0,0
0,0,24,1,1,0,3.164999999999999,0,0
0,0,26,1,1,0,3.645000000000003,0,0
0,0,40,1,1,0,3.452999999999996,0,0
1,0,30,3,1,0,2.8760000000000048,2,0
0,0,36,1,1,0,7.961,0,0
0,0,19,1,1,0,4.7940000000000005,0,0
0,0,19,2,1,1,2.014999999999999,1,0
1,0,23,0,1,0,2.301,0,0
1,0,53,2,1,0,4.029,0,0
1,0,19,2,2,0,2.397000000000002,0,0
0,0,16,1,3,0,2.3989999999999974,0,0
0,0,17,0,3,0,6.905000000000005,0,0
0,0,19,2,1,1,6.712999999999994,0,0
1,0,44,2,1,3,3.3560000000000016,0,0
1,0,22,2,1,1,9.304000000000002,0,0
1,0,39,3,1,2,5.369999999999997,0,0
0,0,16,1,3,0,2.4939999999999998,0,0
1,0,25,2,1,0,4.027,0,0
1,0,19,2,2,0,4.892,0,0
0,0,32,4,1,4,2.974,0,0
0,0,37,0,1,3,3.74,0,0
0,0,37,2,1,4,11.411999999999999,0,0
0,0,20,0,1,0,5.179000000000002,0,0
1,0,18,1,1,2,4.219999999999999,0,0
0,0,42,3,1,3,6.713000000000001,0,0
0,0,40,4,1,1,2.7819999999999965,3,0
0,0,52,3,1,0,3.7409999999999997,1,0
0,0,53,4,1,0,2.493000000000002,0,0
0,0,27,2,1,0,4.124000000000002,1,0
1,0,35,1,1,0,2.492999999999995,0,0
0,0,19,2,0,1,5.466999999999999,0,0
0,0,66,2,1,1,7.481,0,0
0,0,32,1,2,0,3.9320000000000004,0,0
0,0,40,2,2,0,4.891000000000002,0,0
0,0,38,3,3,0,4.123999999999999,0,0
0,0,32,4,1,3,4.507999999999999,0,0
0,0,34,5,1,2,4.315000000000001,0,0
1,0,31,0,1,0,2.399000000000001,0,0
0,0,41,1,1,4,2.300999999999995,0,0
0,0,35,0,1,1,3.453000000000003,0,0
0,0,40,2,2,0,4.890999999999998,0,0
0,0,38,3,3,0,4.3160000000000025,0,0
0,0,45,2,3,0,8.344000000000001,0,0
0,0,39,2,1,0,4.219000000000001,0,0
0,0,32,1,2,0,4.316,0,0
0,0,39,3,1,4,4.316000000000001,0,0
0,0,38,1,1,4,4.219999999999999,0,0
0,0,59,2,1,2,6.810000000000002,1,0
0,0,63,6,1,2,4.506999999999998,1,0
0,0,12,0,1,1,4.6030000000000015,0,0
0,0,32,4,1,0,3.164999999999999,0,0
0,0,23,0,1,3,3.261000000000003,0,0
1,0,12,0,1,0,2.5899999999999963,1,0
0,0,38,3,3,0,3.1640000000000015,0,0
0,0,45,2,3,0,2.972999999999999,0,0
0,0,19,0,1,0,3.645000000000003,0,0
0,0,19,1,1,0,3.931999999999995,0,0
1,0,38,2,1,0,-3540,0,0
1,0,13,0,1,0,4.795,0,0
1,0,13,0,1,0,3.3569999999999993,0,0
0,0,13,1,3,0,3.5489999999999995,0,0
1,0,14,2,1,0,5.275000000000002,0,0
1,0,14,2,1,0,1.916999999999998,0,0
1,0,47,4,1,0,2.974,0,0
1,0,67,0,1,0,4.0269999999999975,1,0
0,0,75,5,1,0,3.453000000000003,0,0
1,0,38,2,1,1,2.686,0,0
0,0,21,2,1,0,3.3569999999999993,0,0
0,0,45,2,3,0,9.494,0,0
0,0,17,0,3,0,3.740000000000002,0,0
1,0,74,3,1,2,7.576999999999998,1,0
0,0,17,0,3,0,3.6450000000000005,0,0
0,0,17,2,1,1,6.904999999999999,0,0
1,0,37,1,1,0,14.866,0,0
0,0,16,0,1,0,11.029,0,0
1,0,24,1,1,1,14.962000000000003,0,0
1,0,64,3,1,1,3.259999999999998,2,0
1,0,39,3,1,1,2.780999999999999,1,0
0,0,64,4,1,1,2.782,0,0
1,0,32,0,1,0,3.1650000000000005,0,0
0,0,10,0,1,0,2.205,0,0
0,0,26,3,1,0,4.699999999999999,1,0
0,0,28,1,1,0,2.5890000000000004,0,0
1,0,16,1,1,2,2.3020000000000014,0,0
0,0,18,1,1,0,7.576999999999998,0,0
0,0,44,3,1,3,2.301000000000002,0,0
0,0,22,2,1,2,2.4939999999999998,0,0
1,0,13,0,1,0,2.493000000000002,0,0
0,0,32,2,1,2,2.972999999999999,0,0
0,0,20,2,2,0,4.028999999999996,1,0
0,0,24,1,1,1,5.849000000000004,1,0
1,0,83,5,1,1,10.646999999999998,0,0
0,0,25,0,1,1,4.314999999999998,0,0
0,0,16,1,1,0,3.549,1,0
0,0,24,0,1,0,3.548,0,0
1,0,18,0,1,0,0.0,0,0
0,0,12,1,6,0,3.4529999999999994,0,0
0,0,51,2,1,1,3.5490000000000013,1,0
0,0,65,1,1,2,4.026999999999999,3,0
0,0,17,0,1,0,6.5219999999999985,0,0
0,0,22,1,1,0,1.9190000000000005,2,0
0,0,33,2,1,0,7.768000000000001,2,0
0,0,54,3,1,1,3.548000000000002,1,0
1,0,37,2,1,1,3.740000000000002,0,0
0,0,46,3,1,2,3.452999999999996,1,0
1,0,36,4,1,0,2.972999999999999,0,0
0,0,45,4,1,2,5.947000000000003,0,0
0,0,38,3,1,2,1.9170000000000016,0,0
0,0,46,5,1,0,2.2070000000000007,0,0
1,0,13,2,1,0,2.3969999999999985,0,0
1,0,18,1,1,1,4.221,0,0
0,0,18,2,1,0,2.301,1,0
0,0,18,2,1,0,4.0280000000000005,0,0
0,0,19,1,3,0,5.083,0,0
0,0,12,1,6,0,6.5219999999999985,0,0
0,0,22,0,1,0,4.699000000000002,0,0
0,0,30,0,1,0,2.780999999999999,0,0
1,0,36,4,1,0,4.219999999999999,0,0
0,0,41,2,1,2,4.700000000000003,2,0
1,0,45,2,1,2,2.3969999999999985,2,0
1,0,33,4,1,0,2.878,0,0
0,0,19,1,3,0,5.274999999999999,0,0
0,1,60,1,1,1,21.387,1,0
0,0,57,4,1,2,4.699000000000002,0,0
0,0,63,3,1,0,3.7399999999999984,1,0
1,0,16,2,1,0,35.869,0,0
0,0,131,8,1,9,11.317,0,1
0,0,12,1,6,0,3.4530000000000003,0,0
1,0,24,1,1,1,2.8770000000000007,0,0
0,0,12,1,6,0,4.890999999999998,0,0
0,0,16,2,1,0,7.577000000000002,0,0
0,0,25,0,1,0,8.344000000000001,0,0
0,0,28,0,1,0,4.027999999999999,0,1
0,0,44,3,1,2,5.658000000000001,1,0
0,0,20,2,1,0,2.780999999999999,1,0
0,0,21,2,1,0,2.686,0,1
0,0,18,0,1,0,2.1099999999999994,0,0
0,1,56,4,1,2,2.972999999999999,4,0
0,0,64,2,1,1,4.9879999999999995,1,0
0,0,30,0,1,0,3.6439999999999984,1,1
0,0,38,2,1,1,3.356,1,0
0,0,26,1,1,0,2.207,0,0
0,0,44,2,1,2,5.946,2,0
0,0,57,0,1,1,2.5890000000000004,2,1
0,0,85,3,1,2,3.8369999999999997,0,0
0,0,118,5,1,3,5.275000000000002,1,1
1,0,30,2,1,0,2.972999999999999,0,0
1,0,28,1,1,1,2.6849999999999987,0,0
1,0,42,3,1,1,6.616999999999997,1,0
1,0,13,0,1,2,1.9180000000000064,0,1
0,0,12,0,1,0,6.425999999999995,1,0
0,0,9,0,1,1,4.411000000000001,0,0
0,0,52,5,1,0,6.234000000000002,1,0
0,0,29,0,1,0,2.0150000000000006,1,0
0,0,53,3,1,4,4.0280000000000005,0,0
0,0,50,2,1,0,3.356,0,0
0,0,52,4,1,1,4.795999999999999,2,0
0,0,16,0,1,1,2.7810000000000006,0,1
1,0,35,3,1,2,4.975999999999999,1,0
0,0,12,1,6,0,4.124000000000002,0,0
1,0,29,3,1,2,5.370999999999999,1,0
1,0,33,0,1,1,31.266000000000002,0,0
1,0,35,3,1,0,3.8360000000000003,2,0
1,0,32,0,1,3,2.301,0,0
1,0,25,2,1,2,2.5909999999999993,0,0
1,0,33,1,1,1,2.9719999999999995,0,0
1,0,72,2,1,4,4.0280000000000005,1,0
1,0,23,1,1,0,6.713999999999999,0,0
1,0,61,7,1,6,2.6850000000000023,2,0
1,0,6,0,0,1,1.533999999999999,0,0
1,0,55,2,1,5,2.782,1,0
0,0,25,0,2,0,3.3569999999999993,0,0
1,0,74,4,1,4,9.207,1,0
0,0,22,2,1,1,3.3569999999999993,0,0
0,0,21,1,6,0,4.986000000000004,0,0
1,0,45,7,1,1,3.452999999999996,0,0
0,0,12,0,2,0,1.919000000000004,0,0
0,0,25,0,2,0,3.067999999999998,0,0
1,0,32,1,1,1,2.3019999999999996,0,0
1,0,57,1,1,0,3.2609999999999997,1,0
0,0,133,5,1,7,8.535,2,1
1,0,60,4,1,2,2.399000000000001,0,0
0,0,40,3,1,4,3.7399999999999984,1,1
0,0,23,0,1,0,6.713000000000001,0,0
0,0,65,2,1,1,15.825,0,0
0,0,32,3,1,1,2.8759999999999977,0,0
0,0,65,3,1,1,2.7830000000000013,1,0
0,0,35,4,1,0,3.068000000000005,0,0
0,0,56,2,1,1,3.739999999999995,0,0
0,0,78,4,1,0,3.358000000000004,0,0
0,0,87,3,1,6,3.931999999999995,0,0
0,0,67,5,1,1,3.74,0,0
1,0,43,4,1,2,5.37,0,0
0,0,11,0,1,0,0.0,0,0
0,0,26,2,1,1,3.8369999999999997,1,0
1,0,69,6,1,0,8.056000000000001,0,0
0,0,59,1,1,1,3.6449999999999996,2,0
0,1,30,1,1,0,3.6439999999999984,1,0
1,0,26,2,1,0,3.261000000000003,0,0
0,0,20,0,1,0,6.713000000000001,0,0
0,0,19,0,1,0,4.411999999999999,1,0
0,0,91,6,1,2,5.370999999999995,0,0
0,0,44,2,1,2,15.24900000000001,2,0
0,0,43,4,1,1,6.521,0,0
0,0,29,1,1,0,7.481000000000002,0,0
0,0,25,1,1,3,8.248999999999999,0,0
0,0,34,2,1,3,15.630999999999997,0,0
0,0,25,0,1,2,3.5489999999999995,0,0
0,0,18,4,2,0,3.5490000000000066,0,0
0,0,18,4,2,0,2.8769999999999953,0,0
0,0,28,0,2,0,3.0690000000000026,0,0
0,0,24,1,4,0,2.878,0,0
0,0,24,1,4,0,2.8759999999999977,0,0
0,0,31,0,1,1,7.864,1,0
0,0,30,2,1,3,3.4529999999999994,0,0
0,0,24,0,1,2,3.164999999999999,0,0
0,0,24,2,1,2,3.740000000000002,0,0
0,0,18,4,2,0,3.3580000000000005,0,0
0,0,18,4,2,0,3.259999999999998,0,0
0,0,28,0,2,0,3.0690000000000026,0,0
0,0,24,1,4,0,2.7809999999999953,0,0
0,0,24,1,4,0,2.686,0,0
0,0,10,0,1,1,8.152000000000001,0,1
0,0,32,0,1,0,4.411999999999999,0,0
0,0,33,0,1,2,2.6850000000000023,0,0
1,0,60,3,1,1,4.124000000000002,1,0
1,0,46,1,1,3,2.5899999999999963,1,0
1,0,44,2,1,0,2.972999999999999,2,0
1,0,66,1,1,1,2.877,0,0
0,0,35,0,1,1,2.3020000000000005,0,0
0,0,69,2,1,1,4.0280000000000005,2,0
0,0,64,8,1,2,3.1639999999999997,0,0
0,0,63,0,1,1,3.164999999999999,1,0
0,0,64,4,1,0,2.782000000000002,0,0
0,0,72,1,1,1,1.8219999999999992,0,0
0,0,37,1,1,0,2.780999999999999,0,0
1,0,40,3,1,0,2.4939999999999998,0,0
1,0,31,0,1,1,2.3019999999999996,0,0
0,0,46,4,1,2,1.9170000000000016,2,0
0,0,29,1,1,1,2.493999999999996,0,0
0,0,36,2,1,1,2.973000000000006,0,0
0,0,48,2,1,1,2.9739999999999966,1,0
1,0,54,3,1,3,3.3569999999999993,1,0
0,1,41,0,1,1,3.6430000000000007,1,0
0,0,33,2,1,0,4.124000000000002,3,0
0,0,64,3,1,2,4.123999999999995,0,0
0,0,59,3,1,0,4.604000000000006,1,0
1,0,46,2,1,0,2.686,3,0
1,0,25,1,1,0,2.973,0,0
0,0,37,1,1,0,11.029,0,0
0,0,9,0,1,0,3.356,1,0
0,0,20,2,1,2,1.9190000000000005,2,0
0,0,18,3,1,1,2.012999999999998,0,0
0,0,17,0,1,1,2.591000000000001,0,0
0,0,44,2,1,1,4.795000000000002,1,0
0,0,28,1,1,0,2.588999999999995,1,0
0,0,16,1,1,1,3.166000000000004,1,0
0,0,46,1,1,1,2.9720000000000013,2,0
0,0,31,2,1,1,2.013999999999996,2,0
0,0,31,0,1,0,6.905000000000001,0,0
0,0,49,1,1,2,5.947000000000003,0,0
1,0,29,1,1,3,4.123999999999995,1,0
0,0,40,0,1,0,4.411000000000001,1,0
0,0,26,0,1,0,4.9879999999999995,0,0
0,0,13,0,1,0,2.5890000000000004,0,0
0,0,20,0,1,0,10.262,0,0
0,0,43,2,1,2,10.262,1,0
1,0,44,6,1,2,7.864000000000001,2,0
0,0,20,3,1,1,1.918999999999997,1,0
0,0,23,0,1,0,2.5889999999999986,0,0
1,0,10,1,2,0,2.4939999999999998,0,0
0,0,18,0,1,0,4.795000000000002,0,0
0,0,50,2,1,0,2.6850000000000023,0,0
0,0,60,3,1,0,2.686,0,0
0,0,70,3,1,1,2.6850000000000023,2,0
0,0,64,5,1,3,3.0689999999999955,1,0
0,0,57,3,1,3,2.494,2,0
0,0,60,4,1,3,3.26,1,0
0,0,13,0,2,0,2.4939999999999998,0,0
1,0,55,4,1,2,5.85,0,0
0,0,53,1,1,3,4.508000000000001,1,0
0,0,44,4,1,0,2.5889999999999986,0,0
0,0,54,5,1,0,3.1650000000000027,2,0
0,0,3,0,0,0,1.725999999999999,0,0
1,0,60,4,1,2,12.179999999999996,1,0
1,0,49,3,1,1,3.8370000000000033,1,0
0,0,36,4,1,1,13.618000000000002,0,0
1,0,40,3,1,0,8.343999999999994,0,0
0,0,50,2,1,0,3.7409999999999997,0,0
0,0,23,0,1,0,5.179,0,0
1,0,64,3,1,1,5.275,0,0
0,0,70,1,1,0,3.3569999999999993,1,0
0,0,26,1,1,2,3.3560000000000016,0,0
0,0,62,5,1,0,3.9319999999999986,0,0
0,0,5,0,0,0,23.305999999999997,0,0
0,0,29,2,1,0,9.398000000000003,0,0
0,0,20,0,1,0,2.7820000000000005,0,1
0,0,37,2,1,3,6.713999999999999,0,0
0,0,68,6,1,2,3.835000000000001,1,0
0,0,46,2,1,0,2.686,1,0
0,0,86,8,1,1,4.411000000000001,0,0
0,0,3,0,0,0,2.014999999999997,0,0
0,0,3,0,0,0,11.124000000000002,0,0
0,0,20,1,1,0,2.1099999999999994,0,0
0,0,43,2,1,2,2.878,2,0
0,0,37,4,1,2,3.3569999999999993,2,0
0,0,35,0,1,0,2.8770000000000024,1,0
1,0,45,5,1,2,3.8359999999999985,0,0
0,0,70,2,1,3,2.9739999999999966,0,0
1,0,60,2,1,0,2.5890000000000057,0,0
0,0,72,4,1,0,3.739999999999995,1,0
0,0,40,1,1,0,2.9730000000000003,0,0
1,0,42,2,1,2,4.412,0,0
0,0,67,4,1,0,5.466,2,0
0,0,27,2,1,0,3.5489999999999995,0,0
0,0,73,5,1,3,5.1789999999999985,2,0
0,0,82,5,1,3,4.699000000000002,0,0
1,0,39,6,1,1,12.947999999999997,0,0
1,0,16,1,1,0,3.261000000000003,1,0
1,0,64,5,1,3,2.3019999999999996,0,0
0,0,38,4,1,2,4.411000000000001,2,0
0,0,17,5,1,1,2.3019999999999996,0,0
0,0,39,2,1,4,3.548000000000002,1,0
0,0,23,1,1,1,2.110999999999997,0,0
0,0,14,2,1,1,2.6839999999999975,0,0
0,0,12,2,1,1,2.782,0,0
0,0,15,2,1,1,2.2059999999999995,1,0
0,0,15,1,1,2,1.9180000000000001,0,0
0,0,13,1,1,0,3.452000000000001,0,0
0,0,21,3,1,1,3.4529999999999994,0,0
0,0,35,4,1,1,2.686,0,0
0,0,15,2,1,0,2.6849999999999987,0,0
0,0,27,3,1,2,2.782,2,0
0,0,26,2,1,2,3.1640000000000015,1,0
0,0,14,0,1,2,2.686,0,0
0,0,28,2,1,0,2.780999999999999,0,0
0,0,16,0,1,1,2.6849999999999987,1,0
0,0,10,1,1,1,2.3980000000000032,0,0
0,0,16,1,1,1,2.397999999999996,0,0
0,0,22,2,1,1,3.0690000000000026,1,0
0,0,16,2,1,1,2.301000000000002,1,0
0,0,17,1,1,2,2.0150000000000006,1,0
0,0,15,1,1,2,2.1089999999999947,1,0
0,0,16,2,1,1,2.0150000000000006,1,0
0,0,14,1,1,2,2.0130000000000052,0,0
0,0,17,1,0,1,2.7819999999999965,1,0
0,0,13,0,1,0,2.3019999999999996,0,0
0,0,25,2,1,3,2.012999999999998,0,0
0,0,18,0,1,0,3.8370000000000033,0,0
0,0,50,3,1,0,3.8360000000000003,0,0
0,0,62,4,1,0,4.795,0,0
0,0,67,4,1,2,4.219999999999999,0,0
0,0,25,1,10,0,20.908,0,0
0,0,12,0,5,0,4.411999999999999,0,0
0,0,37,0,1,1,15.536000000000001,2,0
1,0,37,2,1,1,4.2209999999999965,0,0
1,0,35,1,1,0,3.26,1,0
0,0,25,1,10,0,3.8360000000000003,0,0
0,0,21,2,2,0,4.986999999999999,0,0
0,0,25,1,10,0,4.411999999999999,0,0
0,0,12,0,5,0,13.523000000000003,0,0
0,0,27,2,1,2,6.520999999999997,0,0
1,0,45,2,1,0,6.139000000000003,0,0
0,0,72,1,1,3,5.178999999999995,0,0
0,0,25,1,1,2,3.932000000000002,2,0
0,0,64,5,1,3,3.0690000000000026,0,0
0,1,35,0,1,3,1.0549999999999997,1,0
0,0,43,2,1,0,2.780999999999999,0,0
0,0,12,0,5,0,4.891000000000005,0,0
0,0,66,5,1,1,12.468000000000002,0,0
0,0,168,10,1,7,14.576999999999998,0,1
1,0,22,0,1,1,2.110999999999997,0,0
0,0,25,1,10,0,7.001000000000005,0,0
1,0,62,4,1,0,5.658999999999999,0,0
0,0,29,3,1,1,2.012999999999998,0,0
0,0,38,7,1,2,3.8370000000000033,0,0
0,0,34,3,1,0,2.1099999999999994,0,0
1,0,21,0,1,1,6.8089999999999975,0,0
0,0,60,2,1,1,5.371,1,0
1,0,33,3,1,0,4.986999999999999,0,0
0,0,31,2,1,0,2.4939999999999998,0,0
0,0,25,1,10,0,3.3560000000000016,0,0
0,0,12,0,5,0,3.5489999999999995,0,0
0,0,21,2,2,0,4.506999999999998,0,0
0,0,26,2,1,1,51.598,1,0
0,0,36,1,1,3,2.3979999999999997,0,0
0,0,35,1,1,2,4.698999999999998,0,0
1,0,45,2,1,0,4.124000000000002,0,0
1,0,38,3,1,2,2.3979999999999997,1,0
1,0,17,3,1,2,4.411999999999999,0,0
1,0,33,3,1,3,4.219000000000001,2,0
1,0,23,2,1,1,2.2070000000000007,0,0
0,0,15,1,3,0,2.3969999999999985,0,0
1,0,9,0,0,1,2.014000000000003,0,0
1,0,59,5,1,0,8.631,3,0
0,0,53,0,1,4,5.658999999999999,3,0
1,0,12,0,0,1,1.9179999999999993,0,0
1,0,37,2,1,0,2.398,0,0
1,0,24,1,1,0,2.877,0,0
1,0,24,1,1,0,5.850999999999999,0,0
1,0,49,4,1,0,3.644000000000002,0,0
0,0,20,0,1,1,2.6849999999999987,0,0
1,0,27,0,1,0,2.780999999999999,0,0
1,0,16,1,1,0,2.399000000000001,0,0
1,0,12,0,1,0,2.397000000000002,1,0
1,0,22,4,1,0,2.1099999999999994,0,0
1,0,33,2,1,2,3.3569999999999958,0,0
1,0,29,5,1,1,2.3970000000000056,0,0
1,0,11,0,0,0,2.397999999999996,0,0
1,0,29,0,1,1,1.8230000000000004,1,0
1,0,20,3,1,0,2.8759999999999977,1,0
0,0,52,0,1,3,4.220000000000006,2,0
0,0,52,4,1,2,3.2609999999999957,0,0
1,0,36,1,1,0,8.536000000000001,0,0
1,0,36,2,1,2,2.3969999999999985,0,0
0,0,21,0,1,2,5.275,0,0
1,0,41,4,1,2,9.974,0,0
1,0,42,1,1,1,4.699999999999999,0,0
1,0,50,2,1,2,2.686,0,0
1,0,40,2,1,3,3.068999999999999,0,0
0,0,31,2,1,0,4.124000000000002,0,0
1,0,70,1,1,4,4.124000000000002,0,0
1,0,22,1,1,0,2.3969999999999985,0,0
1,0,43,2,1,1,6.425999999999995,0,0
1,0,37,1,1,0,3.1650000000000063,0,0
1,0,33,0,1,1,8.439,0,0
1,0,34,0,1,1,2.686,0,0
1,0,11,0,2,0,1.9169999999999945,0,0
1,0,28,1,1,2,2.7830000000000013,0,0
1,0,23,0,1,0,6.042,0,0
1,0,17,0,1,0,2.7810000000000006,0,0
1,0,13,0,1,2,2.0139999999999993,0,0
0,0,24,1,2,0,21.290999999999997,1,0
0,0,11,0,4,0,6.042000000000002,0,0
0,0,11,0,4,0,20.619999999999997,0,0
0,0,13,1,3,0,7.768999999999999,0,0
0,0,12,1,6,0,24.264,0,0
1,0,16,0,1,2,60.996,0,0
1,0,27,2,1,1,5.372,0,0
1,0,45,2,1,1,2.972999999999999,1,0
0,0,71,5,1,3,4.985999999999997,1,0
0,0,45,4,1,2,3.0700000000000003,1,0
0,0,50,2,1,0,3.835000000000001,1,0
1,0,41,1,1,1,4.221000000000004,2,0
1,0,19,0,1,0,2.2049999999999983,0,0
0,0,56,4,1,0,2.8779999999999997,0,0
0,0,50,2,1,1,3.6430000000000002,0,0
1,0,52,5,1,0,3.4530000000000003,0,0
0,0,23,3,1,2,4.315999999999999,0,0
1,0,25,1,1,0,2.1099999999999994,1,0
0,0,51,3,1,2,8.727,1,0
0,0,15,0,1,0,3.6449999999999996,0,0
0,0,52,3,1,2,2.878,1,0
0,0,51,7,1,2,5.658000000000001,0,0
0,0,38,4,1,1,3.8359999999999985,1,0
0,0,70,3,1,3,5.082999999999998,0,0
0,0,25,1,1,1,3.453000000000003,1,0
0,0,34,5,1,3,3.0690000000000026,0,0
0,0,76,4,1,3,5.082000000000001,0,0
1,0,61,3,1,0,7.0020000000000024,0,0
0,0,31,1,1,2,2.3019999999999996,0,0
0,0,25,1,10,0,6.712999999999999,0,0
0,0,38,3,1,1,5.467000000000002,0,0
0,0,50,2,1,0,3.6449999999999996,0,0
0,0,40,3,1,2,4.123999999999999,0,0
0,0,26,2,1,0,3.644000000000002,0,0
0,0,56,1,1,2,4.411999999999999,0,0
0,0,33,3,1,1,6.905000000000001,0,0
0,0,57,3,1,1,4.698999999999998,1,0
0,0,37,2,1,0,16.497,0,0
0,0,31,0,1,0,2.3970000000000002,0,0
0,0,26,1,1,1,3.8360000000000003,0,0
0,0,50,2,1,1,6.809000000000001,3,0
0,0,25,1,1,0,2.2059999999999995,0,0
0,0,13,1,1,0,2.59,0,0
0,0,33,1,1,1,5.082999999999998,0,0
0,0,25,1,10,0,2.9730000000000025,0,0
0,0,17,1,1,1,2.9729999999999954,0,0
0,0,44,4,1,1,5.659000000000006,0,0
1,0,42,3,1,2,4.123999999999995,2,0
1,0,21,2,1,1,2.2049999999999983,1,0
1,0,33,4,1,3,3.3570000000000064,2,0
1,0,33,4,1,0,3.452999999999996,2,0
1,0,35,3,1,4,3.645000000000003,2,0
1,0,59,5,1,2,5.082999999999998,3,0
0,0,16,1,6,0,2.8759999999999977,0,0
0,0,12,0,3,0,3.5490000000000004,0,0
0,0,11,1,1,0,2.781999999999999,0,0
0,0,12,0,3,0,3.74,0,0
1,0,66,3,1,0,4.123999999999999,0,0
1,0,44,2,1,3,4.027000000000001,0,0
0,0,19,0,6,0,1.9190000000000005,0,0
1,0,27,0,1,1,2.876999999999999,2,0
0,0,12,0,1,0,5.6590000000000025,0,0
1,0,11,0,2,0,0.0,0,0
1,0,13,0,1,0,0.0,0,0
1,0,25,0,1,0,3.0680000000000014,0,0
1,0,14,0,3,0,7.864999999999995,0,0
1,0,63,4,1,2,8.056000000000004,1,0
0,0,24,1,2,0,5.658999999999999,1,0
1,0,14,0,3,0,3.6439999999999984,0,0
1,0,23,6,1,0,3.453000000000003,0,0
1,0,14,0,3,0,2.302,0,0
0,0,13,1,3,0,1.9169999999999998,0,0
1,0,37,2,1,0,3.4529999999999994,0,0
1,0,68,3,1,0,5.18,0,0
1,0,55,1,1,0,2.589000000000002,0,0
1,0,38,2,1,1,3.7399999999999984,1,0
0,0,56,2,1,2,5.179000000000002,0,1
1,0,69,3,1,2,3.8359999999999985,0,0
1,0,26,0,1,0,3.7409999999999997,0,0
1,0,39,4,1,0,4.698999999999998,0,0
0,0,25,1,10,0,7.097000000000001,0,0
0,0,16,1,6,0,11.509,0,0
0,0,12,0,5,0,49.967,0,0
0,0,510,23,1,25,120,7,1
0,0,14,0,1,0,3.2609999999999992,1,0
0,0,68,3,1,6,2.3979999999999997,1,0
1,0,64,2,1,4,3.6449999999999996,2,0
0,0,42,2,1,2,4.793999999999997,1,0
0,0,26,0,2,0,3.8370000000000033,0,0
0,0,47,3,1,3,4.508000000000003,1,0
0,0,33,2,1,1,4.506999999999998,0,0
0,0,26,0,2,0,3.3569999999999993,0,0
0,0,21,0,1,2,2.8770000000000024,0,0
0,0,62,5,1,0,7.768000000000001,0,1
0,0,25,3,1,3,2.207,0,0
0,0,21,1,1,0,4.507000000000001,0,0
0,0,73,4,1,1,3.7409999999999997,1,0
0,0,62,3,1,2,2.491999999999999,0,0
0,0,29,0,1,1,1.9190000000000005,0,0
0,0,39,3,1,0,2.6849999999999987,0,0
0,0,64,1,1,3,2.4940000000000033,1,0
0,0,61,5,1,2,3.068999999999999,2,0
0,0,13,2,1,1,1.9179999999999993,0,0
1,0,69,6,1,2,2.5889999999999986,0,0
0,0,51,3,1,4,2.2070000000000007,2,0
0,0,80,6,1,4,3.3560000000000016,0,0
0,0,72,4,1,3,3.451999999999998,0,0
0,0,54,2,1,4,1.5350000000000037,0,0
0,0,87,1,1,1,4.123999999999995,2,0
0,0,69,5,1,1,3.932000000000002,0,0
0,0,51,1,1,1,5.082999999999998,1,0
0,0,51,3,1,0,3.5500000000000043,1,0
0,0,77,3,1,3,2.971999999999994,0,0
1,0,73,3,1,0,2.8770000000000007,0,0
0,0,66,2,1,2,3.261,1,0
0,0,57,6,1,2,5.275,1,0
1,0,39,3,1,1,2.8779999999999983,1,0
0,0,20,1,1,1,5.561999999999999,0,0
0,0,20,1,1,1,7.288,0,0
1,0,34,3,1,1,4.413,1,0
0,0,20,0,1,1,3.932000000000002,1,0
0,0,17,0,1,1,4.123999999999995,0,1
0,0,11,0,1,0,4.507000000000005,1,0
1,0,52,4,1,2,3.644999999999996,1,0
1,0,7,0,1,0,2.1090000000000018,0,0
1,0,69,5,1,2,9.015,0,0
1,0,15,0,1,1,3.0700000000000003,0,0
0,0,39,0,1,0,10.068999999999999,0,1
0,1,54,7,1,2,7.0980000000000025,0,0
0,0,46,6,1,2,8.439999999999998,1,0
0,0,21,4,1,3,3.548000000000002,0,0
0,0,17,0,3,0,2.878,0,0
0,0,63,7,1,1,3.164999999999999,0,0
0,0,47,6,1,3,2.972999999999999,0,0
0,0,52,7,1,3,5.561999999999998,0,0
0,0,28,5,1,3,3.1640000000000015,0,0
0,0,55,4,1,4,4.893000000000001,0,0
0,0,53,9,1,4,6.425000000000004,0,0
0,0,52,7,1,3,5.179,0,0
0,0,38,8,1,1,6.042,0,0
0,0,13,2,1,0,1.9179999999999993,0,0
0,0,33,2,1,1,2.2059999999999995,0,0
1,0,20,1,1,0,11.413,0,0
0,0,51,5,1,1,4.795999999999999,2,0
1,0,25,2,1,0,2.6840000000000046,0,0
0,0,3,0,0,0,5.658999999999999,0,0
1,0,18,0,1,1,7.9609999999999985,0,0
0,0,4,0,0,1,2.8759999999999977,0,0
0,0,6,0,0,0,2.878,0,0
0,0,63,4,1,8,5.563000000000002,2,0
0,0,230,16,1,16,25.127,3,1
0,0,66,5,1,1,4.315999999999999,2,0
0,0,49,1,1,2,2.012999999999998,0,0
0,0,51,3,1,0,4.124000000000002,0,0
0,0,41,5,1,3,3.164999999999999,1,0
0,0,77,4,1,4,5.274999999999999,0,0
0,0,115,2,1,4,11.893,1,1
0,0,35,1,1,1,7.385000000000005,1,0
0,0,261,16,1,10,31.553,1,1
0,0,11,0,1,0,2.5889999999999986,0,0
0,0,31,3,1,3,2.780999999999999,0,0
0,0,60,6,1,2,5.563000000000002,0,1
0,0,16,3,1,1,3.6439999999999984,0,0
0,0,105,4,1,4,8.825000000000003,1,1
0,0,47,1,1,0,3.259999999999998,2,0
0,0,240,9,1,5,21.195,3,1
0,0,13,0,1,1,4.124000000000002,0,0
0,0,77,5,1,4,9.686999999999998,1,1
0,0,9,0,8,0,33.663000000000004,0,0
0,0,98,2,1,6,12.564,1,1
0,0,51,7,1,4,11.892,0,0
0,0,38,6,1,4,3.451999999999998,0,0
0,0,33,3,1,4,4.3160000000000025,0,0
0,0,53,6,1,6,4.9879999999999995,0,0
0,0,36,4,1,4,3.3560000000000016,0,0
0,0,17,0,3,0,1.918999999999997,0,0
0,0,52,9,1,6,3.835000000000001,0,0
0,0,44,7,1,4,3.2620000000000005,0,0
0,0,38,6,1,4,3.356,0,0
0,0,26,1,1,3,3.453,0,0
0,0,35,9,1,4,3.0700000000000003,0,0
0,0,54,5,1,7,3.548,0,0
0,0,17,0,3,0,2.2060000000000013,0,0
0,0,43,2,2,0,3.068999999999999,2,0
0,0,43,2,2,0,2.3969999999999985,2,0
0,0,20,0,1,1,2.301000000000002,0,0
0,0,21,1,2,0,3.2609999999999992,1,0
0,0,21,1,2,0,20.333,1,0
0,0,34,3,1,2,26.949999999999996,1,0
0,1,49,2,1,2,3.8360000000000003,1,0
0,0,27,4,1,0,2.6849999999999987,0,0
0,0,46,3,1,1,3.0700000000000003,1,0
0,0,41,1,1,1,2.8760000000000012,0,0
0,0,51,2,1,3,3.4529999999999994,0,0
0,0,44,1,1,1,3.8369999999999997,0,0
0,0,113,7,1,4,41.81400000000001,1,1
0,0,30,1,1,2,28.197000000000003,1,0
0,0,60,3,1,2,5.561999999999998,2,0
0,0,19,1,1,1,7.289999999999999,0,0
0,0,26,1,1,0,32.32000000000001,0,0
0,0,36,1,1,0,4.892000000000003,0,0
0,0,11,0,1,0,2.3969999999999985,0,0
0,0,22,1,1,0,2.3969999999999985,0,0
0,0,75,6,1,2,5.082999999999998,2,0
0,0,23,1,1,0,2.686,0,0
0,0,10,1,1,0,3.453000000000003,0,0
0,0,27,2,1,0,5.082000000000001,0,0
0,0,29,2,1,0,3.452999999999996,0,0
0,0,15,1,1,0,2.1099999999999994,0,0
0,0,50,3,1,1,4.316,0,0
0,0,19,0,1,0,2.973,0,0
0,0,16,0,1,0,3.357000000000001,0,0
0,0,9,1,1,0,5.1789999999999985,0,0
0,0,31,1,1,2,2.301000000000002,0,0
1,0,48,1,1,0,3.933,0,0
0,0,11,0,1,0,5.658999999999999,0,0
0,0,16,0,1,0,2.0139999999999993,0,0
0,0,9,0,1,0,5.178000000000001,0,0
0,0,11,0,1,0,3.645000000000003,0,0
0,0,13,0,1,1,2.1099999999999994,0,0
0,0,16,0,1,0,1.9169999999999945,0,0
0,0,48,3,1,1,2.686,0,0
0,0,37,1,1,0,3.3569999999999993,1,0
0,0,16,0,1,0,6.138000000000005,0,0
0,0,16,0,1,1,3.3569999999999993,1,0
0,0,9,0,1,0,2.686,0,0
0,0,34,1,1,1,5.562,0,0
0,0,29,1,1,0,4.507,0,0
1,0,33,0,1,1,3.9320000000000004,0,0
0,0,21,0,1,0,13.427999999999999,0,0
0,0,15,0,1,0,14.674000000000003,0,0
0,0,16,0,2,0,56.201,0,0
0,0,26,2,1,1,2.972999999999999,0,0
1,0,20,0,1,0,3.5479999999999947,0,0
1,0,25,2,1,0,8.632000000000005,0,0
0,0,24,2,1,0,3.5479999999999947,0,0
1,0,24,1,1,1,2.973000000000006,0,0
0,0,16,0,2,0,2.1100000000000003,0,0
1,0,20,0,1,0,5.561999999999999,0,0
0,0,51,3,1,2,2.3019999999999996,1,0
0,0,20,1,1,1,3.165000000000001,0,0
0,0,41,0,1,2,3.6450000000000014,1,0
0,0,23,0,1,0,4.0269999999999975,0,0
1,0,30,2,1,2,5.085000000000001,0,0
