0,0,71,2,1,3,39,1,0
1,0,34,4,1,1,3.1030000000000015,1,0
0,0,14,0,1,1,2.6030000000000015,1,0
0,0,33,2,1,0,5.512999999999998,0,0
0,0,14,2,1,0,4.834000000000003,0,0
0,0,13,0,1,1,2.371000000000002,0,0
1,0,31,2,1,0,4.638999999999996,1,0
1,0,21,3,1,1,3.237,0,0
0,0,12,1,1,0,2.37,1,0
0,0,27,0,1,0,2.799999999999999,0,0
0,0,14,1,1,0,2.0980000000000008,0,0
0,0,39,1,1,3,4.479999999999999,0,0
0,0,26,0,1,2,5.097000000000001,0,0
0,0,25,1,1,1,2.6690000000000005,2,0
0,0,38,2,1,2,2.8389999999999986,0,0
1,0,40,3,1,1,7.709,1,0
0,0,47,5,1,1,4.1030000000000015,0,0
0,0,30,1,1,1,2.3699999999999974,0,0
0,0,46,3,1,0,17.888000000000005,0,0
0,0,29,1,1,0,2.3999999999999986,0,0
0,0,14,1,1,0,5.472,0,0
0,0,10,1,2,0,0.0,0,0
0,0,54,2,1,0,3.6309999999999993,0,0
0,0,4,0,0,0,1.5690000000000008,0,0
0,0,13,1,1,0,3.773999999999999,1,0
1,0,15,2,1,0,7.301000000000002,0,0
0,0,12,0,1,1,1.8069999999999986,0,0
1,0,16,1,1,0,3.402000000000001,0,0
0,0,37,2,1,1,10.313999999999997,0,0
0,0,38,3,1,0,3.7690000000000055,0,0
0,0,16,2,1,0,4.369999999999997,0,0
0,0,20,4,1,2,3.238999999999997,0,0
0,0,50,3,1,2,8.837000000000003,0,0
0,0,29,1,1,1,3.4080000000000013,0,0
0,0,22,2,1,0,3.432,0,0
0,0,11,2,1,0,3.7090000000000005,0,0
0,0,9,1,1,0,5.536,0,0
0,0,54,5,1,3,6.741000000000001,0,0
0,0,26,3,1,0,2.3369999999999997,0,0
0,0,52,4,1,2,7.036999999999999,2,0
0,0,57,2,1,2,6.508999999999997,1,0
0,0,60,3,1,2,5.309000000000005,0,0
0,1,57,1,1,1,7.671999999999997,1,0
0,0,15,1,1,0,5.508000000000003,1,0
0,0,21,2,1,1,3.269999999999996,0,0
0,0,42,2,1,2,8.972000000000001,2,0
0,0,30,1,1,2,3.196999999999999,2,0
0,0,31,1,1,0,5.479000000000001,0,0
0,0,42,1,1,1,7.974999999999998,1,0
0,0,56,1,1,0,4.0070000000000014,0,0
0,0,36,1,1,1,5.097999999999999,1,0
0,0,26,1,1,1,6.472999999999999,0,0
0,0,36,2,1,0,5.244,0,0
0,0,46,3,1,1,4.433,0,0
0,0,33,1,1,2,4.003,0,0
1,0,23,2,1,2,19.625000000000007,0,0
0,0,18,3,1,0,3.3680000000000003,0,0
0,0,48,4,1,1,3.4720000000000013,0,0
0,0,32,4,1,0,1.4689999999999976,0,0
0,0,20,1,1,2,6.341000000000001,1,0
0,0,12,0,0,1,2.2970000000000006,1,0
0,0,21,1,1,1,3.270000000000003,0,0
0,0,32,0,1,1,5.777999999999999,1,0
0,0,41,3,1,1,5.866999999999997,0,0
0,0,35,1,1,1,11.207,0,0
0,0,26,0,1,0,3.8429999999999964,0,0
0,0,37,4,1,0,4.774,0,0
0,0,42,3,1,0,8.777000000000001,0,0
0,0,31,2,1,0,4.034000000000001,0,0
0,0,10,0,3,0,6.302999999999997,0,0
1,0,64,4,1,0,2.668000000000003,0,0
0,0,5,0,0,0,1.3369999999999997,0,0
0,0,34,2,1,1,12.48,0,0
0,0,27,1,1,0,3.1999999999999957,0,0
0,0,50,1,1,0,6.346000000000004,1,0
0,0,22,2,1,3,5.006,0,0
0,0,16,2,1,1,7.274000000000001,0,0
1,0,5,0,0,0,3.229,0,0
1,0,24,1,1,0,5.646,0,0
1,0,28,2,1,0,2.801,0,0
0,0,45,2,1,1,4.006,0,0
0,0,24,1,1,0,2.9609999999999985,1,0
0,0,43,1,1,1,3.5120000000000005,1,0
0,0,5,1,0,0,1.8300000000000018,0,0
0,0,27,1,1,3,6.1129999999999995,1,0
0,0,24,2,1,0,3.4669999999999987,0,0
0,0,36,3,1,1,2.834000000000003,0,0
0,0,63,3,1,3,4.303999999999995,3,0
0,0,76,5,1,0,5.640000000000001,1,0
0,0,24,1,1,2,2.5080000000000027,1,0
0,0,50,1,1,1,3.533999999999999,0,0
0,0,40,3,1,1,3.966000000000001,0,0
0,0,50,3,1,1,3.468,0,0
0,0,37,2,1,3,3.207,1,0
0,0,69,4,1,1,4.574,0,0
1,0,20,1,1,0,3.7989999999999995,0,0
1,0,15,1,1,1,1.9050000000000011,0,0
1,0,22,2,1,0,16.715999999999998,0,0
1,0,24,2,2,0,13.308,0,0
0,0,7,1,0,0,1.4070000000000036,1,0
0,0,30,2,1,0,2.671999999999997,0,0
1,0,5,1,0,0,1.2620000000000005,0,0
0,0,45,3,1,0,4.805,1,0
0,0,65,4,1,1,6.305,0,0
0,0,7,1,0,0,1.3709999999999996,0,0
0,0,26,3,1,1,3.101,0,0
0,0,5,1,0,0,3.537000000000001,0,0
0,0,32,1,1,0,3.366999999999999,0,0
0,0,43,3,1,1,4.015000000000001,1,0
0,0,11,0,1,0,11.009,0,0
1,0,7,1,0,0,16.544999999999998,0,0
0,0,7,1,0,0,1.3350000000000009,0,0
1,0,28,2,1,0,4.170000000000002,0,0
1,0,30,2,1,0,30.967999999999996,0,0
1,0,23,2,1,0,3.262999999999998,0,0
0,0,17,0,1,0,60.0,1,0
1,0,18,1,1,0,0.0,1,0
0,1,70,2,1,0,3.471,2,0
0,0,29,1,1,0,2.3669999999999973,0,0
0,0,26,1,1,1,0.0,0,0
0,0,17,1,1,1,4.971000000000004,0,0
0,0,45,1,1,0,7.503999999999998,1,0
0,0,27,2,1,1,3.4710000000000036,0,0
0,0,28,1,1,1,3.673000000000002,0,0
1,0,9,0,1,1,1.4369999999999976,1,0
0,0,45,1,1,1,5.601999999999997,0,0
0,0,23,2,1,2,10.379000000000005,0,0
0,1,36,1,1,1,3.8710000000000004,1,0
0,0,38,0,1,0,3.6339999999999986,0,0
0,0,30,1,1,1,2.4070000000000036,0,0
0,0,27,0,1,1,2.0029999999999966,0,0
0,0,16,0,1,0,1.3300000000000018,1,0
0,0,51,2,1,0,2.6320000000000014,0,0
1,0,34,1,1,1,2.1359999999999992,1,0
0,0,26,0,1,0,0.0,2,0
0,0,32,1,1,2,2.669999999999998,1,0
0,0,25,1,1,0,1.3719999999999999,0,0
0,0,57,3,1,0,3.303000000000001,0,0
0,0,14,1,1,0,1.1300000000000026,0,0
1,0,19,2,1,0,2.577999999999996,0,0
1,0,12,1,1,0,0.0,0,0
0,0,33,0,1,0,12.609000000000002,1,0
0,0,52,1,1,3,3.5970000000000013,0,0
0,0,34,2,1,0,1.6359999999999957,0,0
0,0,10,1,1,1,1.6010000000000062,0,0
0,0,8,0,1,0,2.175999999999995,0,0
0,0,54,2,1,0,4.333999999999996,1,0
1,0,32,1,1,0,5.111,1,0
1,0,37,2,1,2,2.0359999999999996,0,0
0,0,27,2,1,0,2.194000000000001,2,0
1,0,59,4,1,0,4.142000000000001,2,0
1,0,33,4,1,2,1.9699999999999989,1,0
0,0,40,0,1,2,2.1630000000000003,1,0
0,0,39,0,1,1,1.907,0,0
0,0,27,1,1,2,1.661999999999999,0,0
1,0,62,2,1,1,3.0459999999999994,3,0
1,0,26,3,1,1,2.2959999999999994,1,0
0,0,29,4,1,2,8.839000000000002,0,0
0,1,32,1,1,0,1.7719999999999985,0,0
1,0,50,3,1,0,2.472999999999999,2,0
0,0,6,0,0,1,1.5700000000000003,0,0
1,0,20,0,1,0,2.0690000000000026,0,0
1,0,48,3,1,0,5.972000000000001,1,0
0,0,59,4,1,2,7.967999999999996,0,0
0,0,36,1,1,2,3.9419999999999997,0,0
1,0,40,0,1,2,0.0,1,0
0,0,71,3,1,3,3.4029999999999996,1,0
1,0,23,0,1,0,2.6980000000000004,0,0
0,0,13,0,1,0,0.0,0,0
0,0,21,1,1,0,4.1080000000000005,0,0
0,0,45,4,1,3,3.074,0,0
1,0,46,2,1,1,3.6950000000000003,0,0
1,0,44,2,1,1,3.2369999999999983,0,0
0,0,57,5,1,2,7.4090000000000025,0,0
0,0,65,4,1,4,4.167999999999999,0,0
0,0,70,7,1,2,5.213000000000001,1,0
0,0,66,3,1,4,4.698,3,0
0,1,53,4,1,1,2.7369999999999948,0,0
1,0,11,0,1,0,1.0970000000000013,0,0
0,0,48,1,1,3,3.3430000000000035,0,0
1,0,21,0,1,1,3.808,0,0
0,0,68,6,1,3,4.4709999999999965,0,0
0,0,55,0,1,0,4.004,1,1
0,0,57,4,1,3,7.6339999999999995,1,0
0,0,39,1,1,1,3.3049999999999997,0,0
0,0,52,2,1,4,2.6320000000000014,2,0
0,0,47,5,1,2,2.875,0,0
0,0,9,1,2,0,1.1849999999999987,0,0
0,0,28,2,2,0,0.0,0,0
0,0,9,1,2,0,1.0800000000000018,0,0
0,0,28,2,2,0,0.0,0,0
0,0,48,3,1,2,4.670999999999999,1,0
0,0,51,5,1,1,7.143999999999998,2,0
0,0,46,1,1,1,3.097999999999999,0,0
0,0,35,2,1,0,5.5390000000000015,0,0
0,0,29,3,1,0,1.8029999999999973,0,0
0,0,51,4,1,0,3.2040000000000006,0,0
0,0,61,3,1,0,3.8060000000000045,1,0
0,0,16,1,1,0,4.0049999999999955,0,0
0,0,9,1,0,0,4.573,0,0
0,0,9,1,0,0,1.9680000000000004,0,0
0,0,68,5,1,0,3.841,1,0
0,0,18,1,1,0,1.158999999999999,0,0
0,0,52,4,1,0,3.4429999999999996,0,0
0,0,48,2,1,2,5.835000000000001,0,0
0,0,27,1,1,2,3.469999999999999,1,0
0,0,56,3,1,0,4.035,0,0
0,0,14,0,1,2,1.4700000000000024,0,0
1,0,13,0,1,1,6.579999999999998,0,0
0,0,38,2,1,2,9.436999999999998,0,0
1,0,31,0,1,0,12.149000000000001,0,0
0,0,68,5,1,2,4.672000000000004,1,0
0,1,29,1,1,1,1.331,0,0
0,0,29,2,1,1,2.3709999999999996,0,0
0,0,29,2,1,1,11.547,1,0
0,0,7,1,0,0,3.565999999999999,0,0
0,0,37,1,2,0,18.917,0,0
0,0,36,2,1,0,12.384999999999998,0,0
1,0,20,1,1,1,4.231000000000002,0,0
0,0,29,2,1,1,3.4769999999999968,0,0
0,0,37,3,1,3,5.233999999999995,1,0
0,0,27,1,1,1,4.837,1,0
0,0,27,5,1,0,5.207000000000001,0,0
0,0,39,2,1,0,6.2109999999999985,0,0
0,0,24,3,1,2,2.5700000000000003,0,0
0,0,48,1,1,0,3.6660000000000004,0,0
0,0,46,1,1,2,3.1670000000000016,0,0
1,0,29,2,1,0,2.4399999999999977,0,0
0,0,67,4,1,3,4.064999999999998,1,0
0,0,42,3,1,1,2.943000000000005,2,0
1,0,8,0,0,0,3.6340000000000003,0,0
0,0,9,0,1,0,13.381999999999998,1,0
0,0,38,4,1,2,9.675999999999995,0,0
1,0,57,3,1,2,4.630000000000001,0,0
1,0,11,0,1,0,3.177999999999999,0,0
1,0,49,4,1,0,3.801,0,0
0,0,16,1,1,2,2.469999999999999,1,0
0,0,29,0,1,0,4.309000000000001,0,0
0,0,25,1,1,0,2.429000000000002,0,0
0,0,5,2,0,0,1.2679999999999971,0,0
0,0,5,2,0,0,1.8350000000000009,0,0
0,0,47,3,1,0,4.574999999999999,0,0
0,0,63,3,1,2,5.466000000000001,1,1
0,0,33,3,1,0,3.2760000000000034,0,0
0,0,53,4,1,1,5.034999999999997,1,0
0,0,34,2,1,0,2.5760000000000005,1,0
1,0,28,2,1,0,5.432000000000002,0,0
1,0,45,3,1,2,3.806999999999995,1,0
0,0,51,3,1,0,3.165,0,0
0,0,44,2,1,0,5.812999999999999,1,0
0,0,21,0,1,0,10.372,0,0
0,0,45,1,1,0,3.6380000000000017,0,0
0,0,33,0,1,0,3.2659999999999982,0,0
0,0,19,1,1,0,3.673000000000002,0,0
0,0,39,4,1,1,23.456,0,0
0,0,52,3,1,3,3.0090000000000003,2,0
0,0,65,3,1,7,4.162999999999997,3,0
0,0,60,3,1,5,6.8389999999999995,2,0
0,0,29,2,1,3,2.7390000000000008,1,0
0,0,25,1,1,0,13.253,2,0
0,0,54,0,1,1,3.936,0,0
1,0,70,4,1,0,4.402999999999999,1,0
0,0,64,4,1,4,4.939999999999998,1,0
0,0,9,1,0,0,2.264000000000003,0,0
0,0,9,1,0,0,1.3359999999999985,0,0
0,0,9,1,0,0,2.7989999999999995,0,0
0,0,34,3,1,0,3.503,0,0
0,0,48,7,1,1,4.513000000000005,0,0
0,0,40,2,1,1,2.7979999999999947,0,0
0,0,38,3,1,5,5.974000000000004,1,0
0,0,38,0,1,1,4.534999999999997,0,0
0,0,41,4,1,3,3.5060000000000002,1,0
0,0,41,1,1,3,2.8019999999999996,0,0
0,0,48,3,1,3,4.369999999999999,2,0
0,0,36,0,1,2,3.6110000000000007,0,0
1,0,45,3,2,0,5.434999999999999,1,0
1,0,45,3,2,0,1.5310000000000024,1,0
0,0,58,4,1,2,3.7369999999999983,0,0
0,0,26,2,1,2,4.334999999999997,0,0
0,0,37,1,2,0,4.407000000000004,0,0
0,0,59,5,1,3,4.304000000000002,1,0
1,0,9,1,0,0,5.177,0,0
1,0,11,0,2,0,11.905000000000001,0,0
1,0,11,0,2,0,0.0,0,0
1,0,30,2,1,0,4.944999999999993,1,0
0,0,71,6,1,2,15.308,0,0
0,0,59,2,1,3,7.842000000000002,1,0
0,0,38,2,1,3,2.2029999999999994,0,0
1,0,25,3,1,2,2.508999999999997,1,0
1,0,11,1,2,0,2.264000000000003,0,0
1,0,11,1,2,0,0.0,0,0
1,0,11,2,0,0,1.2680000000000007,0,0
1,0,11,2,0,0,1.5749999999999957,0,0
1,0,11,2,0,0,0.0,0,0
1,0,38,2,1,2,4.800000000000004,0,0
0,0,31,1,1,2,3.1400000000000006,1,0
0,0,50,1,1,1,3.3669999999999973,0,0
1,0,14,1,1,1,4.741,1,0
1,0,4,0,0,0,0.0,0,0
1,0,15,0,1,1,1.9329999999999998,1,0
1,0,4,0,0,0,0.0,0,0
1,0,16,1,1,0,3.634999999999998,0,0
0,0,30,1,1,1,2.5970000000000013,0,0
0,0,14,0,1,1,2.5700000000000003,0,0
0,0,11,0,1,0,2.0789999999999997,0,0
0,0,46,3,1,1,6.739999999999999,1,0
0,0,10,0,3,0,1.7960000000000012,0,0
1,0,19,0,1,2,0.0,0,0
1,0,4,0,0,0,1.096,0,0
1,0,4,0,0,0,0.0,0,0
1,0,39,2,1,0,1.908999999999999,0,0
1,0,4,0,0,0,1.402000000000001,0,0
1,0,11,2,0,0,0.0,0,0
0,0,39,4,1,0,2.971,0,0
0,0,30,3,1,0,2.128,0,0
0,0,5,0,0,0,0.0,0,0
0,0,15,1,1,0,2.436,0,0
0,0,29,1,1,1,3.1389999999999993,0,0
1,0,8,0,1,0,2.3080000000000034,0,0
0,0,8,0,7,0,2.867999999999995,0,0
0,0,14,1,1,0,3.602000000000004,0,0
0,0,22,0,1,0,1.5379999999999967,1,0
0,0,30,0,1,0,2.8320000000000007,1,0
0,0,8,0,7,0,0.0,0,0
0,0,45,2,1,0,3.472999999999999,0,0
0,0,78,6,1,2,4.9040000000000035,0,0
0,0,42,4,1,1,1.9009999999999962,0,0
1,0,11,2,0,0,3.074000000000005,0,0
1,0,33,3,1,1,0.0,0,0
0,0,4,0,0,0,1.2609999999999957,0,0
1,0,9,0,1,1,0.0,1,0
1,0,8,0,1,1,1.4050000000000011,1,0
0,0,9,1,1,0,0.0,0,0
0,0,4,0,0,0,1.3320000000000007,0,0
0,0,8,0,7,0,0.0,0,0
0,0,16,0,1,1,3.769,0,0
0,0,17,1,1,0,4.105999999999999,1,0
0,0,21,2,1,1,3.6340000000000003,0,0
1,0,16,1,1,1,2.2360000000000007,1,0
1,0,11,2,0,0,2.0409999999999986,0,0
0,0,4,0,0,0,3.3659999999999997,0,0
0,0,8,0,7,0,1.6680000000000028,0,0
0,0,15,3,1,1,1.0969999999999978,0,0
1,0,11,2,0,0,1.4770000000000003,0,0
1,0,11,2,0,0,0.0,0,0
0,0,5,1,0,0,2.932000000000002,0,0
0,0,13,1,1,0,2.8669999999999973,0,0
0,0,23,2,1,0,4.9040000000000035,1,0
0,0,53,3,1,2,3.3419999999999987,1,0
0,0,73,5,1,3,4.131999999999998,1,0
1,0,21,0,1,2,2.142000000000003,0,0
1,0,12,0,1,0,5.268000000000001,0,0
1,0,3,0,0,0,1.232999999999997,0,0
1,0,3,0,0,0,0.0,0,0
0,0,36,2,1,0,3.8100000000000023,0,0
0,0,67,2,1,0,3.6299999999999955,0,0
0,0,58,2,1,3,2.7040000000000006,1,0
0,0,63,3,1,1,4.136,1,0
0,0,60,5,1,1,4.646999999999999,0,0
0,0,44,2,1,0,4.237,0,0
0,0,40,2,1,1,2.5930000000000017,0,0
0,0,43,3,1,0,16.355999999999998,0,0
0,0,77,4,1,2,4.564999999999998,0,0
0,0,67,5,1,4,4.808,2,0
0,0,37,3,1,0,3.4380000000000024,0,0
0,0,70,3,1,1,8.369999999999997,1,0
0,0,29,1,1,0,3.344000000000001,0,0
0,0,66,6,1,3,4.236000000000004,0,0
0,0,22,1,1,1,1.164,1,0
0,0,28,2,1,1,1.577,0,0
0,0,46,3,1,4,3.468,4,0
0,0,11,0,1,0,1.298,1,0
0,0,39,2,1,3,2.9399999999999995,0,0
0,0,41,3,1,0,3.3340000000000014,0,0
0,0,64,9,1,2,3.131999999999998,0,0
0,0,31,1,1,0,2.203000000000003,0,0
0,0,13,1,1,1,0.0,0,0
0,0,44,1,1,2,1.9749999999999979,0,0
0,0,71,6,1,3,4.972000000000001,2,0
0,0,43,2,1,0,21.612999999999996,0,0
0,0,27,0,1,1,2.341000000000001,0,0
1,0,47,3,1,0,3.5990000000000038,0,0
1,0,23,2,1,0,1.475999999999999,0,0
0,0,6,0,0,1,1.3999999999999986,0,0
0,0,27,1,1,1,2.6679999999999993,0,0
0,0,22,1,1,0,2.197,0,0
1,0,30,2,1,1,2.978,0,0
0,0,10,2,2,0,0.0,1,0
0,0,33,1,1,1,2.434,0,0
0,0,41,1,1,2,2.231,0,0
0,0,36,1,1,0,3.2720000000000002,0,0
1,0,35,3,1,0,2.8369999999999997,1,0
0,0,16,0,1,0,2.968,1,0
0,0,13,1,1,1,12.741999999999997,1,0
0,0,61,5,1,4,6.981000000000002,0,0
0,0,43,2,1,2,4.3969999999999985,0,0
0,0,5,0,0,0,2.335000000000001,0,0
1,0,32,3,1,1,3.7139999999999986,0,0
0,0,10,0,1,1,1.5690000000000026,0,0
0,0,16,0,1,1,2.899000000000001,0,0
0,0,26,0,1,1,2.830999999999996,0,0
0,0,37,3,1,3,2.940000000000005,1,0
0,0,17,2,1,1,2.57,0,0
0,0,70,3,1,2,3.966,1,0
0,0,26,1,1,2,2.2030000000000003,1,0
1,0,22,1,1,1,12.011999999999999,0,0
0,0,63,2,1,2,5.9460000000000015,2,0
1,0,19,2,1,0,1.4939999999999998,0,0
0,0,31,1,1,1,2.4080000000000013,0,0
0,0,54,3,1,0,3.5410000000000004,1,0
0,0,34,1,1,0,4.867999999999995,0,0
0,0,39,2,1,2,3.403000000000006,3,0
0,0,46,4,1,0,3.0959999999999965,1,0
0,0,28,1,1,2,2.740000000000002,0,0
0,0,37,1,1,0,8.841999999999999,0,0
0,0,42,2,1,0,3.3759999999999977,0,0
0,0,28,3,1,2,4.6370000000000005,1,0
1,0,40,3,1,1,4.965,1,0
0,0,27,4,1,0,2.4410000000000007,0,0
0,0,23,3,1,1,3.899000000000001,1,0
0,0,33,2,1,0,4.102999999999998,1,0
0,0,19,3,1,1,0.0,1,0
1,0,42,3,1,0,2.0779999999999994,1,0
0,0,38,3,1,2,2.8309999999999995,0,0
1,0,9,0,1,0,7.603999999999999,0,0
1,0,47,2,1,0,23.822000000000003,0,0
1,0,47,6,1,1,4.777999999999999,2,0
0,0,37,2,1,0,2.9989999999999997,2,0
0,0,43,2,1,0,6.273,0,0
1,0,20,1,1,0,3.639000000000001,0,0
0,0,13,1,1,1,0.0,0,0
0,0,39,3,1,3,1.6310000000000002,1,0
0,0,51,4,1,0,3.0120000000000005,0,0
0,0,61,3,1,0,2.5700000000000003,0,0
1,0,55,1,1,1,2.5919999999999987,0,0
0,0,23,3,1,1,3.843,1,0
0,0,33,2,1,1,0.0,0,0
1,0,23,2,1,0,4.035,0,0
0,0,28,2,1,1,2.9750000000000014,0,0
0,0,16,1,1,0,3.604999999999997,1,0
0,0,49,3,1,3,3.1950000000000003,1,0
0,0,33,2,1,2,3.344999999999999,1,0
0,0,52,1,1,0,3.0700000000000003,0,0
0,0,15,1,1,0,14.139000000000003,1,0
0,0,48,2,1,3,3.742,0,0
0,0,22,1,1,0,2.0299999999999994,1,0
0,0,41,6,1,3,3.375,1,0
1,0,35,2,1,1,2.471,0,0
0,0,17,3,1,0,3.4700000000000024,1,0
1,0,20,3,1,0,0.0,0,0
0,0,26,3,1,0,4.770999999999997,0,0
0,0,23,0,1,0,1.9690000000000012,1,0
0,0,37,3,1,1,2.9349999999999987,2,0
0,0,13,0,1,0,2.7699999999999996,0,0
0,0,58,5,1,2,3.8000000000000007,2,0
0,0,16,1,1,1,1.7349999999999994,0,0
0,0,36,0,1,0,2.9740000000000038,0,0
0,0,30,0,1,0,3.0989999999999966,1,0
0,0,73,3,1,3,6.206000000000003,1,0
0,0,5,0,0,0,1.600999999999999,0,0
1,0,5,0,0,0,1.3359999999999985,0,0
1,0,5,0,0,0,0.0,0,0
1,0,41,2,1,1,6.271000000000001,0,0
1,0,20,2,2,0,1.1330000000000027,0,0
0,0,49,5,1,2,3.2379999999999995,1,0
1,0,48,3,1,2,2.6339999999999995,1,0
0,0,28,2,1,0,2.2720000000000002,0,0
0,0,22,1,1,1,2.099,0,0
0,0,16,1,1,1,3.6470000000000002,0,0
0,0,30,2,1,1,0.0,0,0
0,0,46,1,1,2,3.2639999999999993,0,0
0,0,23,4,1,0,2.0410000000000004,0,0
0,0,38,3,1,0,3.129999999999999,0,0
1,0,41,4,1,1,6.009,1,0
0,0,18,2,1,0,1.6290000000000013,0,0
0,0,31,4,1,1,2.4770000000000003,1,0
0,0,62,10,1,0,3.961999999999996,1,0
0,1,24,0,1,0,2.375,1,0
0,0,31,2,1,0,3.5720000000000027,0,0
0,0,58,3,1,2,6.866,1,0
0,0,36,2,1,2,3.706000000000003,0,0
0,0,29,2,1,1,3.070999999999998,1,0
0,0,41,2,1,2,4.067,0,0
1,0,21,1,1,0,1.9420000000000002,0,0
0,0,21,4,1,1,1.9369999999999998,1,0
0,0,26,4,1,0,2.4010000000000002,2,0
0,0,46,2,1,1,3.4030000000000005,1,0
0,0,10,0,1,0,1.770999999999999,0,1
0,0,20,3,1,1,3.8019999999999996,0,0
1,0,17,0,1,0,5.968999999999999,0,0
1,0,11,1,1,0,3.032,0,0
0,0,15,1,1,0,1.6700000000000017,1,0
1,0,7,0,1,1,2.5120000000000005,1,0
0,0,14,1,1,1,2.0909999999999975,1,0
1,0,19,1,1,0,12.885000000000002,0,0
0,0,20,0,1,1,3.9720000000000013,0,0
0,0,19,0,1,0,10.981000000000002,1,0
0,0,38,2,1,0,2.1950000000000003,0,0
0,0,29,1,1,2,2.3729999999999976,0,0
0,0,45,1,1,0,14.051,0,0
0,0,5,1,0,0,1.5340000000000007,0,0
0,0,34,5,1,1,3.4349999999999987,0,0
0,0,25,2,1,2,2.463000000000001,0,0
0,0,10,0,1,0,3.7689999999999984,0,0
0,0,25,2,1,0,5.613000000000003,0,0
0,0,13,0,1,0,1.661999999999999,0,0
0,0,34,1,1,0,4.412999999999997,0,0
0,0,16,2,1,1,2.8299999999999983,0,0
0,0,8,0,1,0,0.0,0,0
1,0,13,0,1,0,3.368000000000002,0,0
0,0,40,4,1,1,3.740000000000002,1,0
0,1,46,4,1,1,4.271000000000001,1,0
0,0,11,0,1,1,3.766999999999996,0,0
0,0,44,2,1,0,3.645000000000003,0,0
1,0,6,1,1,0,5.3330000000000055,0,0
0,0,5,1,0,0,0.0,0,0
1,0,31,2,1,0,9.683,0,0
1,0,47,2,1,0,3.537000000000001,0,0
1,0,20,1,1,1,1.8639999999999972,0,0
0,0,35,2,1,1,2.1990000000000016,0,0
0,0,11,2,1,0,1.6329999999999991,1,0
0,0,37,2,1,0,2.272000000000002,1,0
0,0,65,2,1,1,4.067,0,0
0,0,40,2,1,2,6.515000000000001,0,0
0,0,26,2,1,0,17.344,0,0
0,0,12,1,1,1,1.8689999999999998,0,0
0,0,69,5,1,1,4.5689999999999955,2,0
1,0,27,3,1,0,8.479,1,0
0,0,10,0,3,0,2.705,0,0
0,0,26,3,1,1,4.404,1,0
1,0,44,2,1,1,7.936,1,0
1,0,30,3,1,1,3.905999999999999,1,0
1,0,62,0,2,0,15.882000000000005,0,0
0,0,95,7,1,3,12.582999999999998,0,1
0,0,28,0,1,0,17.351999999999997,0,0
0,0,17,0,1,0,1.5939999999999994,0,0
1,0,4,0,0,0,3.0380000000000003,0,0
1,0,77,4,1,0,4.876999999999999,0,0
0,0,32,2,1,0,3.7070000000000007,0,0
1,0,17,1,1,1,3.266000000000002,0,0
0,0,25,0,1,1,3.9989999999999988,0,0
0,0,50,3,1,1,3.4099999999999966,1,0
0,0,52,7,1,3,3.4370000000000047,0,0
0,1,39,2,1,2,3.9039999999999964,0,0
0,0,37,1,1,2,4.0660000000000025,1,0
0,0,50,1,1,2,3.7419999999999973,0,0
0,0,41,3,1,0,5.203000000000003,0,0
1,0,6,0,0,1,1.368000000000002,0,0
1,0,6,0,0,0,2.029999999999994,0,0
0,0,31,2,1,1,1.669,1,0
0,1,46,2,1,0,2.5780000000000003,0,0
1,0,38,4,1,1,2.8659999999999997,1,0
0,0,27,2,1,0,1.5039999999999996,0,0
0,0,47,4,1,0,3.3680000000000003,0,0
0,0,14,0,1,0,2.8689999999999998,1,0
0,0,47,3,1,1,22.055000000000003,0,0
1,0,6,0,0,0,2.6019999999999968,0,0
0,0,3,0,0,0,3.538000000000004,0,0
0,0,20,1,1,0,0.0,0,0
0,0,34,0,1,1,2.9379999999999953,0,0
1,0,55,3,1,1,3.129000000000005,0,0
0,1,56,2,1,2,3.4439999999999955,1,0
0,0,49,2,1,1,3.0960000000000036,1,0
0,0,34,1,1,0,3.0459999999999994,0,0
0,0,53,3,1,2,3.7980000000000005,2,0
0,0,22,3,1,0,1.3010000000000002,1,0
0,0,51,4,1,1,3.2349999999999994,1,0
0,0,37,2,1,2,3.237,1,0
0,0,26,3,1,2,2.806000000000001,0,0
0,0,64,1,1,1,2.4369999999999976,0,0
0,0,42,2,1,2,2.6290000000000013,0,0
0,0,39,1,1,2,2.9430000000000014,0,0
0,0,72,4,1,1,3.904,1,0
0,0,64,2,1,1,3.664999999999999,0,0
0,0,39,3,1,0,4.0760000000000005,0,0
0,0,33,2,1,0,8.003999999999998,0,0
0,0,44,3,1,0,3.575000000000003,0,0
0,0,9,0,1,1,1.4339999999999975,0,0
0,0,45,1,1,1,19.584999999999994,0,0
0,0,31,2,1,0,10.071000000000002,0,0
0,0,45,0,1,1,3.1709999999999994,1,0
0,0,55,5,1,3,3.9770000000000003,1,0
0,0,31,1,1,1,2.504999999999999,0,0
0,0,39,0,1,2,4.032,1,0
0,0,18,2,1,1,3.735999999999997,1,0
0,0,35,0,1,0,2.632000000000005,2,0
0,0,51,4,1,3,5.208999999999996,1,0
0,0,59,4,1,5,3.1000000000000014,1,0
1,0,19,0,1,0,1.9420000000000002,0,0
0,0,46,2,1,1,4.136000000000003,0,0
0,0,22,1,1,0,2.4029999999999987,0,0
0,0,43,3,1,0,2.9720000000000013,0,0
1,0,43,5,1,0,6.635999999999996,0,0
0,0,71,2,1,3,3.598,0,0
0,0,24,0,1,1,2.079999999999999,0,0
0,0,29,2,1,0,3.197000000000001,0,0
0,0,5,1,0,0,0.0,0,0
0,0,52,4,1,0,2.3689999999999998,0,0
1,0,32,0,1,1,2.0069999999999997,0,0
0,0,10,0,3,0,0.0,0,0
0,0,5,0,0,0,1.3300000000000018,0,0
0,0,43,1,1,2,20.216,0,0
0,0,71,3,1,2,3.9109999999999943,0,0
0,0,29,1,1,1,2.038000000000004,0,0
1,0,112,2,1,3,11.076,1,1
0,0,30,1,1,1,8.807000000000002,0,0
1,0,53,4,1,2,5.698,0,0
1,0,18,2,1,0,3.6430000000000007,0,0
1,0,64,6,1,0,2.8359999999999985,0,0
0,0,14,1,1,1,1.6640000000000015,0,0
1,0,19,2,1,0,3.7769999999999975,0,0
0,0,5,0,1,0,0.0,0,0
1,0,41,3,1,0,4.472000000000001,1,0
0,0,8,0,1,0,2.469000000000001,0,1
0,0,32,1,1,0,6.408000000000001,1,0
0,0,51,3,1,2,3.559999999999995,0,0
0,0,36,4,1,0,7.145000000000003,0,0
1,0,19,1,1,1,1.3699999999999974,0,0
0,0,27,1,1,0,1.4370000000000047,0,0
1,0,13,2,1,0,1.5359999999999943,1,0
1,0,30,2,1,2,2.4000000000000057,0,0
0,0,16,2,1,0,2.4339999999999975,1,0
0,0,79,5,1,2,5.301000000000002,0,0
0,0,39,5,1,1,4.011,0,0
0,0,49,3,1,0,3.9059999999999997,0,0
0,0,17,0,1,1,2.7650000000000006,1,0
0,0,10,0,3,0,2.4299999999999997,0,0
1,0,24,1,1,0,5.1739999999999995,0,0
0,0,19,0,1,0,3.3689999999999998,0,0
1,0,38,1,1,2,4.079000000000001,2,0
0,0,8,0,1,0,1.9329999999999998,0,0
1,0,39,5,1,0,5.235000000000003,0,0
0,0,6,0,0,0,4.4439999999999955,0,0
1,0,6,0,0,0,0.0,0,0
0,0,24,1,1,1,2.561,1,0
0,0,19,2,1,1,2.274000000000001,1,0
0,1,60,5,1,1,4.936,0,0
1,0,29,4,1,0,3.372,0,0
0,0,58,4,1,2,7.737000000000002,1,0
1,0,6,0,0,0,2.705999999999996,0,0
0,0,3,0,0,0,1.866,0,0
0,0,45,1,1,0,6.741,3,0
1,0,24,2,1,0,12.611,0,0
0,0,22,1,1,0,2.1340000000000003,0,0
0,0,18,2,1,0,2.044999999999998,0,0
0,0,40,2,1,2,3.530000000000001,0,0
0,0,47,4,1,3,6.044999999999998,2,0
0,0,25,3,1,2,2.770000000000003,1,0
0,0,29,1,1,2,1.796999999999997,1,0
0,0,49,3,1,2,3.4740000000000038,2,0
0,0,66,4,1,1,4.600999999999999,0,0
1,0,25,2,1,0,2.0749999999999957,0,0
0,0,59,3,1,0,3.0630000000000024,0,0
1,0,23,1,1,0,2.405000000000001,0,0
1,0,38,3,1,0,5.368000000000002,0,0
1,0,44,2,1,1,5.279,1,0
1,0,40,2,1,1,2.8310000000000004,0,0
0,0,14,0,1,0,1.968,0,0
0,0,24,1,1,2,3.837999999999999,2,0
0,0,26,3,1,0,4.300000000000001,0,0
0,0,10,1,1,1,2.4780000000000015,0,0
1,0,62,4,1,2,5.495999999999999,1,0
0,0,43,4,1,0,2.7390000000000008,0,0
0,0,37,2,1,1,3.339000000000002,1,0
1,0,16,2,1,1,4.2039999999999935,0,0
0,0,35,0,1,0,5.240000000000002,0,0
0,0,58,6,1,1,6.341000000000001,0,0
0,0,41,3,1,2,4.295999999999999,1,0
0,0,9,1,1,0,2.679000000000002,0,0
0,0,36,1,1,0,4.966000000000001,0,0
0,0,37,3,1,0,2.7020000000000004,0,0
0,0,38,4,1,1,3.202,0,0
0,0,29,4,1,0,2.9079999999999995,0,0
1,0,13,2,2,0,2.3339999999999996,0,0
0,0,36,2,1,0,2.8360000000000003,0,0
1,0,43,1,1,4,4.767000000000001,2,0
1,0,19,0,1,1,3.9079999999999977,1,0
0,0,13,2,1,0,0.0,1,0
0,0,12,2,1,1,1.1070000000000029,1,0
0,0,3,0,0,0,0.0,0,0
0,0,3,0,0,0,3.2609999999999992,0,0
0,0,3,0,0,0,0.0,0,0
0,0,44,1,1,2,3.1359999999999992,0,0
1,0,29,3,1,1,4.209,1,0
0,0,34,2,1,0,2.799999999999997,0,0
1,0,56,3,1,2,9.410000000000004,1,0
0,0,6,1,0,1,2.3699999999999974,0,0
0,0,10,1,6,0,3.6400000000000006,0,0
0,0,37,3,1,0,0.0,1,0
1,0,26,0,1,0,2.2310000000000016,0,0
0,1,23,1,1,0,0.0,0,0
0,0,64,5,1,2,3.8049999999999997,0,0
0,0,35,1,1,1,2.472,1,0
0,0,32,1,1,2,2.299,0,0
0,0,15,1,1,1,19.352999999999998,0,0
1,0,33,2,1,1,3.375,0,0
0,0,38,2,1,0,4.0340000000000025,2,0
0,0,33,3,1,0,11.815999999999995,1,0
0,0,13,1,2,0,2.761000000000003,0,0
0,0,9,1,0,0,0.0,0,0
0,0,28,2,1,0,3.4040000000000035,0,0
1,0,50,3,1,0,4.774999999999999,0,0
0,0,10,0,3,0,1.4699999999999989,0,0
0,0,20,0,1,1,3.5690000000000026,1,0
1,0,19,1,1,2,6.509999999999998,1,0
0,0,31,3,1,0,3.761,0,0
0,0,27,2,1,0,0.0,0,0
0,0,25,1,1,3,2.4770000000000003,1,0
1,0,24,0,1,1,1.593,1,0
0,0,24,1,1,1,2.7059999999999995,0,0
1,0,11,1,1,0,0.0,0,0
0,0,37,1,1,1,2.1670000000000016,1,0
0,0,25,1,1,0,2.8739999999999988,1,0
0,0,47,2,1,0,3.2330000000000005,0,0
0,0,12,0,1,1,2.5090000000000003,0,0
0,0,12,0,1,1,0.0,0,0
1,1,57,4,1,2,6.869999999999997,1,0
0,0,43,2,1,1,2.9680000000000035,1,0
1,0,21,2,1,0,1.6659999999999968,0,0
0,0,15,1,1,0,1.8389999999999986,0,0
0,0,10,0,2,0,3.236000000000004,0,0
0,0,14,0,1,0,0.0,0,0
0,0,35,1,1,0,2.631999999999998,0,0
0,0,35,6,1,0,11.911999999999999,0,0
0,0,17,0,1,0,3.243000000000002,1,0
0,0,23,0,1,1,3.3369999999999997,0,0
0,0,12,0,1,0,6.032000000000001,0,0
0,0,11,0,1,0,0.0,0,0
1,0,37,1,1,0,7.1129999999999995,1,0
0,1,67,3,1,0,4.234999999999999,0,0
0,0,40,0,1,5,4.5760000000000005,0,0
0,0,25,2,1,2,1.8320000000000007,0,0
1,0,39,1,1,0,2.904,0,0
1,0,27,2,1,1,2.129999999999999,1,0
0,0,42,1,1,0,2.9440000000000026,1,0
1,0,32,1,1,0,3.738999999999997,1,0
0,0,18,3,1,0,3.8699999999999974,0,0
0,0,25,1,1,0,8.233000000000004,0,0
0,0,28,0,1,0,2.603999999999999,0,0
1,0,9,1,0,0,5.011000000000003,0,0
1,0,61,2,1,2,3.539,2,0
0,0,32,0,1,1,3.502,1,0
0,0,21,1,5,0,2.2989999999999995,1,0
0,0,9,0,1,1,2.104000000000001,0,0
1,0,20,1,1,0,7.007,0,0
0,0,54,1,1,0,5.097999999999999,0,0
1,0,21,0,1,0,4.975000000000001,2,0
0,0,52,2,1,3,4.102,0,0
0,0,76,3,1,1,5.277999999999999,1,0
0,0,47,4,1,1,2.2650000000000006,0,0
1,0,18,1,1,0,1.8019999999999996,0,0
0,0,5,1,0,0,1.7389999999999972,0,0
0,0,45,0,1,2,2.8290000000000006,0,0
0,0,48,2,1,1,2.9080000000000013,0,0
0,0,13,2,1,0,10.548000000000002,0,0
1,0,26,1,1,0,3.3289999999999997,0,0
0,0,67,3,1,1,5.943000000000001,1,0
0,0,8,0,7,0,6.909000000000001,0,0
1,0,13,1,1,0,4.933,0,0
0,0,29,3,1,0,0.0,0,0
0,0,34,1,1,1,2.701999999999998,1,0
1,0,11,1,1,0,14.479000000000003,0,0
1,0,8,2,0,0,1.543999999999997,0,0
1,0,13,2,2,0,3.1270000000000024,0,0
1,0,38,4,1,1,6.4439999999999955,1,0
1,0,27,2,1,0,3.473000000000006,0,0
1,0,7,1,0,0,1.3659999999999997,0,0
1,0,28,3,1,1,2.232999999999997,0,0
0,0,34,3,1,1,3.743000000000002,0,0
0,0,31,0,1,0,2.867,1,0
1,0,15,2,1,0,4.738,0,0
0,0,13,0,1,1,0.0,0,0
0,0,29,1,1,0,1.8309999999999995,0,0
0,0,51,1,1,2,3.4090000000000007,0,0
0,0,24,0,1,1,3.2989999999999995,0,0
1,0,25,3,1,0,11.285,0,0
0,0,36,2,1,4,33.292,0,0
1,0,22,0,1,1,3.5709999999999997,1,0
1,0,13,1,1,1,2.1689999999999996,1,0
0,0,29,0,1,0,6.9110000000000005,0,0
1,0,27,1,1,1,8.274,1,0
0,0,24,2,1,0,9.747000000000003,0,0
1,0,21,2,1,0,3.7989999999999995,1,0
0,0,27,0,1,2,5.303999999999995,0,0
0,0,32,1,1,1,8.578000000000003,0,0
0,1,63,2,1,0,4.2010000000000005,1,0
0,0,47,3,1,1,4.5120000000000005,1,0
1,1,46,2,1,0,3.399000000000001,0,0
0,0,29,0,1,0,4.007,2,0
0,0,52,1,1,0,2.9350000000000005,0,0
0,0,29,2,1,1,2.003,0,0
0,0,61,4,1,0,3.6630000000000003,0,0
1,0,101,4,1,1,9.548999999999998,1,1
0,0,70,6,1,2,7.5660000000000025,1,0
1,0,40,1,1,1,4.543999999999997,0,0
0,0,43,3,1,0,12.515,0,0
0,0,5,0,0,0,1.365000000000002,0,0
0,0,5,0,0,0,0.0,0,0
0,0,56,3,1,0,3.2689999999999984,0,0
0,0,9,0,1,0,6.011000000000003,0,0
0,0,31,2,1,1,2.969999999999999,0,0
0,0,30,1,1,0,2.3989999999999996,0,0
0,0,53,3,1,1,3.5630000000000006,0,0
0,0,73,2,1,2,5.414999999999999,2,0
0,0,37,3,1,2,2.9350000000000023,1,0
0,0,14,1,1,0,2.436,1,0
0,0,8,0,0,1,0.0,0,0
0,0,73,5,1,2,4.562999999999999,2,0
0,0,18,1,1,0,3.841000000000001,1,0
0,0,22,0,1,0,2.575999999999997,1,0
0,0,10,1,6,0,0.0,0,0
0,0,17,2,1,0,7.440000000000001,1,0
0,0,22,1,1,1,0.0,2,0
1,0,49,4,1,0,4.4339999999999975,1,0
1,0,14,2,1,1,6.902000000000001,1,0
1,0,9,1,0,0,12.786999999999999,0,0
1,0,16,0,1,0,5.734,0,0
0,0,7,1,1,0,0.0,0,0
0,0,25,2,1,0,3.468000000000001,0,0
0,0,16,0,1,0,3.779,0,0
0,0,36,2,1,1,2.6959999999999997,0,0
1,0,16,2,1,0,16.388,0,0
0,0,46,2,1,0,8.503999999999998,0,0
0,0,22,1,1,0,3.543999999999997,0,0
0,0,25,3,1,3,4.395000000000003,0,0
0,0,27,2,1,3,3.6709999999999994,0,0
0,0,35,4,1,0,5.542999999999999,0,0
0,0,50,5,1,3,4.270000000000003,0,0
0,0,43,4,1,5,2.404,0,0
0,0,79,5,1,5,3.9730000000000008,0,0
0,0,59,6,1,2,3.003,0,0
0,0,56,4,1,1,3.503,0,0
0,0,56,3,1,4,3.436,2,0
0,0,37,1,1,4,2.503,2,0
0,1,54,4,1,1,2.3329999999999984,2,0
0,0,73,3,1,4,3.1660000000000004,0,0
0,0,49,1,1,1,3.6700000000000017,1,0
0,0,51,2,1,0,2.237000000000002,1,0
0,0,22,3,1,0,1.939,0,0
0,0,36,2,1,3,2.3349999999999937,1,0
0,0,49,2,1,3,4.240000000000002,1,0
0,0,51,3,1,3,3.2659999999999982,1,0
0,0,23,1,2,0,3.5560000000000045,0,0
0,0,23,1,2,0,1.4469999999999956,0,0
0,0,65,2,1,2,6.638000000000005,0,0
0,0,41,2,1,3,3.239999999999995,0,0
0,0,12,2,1,0,1.5059999999999998,0,0
0,0,21,2,1,0,2.23,0,0
0,0,13,2,1,0,3.239,0,0
0,0,40,2,1,2,5.5680000000000005,0,0
0,0,29,1,1,2,2.709999999999999,0,0
1,0,9,1,0,0,5.831000000000001,0,0
0,0,28,0,1,1,3.1129999999999995,0,0
0,0,61,4,1,3,3.969000000000001,1,0
0,1,63,3,1,0,4.301000000000002,2,0
1,0,16,0,1,1,2.9009999999999962,0,0
1,0,19,1,1,0,2.671999999999997,0,0
0,0,14,2,1,1,2.9980000000000047,2,0
0,0,19,1,1,0,3.6090000000000018,0,0
0,0,71,8,1,4,9.076,1,0
0,0,43,5,1,0,2.8689999999999998,0,0
0,0,41,1,1,0,-3540,0,0
0,0,40,3,1,4,4.443,1,0
0,0,33,2,1,2,4.4719999999999995,0,0
0,0,44,2,1,1,4.933,1,0
0,0,41,2,1,2,3.4779999999999998,0,0
0,0,25,1,1,1,3.6670000000000016,0,0
0,0,27,2,1,1,2.7669999999999995,0,0
0,0,50,0,1,2,7.0809999999999995,1,0
1,0,27,3,1,0,2.863999999999997,0,0
0,0,30,2,1,2,3.3060000000000045,0,0
1,0,62,4,1,3,7.875999999999998,0,0
0,0,9,0,0,0,4.530000000000001,0,0
1,0,9,0,0,0,1.4420000000000002,0,0
0,0,54,3,1,3,6.408999999999999,2,0
0,0,71,3,1,3,4.128999999999998,2,0
0,0,42,0,1,0,3.31,0,0
0,0,14,1,1,1,1.6269999999999998,1,0
1,0,37,2,1,1,1.7029999999999994,3,0
0,0,34,1,1,1,2.3740000000000006,0,0
0,0,37,3,1,0,2.801,0,0
0,0,53,6,1,1,3.4060000000000006,0,0
0,0,47,3,1,0,2.902000000000001,0,0
1,0,24,3,1,0,3.3309999999999995,0,0
0,0,50,4,1,2,4.770999999999997,1,0
0,0,25,0,1,1,1.4760000000000026,0,0
1,0,26,2,1,0,2.5029999999999966,1,0
0,0,26,3,1,1,0.0,1,0
0,0,37,3,1,2,2.161999999999999,0,0
0,0,70,3,1,3,4.0120000000000005,1,0
0,0,24,3,1,1,1.7290000000000063,0,0
0,0,8,1,0,1,2.9749999999999943,0,0
0,0,26,2,1,0,0.0,2,0
0,0,13,1,1,1,2.1270000000000024,1,0
0,0,8,0,1,1,0.0,1,0
0,0,36,0,1,3,7.540999999999997,0,0
0,0,58,3,1,1,3.706000000000003,0,0
0,0,33,1,1,0,6.573999999999998,0,0
0,0,30,0,1,1,9.483,0,0
0,0,59,4,1,1,5.764000000000001,1,0
0,0,10,0,2,0,2.968,0,0
0,0,17,0,1,0,3.607999999999997,0,0
1,0,47,4,1,0,16.377000000000002,0,0
0,0,18,1,1,0,2.7439999999999998,1,0
1,0,12,0,1,1,39.39999999999999,0,0
0,0,23,1,1,2,2.5790000000000006,1,0
0,0,36,0,1,2,2.2979999999999983,0,0
0,0,16,1,1,0,1.7660000000000018,1,0
0,0,42,2,1,1,19.088,1,0
1,0,6,0,0,1,2.1999999999999957,0,0
0,0,5,1,0,1,1.4320000000000022,0,0
0,0,57,5,1,1,3.9399999999999977,2,0
0,0,52,1,1,2,3.3390000000000057,2,0
0,0,18,0,1,1,2.1980000000000004,1,0
0,0,21,3,1,1,11.318000000000001,1,0
0,0,9,1,1,0,0.0,0,0
0,1,54,2,1,2,2.8329999999999984,2,0
1,0,48,4,1,1,2.2330000000000005,0,0
0,0,53,4,1,1,3.5090000000000003,1,0
1,0,41,2,1,0,13.111999999999998,0,0
0,0,50,3,1,0,3.301000000000002,0,0
0,0,31,0,1,2,3.4080000000000013,0,0
0,0,22,1,1,1,2.4299999999999997,2,0
0,0,50,3,1,2,3.3729999999999976,1,0
0,0,44,3,1,2,3.7659999999999982,0,0
0,0,46,5,1,2,3.5400000000000063,0,0
1,0,7,0,1,0,3.0389999999999944,0,0
1,0,12,1,1,0,0.0,0,0
1,0,17,0,1,1,1.764000000000003,0,0
0,0,37,2,1,0,4.302999999999997,0,0
0,0,50,2,1,2,2.736999999999999,0,0
0,0,29,1,1,0,2.5760000000000005,0,0
0,0,75,3,1,4,10.803,1,0
0,0,9,0,1,0,3.442,0,0
0,0,32,0,1,1,0.0,0,0
0,1,32,0,1,0,3.5619999999999976,0,0
1,0,30,3,1,2,3.1750000000000007,0,0
0,0,37,2,1,1,2.3019999999999996,1,0
0,0,27,2,1,1,2.541000000000004,1,0
1,0,33,1,1,0,1.7629999999999981,0,0
0,0,23,3,1,1,2.5989999999999966,0,0
0,0,32,2,1,0,3.811,0,0
0,0,80,7,1,1,7.334000000000003,1,0
0,0,47,2,1,2,4.512999999999998,0,0
0,0,24,1,1,1,2.503,1,0
0,0,60,3,1,2,5.0390000000000015,1,0
0,0,54,3,1,2,8.738999999999999,1,0
0,0,65,5,1,1,9.245,0,0
0,0,37,1,1,3,5.772000000000002,1,0
0,0,26,2,1,2,3.5299999999999976,0,0
0,0,25,1,1,2,2.8750000000000036,0,0
0,0,50,1,1,2,7.140999999999998,1,0
0,0,64,3,1,3,3.334000000000003,0,0
0,0,35,2,1,1,2.3359999999999985,0,0
0,0,52,3,1,3,6.042999999999999,0,0
0,0,34,2,1,2,2.695999999999998,0,0
0,0,50,2,1,0,5.408999999999999,0,0
1,0,11,1,1,2,1.6290000000000049,0,0
0,0,48,3,1,2,3.9109999999999996,1,0
0,0,54,1,1,1,2.1290000000000004,0,0
0,0,56,4,1,0,3.6370000000000005,0,0
0,0,11,0,3,0,7.214999999999998,0,0
0,0,9,1,0,1,3.6350000000000016,0,0
0,0,46,2,1,3,5.699999999999999,1,0
1,0,4,0,0,0,1.304000000000002,0,0
0,0,27,4,1,1,6.369,0,0
1,0,25,0,1,0,2.3359999999999985,1,0
1,0,33,3,1,0,2.875,0,0
0,0,7,0,0,0,34.8,0,0
0,0,16,0,1,0,6.274999999999999,0,0
0,0,39,2,1,1,0.0,2,0
0,0,72,4,1,4,5.334,1,0
0,0,42,3,1,1,3.1350000000000016,1,0
0,1,28,4,1,0,5.0710000000000015,0,0
0,0,26,2,1,2,4.674999999999997,0,0
0,0,3,0,0,0,5.073999999999998,0,0
0,0,9,1,1,1,6.608000000000004,0,0
0,0,29,3,1,1,4.107999999999997,1,0
0,0,48,3,1,0,3.1940000000000026,1,0
0,0,71,4,1,1,6.0120000000000005,1,0
1,0,43,3,1,1,17.718000000000004,1,0
0,0,15,1,1,1,2.8309999999999995,0,0
1,0,45,4,1,1,3.9399999999999977,1,0
0,0,10,2,2,0,1.7330000000000005,1,0
0,0,14,1,1,1,7.507999999999999,1,1
0,0,71,3,1,3,7.277000000000001,0,0
1,0,7,1,0,1,2.4040000000000035,0,0
0,0,44,4,1,1,3.661999999999999,1,0
0,0,47,2,1,3,3.2049999999999983,1,0
0,0,39,2,1,1,3.2040000000000006,0,0
0,0,37,3,1,2,4.810000000000002,1,0
0,0,26,2,1,2,2.8670000000000004,0,0
1,0,21,2,1,1,2.6400000000000006,0,0
0,0,38,1,1,1,3.1629999999999985,1,0
0,0,10,0,1,0,3.043000000000001,0,0
0,0,22,0,1,0,2.995000000000001,0,0
1,0,42,3,1,1,5.478999999999999,1,0
1,0,26,0,1,0,2.6020000000000003,0,0
0,0,16,0,1,0,4.600999999999999,0,0
0,0,70,6,1,1,5.674000000000003,1,0
0,0,25,3,1,1,6.167999999999999,0,0
0,0,34,1,1,2,12.913999999999994,0,0
0,0,34,2,1,1,9.274000000000008,0,0
0,0,56,4,1,0,9.148,0,0
0,0,39,0,1,0,2.972999999999999,0,0
0,0,33,1,1,0,12.538,0,0
0,0,36,2,1,0,2.6350000000000016,1,0
0,0,13,1,1,0,1.7029999999999959,0,0
0,0,26,2,1,0,3.1380000000000052,0,0
0,0,25,2,1,1,3.040999999999997,0,0
1,0,14,2,1,0,1.7989999999999995,0,0
1,0,25,1,1,1,5.503999999999998,1,0
0,0,58,3,1,1,5.136000000000003,0,0
0,0,13,0,1,0,3.006999999999998,0,0
0,0,43,4,1,1,4.8060000000000045,0,0
0,0,12,1,1,1,1.939,0,0
0,0,33,4,1,1,8.708,1,0
0,0,42,2,1,1,3.568999999999999,0,0
0,0,40,3,1,1,3.571999999999999,0,0
0,0,36,1,1,0,3.2970000000000006,0,0
0,0,20,1,1,1,3.4400000000000013,0,0
1,0,13,0,1,0,4.768000000000001,0,0
0,0,13,0,1,1,0.0,0,0
1,0,23,0,1,1,2.041999999999998,1,0
0,0,68,3,1,4,3.299000000000003,1,0
0,0,50,3,1,0,36.471000000000004,0,0
1,0,25,1,1,1,4.202,0,0
0,0,46,3,1,1,5.875,1,0
0,0,36,3,1,0,6.143000000000001,0,0
0,0,37,2,1,0,15.212,0,0
0,0,36,3,1,0,2.902000000000001,0,0
0,0,46,2,1,0,5.305999999999997,0,0
0,0,10,0,3,0,2.838000000000001,0,0
0,0,10,1,0,0,8.875,0,0
0,0,11,0,3,0,2.77,0,0
0,0,23,0,1,1,4.332000000000001,0,0
0,0,37,1,1,4,42.875,3,0
0,0,42,3,1,3,3.203000000000003,0,0
0,0,55,3,1,4,4.238999999999997,2,0
0,0,16,0,1,2,2.5,0,0
0,0,36,4,1,2,3.9720000000000004,1,0
0,0,27,2,1,0,2.802999999999999,1,0
0,0,39,4,1,4,2.703000000000001,0,0
0,0,53,4,1,2,3.9000000000000004,0,0
0,0,74,3,1,5,4.608999999999998,0,0
0,0,37,4,1,3,3.7070000000000007,2,0
0,0,61,3,1,0,5.873999999999999,1,0
0,0,59,3,1,1,4.300999999999998,2,0
0,0,47,3,1,1,6.2690000000000055,2,0
0,0,23,0,1,2,2.1019999999999968,0,0
0,0,40,1,1,0,2.841000000000001,0,0
0,0,61,6,1,1,5.540999999999997,1,0
1,0,40,2,1,3,7.406000000000006,2,0
0,0,59,5,1,4,4.165999999999997,0,0
0,0,40,4,1,3,2.476,0,0
0,0,47,4,1,2,2.731,1,0
0,0,54,3,1,1,4.511,1,0
1,0,14,1,1,0,2.0700000000000003,0,0
0,0,71,6,1,3,4.434000000000001,0,0
1,0,57,4,1,2,5.170999999999999,2,0
0,0,27,2,1,1,8.640999999999998,0,0
0,0,49,2,1,0,4.103999999999999,1,0
0,0,23,2,1,0,2.365000000000002,0,0
0,0,44,3,1,1,6.305999999999997,0,0
0,0,65,3,1,5,3.7390000000000043,2,0
0,0,44,3,1,1,3.577999999999996,1,0
0,0,71,5,1,2,5.963000000000001,0,0
0,0,41,2,1,0,2.3049999999999997,1,0
0,0,39,0,1,1,3.0090000000000003,0,0
0,0,25,1,1,1,1.194,0,0
0,0,69,5,1,3,4.273000000000001,1,0
0,0,56,4,1,2,3.2009999999999987,0,0
0,0,57,2,1,3,4.636999999999999,0,0
0,0,47,1,1,2,3.705000000000002,1,0
1,0,30,1,1,1,4.068000000000001,0,0
1,0,31,0,1,1,0.0,2,0
0,0,28,1,1,0,19.597,0,0
0,0,21,0,1,1,2.9649999999999963,0,0
0,0,27,1,1,0,3.8999999999999986,1,0
1,0,40,1,1,1,6.640000000000001,0,0
0,0,63,4,1,3,4.6370000000000005,0,0
0,0,51,4,1,0,5.177,0,0
1,0,18,1,1,1,6.606999999999999,0,0
0,0,36,3,1,0,28.793,0,0
1,0,9,0,2,0,4.176000000000002,0,0
0,0,25,4,1,1,4.728999999999999,1,0
0,0,66,4,1,5,12.049000000000007,1,0
0,0,44,2,1,2,4.672999999999999,0,0
1,0,16,0,1,2,3.6660000000000004,0,0
1,0,9,0,2,0,0.0,0,0
0,0,30,0,1,0,7.048000000000002,0,0
1,0,7,1,0,1,15.347999999999995,0,0
1,0,4,0,0,1,11.037000000000006,0,0
0,0,42,2,1,2,7.6129999999999995,0,0
1,0,16,2,1,2,4.037999999999997,0,0
0,0,17,1,1,0,10.869999999999997,1,0
1,0,5,1,0,0,3.405999999999999,0,0
1,0,21,2,1,0,14.786000000000001,0,0
1,0,8,2,0,0,82.847,0,0
1,0,38,1,1,2,18.284000000000006,0,0
0,0,24,1,1,1,3.107,0,0
0,0,29,3,1,0,6.399999999999999,1,0
0,0,58,3,1,1,4.376000000000001,0,0
0,0,135,11,1,2,19.619,2,1
1,0,8,2,0,0,8.241,0,0
0,0,59,3,1,2,24.159999999999997,0,0
0,0,56,1,1,2,5.536999999999999,1,0
0,0,57,3,1,1,4.170000000000002,2,0
0,0,46,2,1,1,4.204000000000001,0,0
0,0,45,1,1,3,3.901,2,0
0,0,57,6,1,2,4.774000000000001,1,0
0,0,71,4,1,1,6.936,1,0
0,0,54,4,1,3,2.671999999999997,0,0
0,0,46,2,1,3,3.044000000000004,0,0
0,0,21,0,1,1,2.8659999999999997,0,0
0,0,43,3,1,2,5.1669999999999945,1,0
0,0,56,4,1,0,20.190000000000012,0,0
0,0,23,0,1,1,3.132999999999999,0,0
0,0,51,3,1,2,12.266000000000002,2,0
0,0,19,1,1,0,1.205999999999996,0,0
1,0,21,2,1,0,3.4950000000000045,0,0
1,0,11,0,1,0,1.472999999999999,0,0
1,0,10,1,1,0,4.533000000000001,0,0
0,0,37,2,1,1,0.0,2,0
1,0,8,0,0,0,1.597999999999999,0,0
1,0,4,0,0,0,0.0,0,0
1,0,54,2,1,0,11.788999999999994,3,0
0,0,19,1,1,0,2.8360000000000056,0,0
1,0,17,3,1,0,0.0,1,0
0,0,35,1,1,1,3.3669999999999973,2,0
0,0,32,1,1,0,0.0,0,0
0,0,51,2,1,1,1.7659999999999996,1,0
0,0,37,1,1,1,1.2670000000000003,0,0
0,0,63,3,1,2,2.2689999999999992,3,0
0,0,50,3,1,1,4.010000000000002,0,0
0,0,28,1,1,2,2.3659999999999997,0,0
0,0,63,6,1,2,3.733999999999998,0,0
0,0,50,3,1,0,3.737000000000002,1,0
0,0,35,2,1,1,1.972999999999999,2,0
0,0,53,2,1,1,2.6290000000000013,1,0
0,0,43,2,1,3,3.8419999999999987,2,0
1,0,25,1,1,1,2.5969999999999978,0,0
1,0,39,1,1,1,1.7379999999999995,0,0
0,0,23,1,1,1,2.0090000000000003,0,0
1,0,41,3,1,1,5.499000000000002,1,0
0,0,23,1,1,0,6.341999999999999,0,0
0,0,23,1,1,0,0.0,1,0
1,0,14,0,1,1,4.271000000000001,1,0
0,0,18,0,1,1,0.0,1,0
0,0,46,6,1,0,4.236000000000004,1,0
1,0,14,0,1,1,3.5989999999999966,0,0
0,0,9,1,1,0,0.0,1,0
0,0,52,2,1,0,6.349,0,0
0,0,19,2,1,1,3.5600000000000005,1,0
0,0,33,3,1,0,0.0,1,0
0,0,50,1,1,0,4.3759999999999994,2,0
0,0,24,2,1,0,1.5749999999999993,0,0
1,0,58,1,1,1,4.003,1,0
1,0,37,2,1,0,2.8320000000000007,0,0
1,0,69,6,1,0,3.233999999999998,1,0
0,0,41,1,1,0,1.9740000000000002,1,0
0,0,9,1,0,0,4.765000000000001,0,0
0,0,49,3,1,3,3.2379999999999995,1,0
0,0,63,4,1,1,4.134999999999998,1,0
0,0,47,1,1,1,3.0120000000000005,0,0
0,0,44,2,1,0,6.733000000000004,0,0
0,0,55,3,1,2,4.442,2,0
1,0,62,0,2,0,6.607999999999997,0,0
0,0,66,1,1,3,5.038,1,0
0,0,41,3,1,1,9.312,0,0
0,0,60,3,1,1,6.696999999999999,1,0
0,0,10,1,6,0,1.7420000000000009,0,0
0,0,4,0,0,0,23.15,0,0
1,0,27,0,1,0,8.448999999999998,1,0
1,0,6,1,0,0,0.0,0,0
0,0,18,1,1,0,7.368000000000002,1,0
1,0,9,1,0,0,0.0,0,0
1,0,11,0,1,0,5.714,1,0
1,0,29,1,1,0,5.203999999999999,0,0
1,0,40,2,1,0,4.971000000000002,0,0
1,0,54,2,1,0,2.831999999999997,0,0
0,0,33,3,1,1,1.5060000000000002,1,0
0,0,67,4,1,1,4.095000000000002,2,0
0,0,33,1,1,0,3.8419999999999987,1,0
0,0,13,1,1,0,0.0,1,0
0,0,36,1,1,0,3.9739999999999966,1,0
0,0,20,0,1,0,3.568000000000005,0,0
0,0,66,8,1,1,7.204000000000001,1,0
0,0,50,3,1,1,3.5049999999999955,0,0
0,0,10,1,0,1,1.4380000000000024,0,0
0,0,22,1,1,1,4.003,0,0
1,0,28,2,1,0,3.5349999999999966,0,0
0,0,15,0,1,1,0.0,1,0
0,0,11,1,1,0,3.1670000000000016,0,0
0,0,24,2,1,0,0.0,0,0
0,0,51,2,1,1,4.705,0,0
1,0,29,2,1,0,2.077,2,0
0,0,7,0,0,1,1.5,0,0
1,0,43,3,1,3,2.0020000000000007,1,0
0,0,20,0,1,0,1.0909999999999993,0,0
0,0,41,2,1,1,2.979000000000001,1,0
0,1,34,2,1,0,3.436,0,0
0,1,52,2,1,1,6.471999999999998,1,0
1,0,64,5,1,1,3.700000000000003,0,0
0,0,40,2,1,3,2.235999999999997,1,0
0,0,21,1,1,0,1.8710000000000022,0,0
1,0,36,3,1,0,2.0970000000000013,0,0
0,0,71,3,1,2,3.705999999999996,1,0
1,0,62,7,1,0,4.273000000000003,0,0
0,0,14,1,1,1,2.870999999999995,0,0
0,0,12,0,1,0,0.0,0,0
0,0,62,5,1,0,5.270000000000003,0,0
1,0,49,1,1,0,5.636000000000003,0,0
0,0,18,1,1,2,2.1709999999999994,0,0
1,0,26,0,1,0,3.401,1,0
0,0,40,3,2,0,13.616999999999999,0,0
0,0,28,2,1,0,2.1999999999999993,0,0
1,0,30,1,1,1,4.0390000000000015,0,0
1,0,51,4,1,2,10.415999999999997,0,0
0,0,72,6,1,1,5.196000000000005,1,0
0,0,52,5,1,1,6.274000000000001,2,0
0,0,63,0,1,1,2.907999999999994,0,0
1,0,72,9,1,2,3.5970000000000013,1,0
0,0,49,4,1,3,3.3419999999999987,2,0
0,0,71,5,1,1,3.7350000000000065,0,0
0,0,41,0,1,2,1.439,2,0
0,0,62,4,1,4,4.006,2,0
0,0,34,0,1,3,2.593,1,0
0,0,48,1,1,2,2.17,1,0
0,0,53,4,1,2,2.0779999999999994,1,0
0,0,87,6,1,3,3.298,1,0
0,0,47,1,1,1,2.8019999999999996,1,0
0,0,44,4,1,2,2.5980000000000025,1,0
0,0,61,5,1,0,2.1709999999999994,0,0
0,0,50,3,1,1,2.34,0,0
0,0,46,3,1,2,3.2680000000000007,0,0
0,0,47,3,1,0,2.233999999999998,1,0
0,0,57,0,1,1,4.611999999999998,2,0
0,0,15,0,1,0,1.625,0,0
0,0,35,1,1,0,5.872,0,0
0,0,34,2,1,1,5.382000000000005,2,0
0,0,42,2,1,2,4.067999999999998,0,0
0,0,31,2,1,0,4.637999999999998,0,0
0,0,27,2,1,0,19.781999999999996,0,0
0,0,8,0,1,0,3.3040000000000003,0,0
0,0,18,1,1,1,0.0,0,0
0,0,47,2,1,3,7.975999999999999,0,0
0,0,39,4,1,1,3.6340000000000003,0,0
1,0,28,3,1,2,3.677000000000003,0,0
0,0,7,0,0,0,2.195999999999998,0,0
0,0,22,1,1,2,0.0,0,0
0,0,31,2,1,0,3.6359999999999957,0,0
0,0,44,3,1,1,49.150999999999996,1,0
0,0,20,2,1,1,8.976999999999997,0,0
0,0,44,4,1,1,7.312000000000005,1,0
0,0,48,3,1,0,5.231999999999999,0,0
1,0,20,1,1,1,10.308,0,0
1,0,11,1,1,1,0.0,0,0
0,0,34,1,1,1,3.5459999999999994,0,0
0,0,25,3,1,1,1.6960000000000006,0,0
0,0,56,1,1,0,3.8390000000000004,0,0
0,0,27,1,1,0,2.164999999999999,0,0
0,0,33,1,1,0,3.3770000000000007,0,0
0,0,30,2,1,2,6.168999999999999,0,0
0,0,20,1,1,0,0.0,1,0
0,0,79,3,1,0,5.443000000000001,0,0
0,0,39,1,1,0,3.997,2,0
0,0,45,1,1,0,2.801000000000002,0,0
0,0,32,0,1,0,2.442999999999998,0,0
0,0,23,0,1,0,3.496000000000002,0,0
0,0,19,0,1,0,0.0,1,0
0,0,32,2,1,0,2.705999999999996,2,0
0,0,28,1,1,0,15.682000000000002,0,0
0,0,46,1,1,2,4.972999999999999,0,0
0,0,29,0,1,1,2.8320000000000003,0,0
0,0,42,2,1,1,4.507999999999999,0,0
0,0,63,3,1,2,2.269,1,0
0,0,17,2,1,0,4.703999999999999,1,0
0,0,41,2,1,1,0.0,0,0
1,0,29,2,1,0,4.170000000000002,0,0
0,0,36,0,1,1,3.003,0,0
0,0,17,0,1,0,1.2689999999999984,0,0
0,0,56,4,1,1,3.703000000000003,0,0
0,0,60,3,1,4,3.8749999999999964,1,0
0,0,39,3,1,2,2.733000000000004,0,0
0,0,72,5,1,1,5.875999999999998,2,0
0,0,8,0,2,0,4.268000000000001,0,0
0,0,9,1,0,0,2.7049999999999983,0,0
1,0,19,0,2,0,4.203000000000003,0,0
0,0,28,0,1,0,0.0,2,0
1,0,21,2,1,0,4.268000000000001,0,0
0,0,30,1,1,3,0.0,1,0
0,0,24,0,1,0,2.905000000000001,1,0
0,0,54,2,1,1,5.803,0,0
0,0,18,2,1,1,1.338,0,0
1,0,47,0,1,3,2.199,0,0
0,0,20,1,1,0,1.838000000000001,0,0
0,0,26,0,1,1,3.7009999999999987,1,0
0,1,66,6,1,4,4.546000000000001,1,0
0,0,42,0,1,2,2.0919999999999987,0,0
0,0,35,2,1,1,2.6020000000000003,0,0
0,0,11,2,1,0,5.948,0,0
0,1,45,2,1,1,4.072999999999997,0,0
0,0,9,0,1,0,4.068000000000005,1,1
0,0,46,1,1,0,5.604999999999997,0,0
0,0,35,2,1,0,2.9370000000000047,1,0
0,0,5,0,0,0,0.0,0,0
0,0,42,2,1,0,4.464999999999996,0,0
0,1,46,0,1,1,5.503999999999998,3,0
0,0,23,1,1,0,2.102000000000004,0,0
0,0,29,3,1,0,2.6019999999999968,0,0
1,1,45,3,1,0,6.215999999999999,1,0
0,0,59,3,1,1,8.236,1,0
0,0,65,9,1,2,5.271000000000001,1,0
0,0,45,2,1,4,2.5090000000000003,2,0
0,1,55,3,1,1,5.129999999999999,0,0
0,0,48,1,1,2,4.979999999999997,2,0
0,0,32,3,1,3,3.3300000000000054,1,0
0,0,30,1,1,1,6.544999999999995,1,0
0,0,37,1,1,0,6.068000000000005,0,0
1,0,38,2,1,0,5.003999999999998,2,0
1,0,24,1,1,0,5.536999999999999,0,0
0,0,37,0,1,0,10.18,0,0
0,0,44,2,1,1,5.543999999999999,0,0
0,0,37,0,1,0,5.602,0,0
0,0,29,1,1,1,3.7029999999999994,0,0
0,0,51,2,1,0,6.842000000000002,0,0
0,0,34,3,1,1,8.878999999999998,0,0
1,0,10,0,1,0,5.469999999999999,0,0
0,0,42,3,1,1,4.307000000000002,0,0
0,0,57,4,1,1,3.536999999999999,2,0
0,0,46,5,1,1,3.0930000000000035,0,0
0,0,38,4,1,0,4.308,0,0
0,0,40,1,1,0,4.539,0,0
0,0,39,3,1,2,3.202,0,0
0,0,41,2,1,1,3.5090000000000003,0,0
0,0,18,0,1,1,4.932999999999998,0,0
0,0,69,5,1,3,5.078000000000003,2,0
0,0,15,1,1,0,1.625,0,0
0,0,43,1,1,1,4.98,0,0
0,0,28,1,1,0,2.9639999999999986,0,0
0,0,42,2,1,2,10.112000000000002,1,0
0,0,30,2,1,0,3.003999999999998,0,0
1,0,28,0,1,0,3.868000000000002,0,0
0,0,43,3,1,1,3.708999999999996,0,0
0,0,13,1,1,0,3.9720000000000013,0,0
1,0,6,0,0,0,0.0,0,0
0,0,5,0,0,1,2.4339999999999975,0,0
1,0,31,3,1,1,2.0349999999999997,1,0
0,0,29,1,1,0,1.4010000000000002,0,0
0,0,47,3,1,2,1.9689999999999999,0,0
0,0,40,0,1,1,2.6980000000000004,0,0
0,0,51,2,1,0,3.0090000000000003,2,0
0,0,47,1,1,1,3.503,1,0
0,0,40,2,1,1,3.1629999999999985,0,0
0,0,22,2,1,3,1.940999999999999,0,0
0,0,20,3,1,2,1.799000000000003,0,0
0,0,17,2,2,0,0.0,1,0
0,0,17,1,2,0,2.568999999999999,1,0
1,0,99,4,1,1,21.451,1,1
0,0,44,3,1,2,8.850000000000001,2,0
1,0,151,6,1,7,20.111999999999995,1,1
1,0,50,2,1,3,30.169,2,0
0,0,10,1,6,0,1.1629999999999967,0,0
0,0,8,1,1,1,17.121000000000002,0,0
0,0,22,0,1,0,4.407,0,0
0,0,21,1,1,0,29.058000000000003,0,0
0,0,10,1,6,0,4.641999999999996,0,0
0,0,58,7,1,0,64.12299999999999,0,0
0,0,41,4,1,0,2.5120000000000005,0,0
0,0,36,0,1,1,3.7989999999999995,1,0
0,0,26,1,1,0,2.9710000000000036,0,0
0,0,37,2,1,1,24.587999999999994,1,0
0,0,42,0,1,1,4.674999999999997,0,0
0,0,17,0,1,0,3.1000000000000014,0,0
0,0,8,1,1,0,5.073999999999998,0,0
0,0,36,0,1,0,6.7379999999999995,1,0
0,0,35,2,1,1,120,1,0
0,0,15,1,1,0,0.0,0,0
1,0,32,5,1,0,6.407,0,0
1,0,4,0,0,0,0.0,0,0
0,0,21,1,1,1,3.6679999999999993,0,0
1,0,27,0,1,0,0.0,0,0
0,0,9,1,0,0,3.7029999999999994,0,0
0,0,3,0,0,0,0.0,0,0
0,0,9,1,0,0,1.0950000000000024,0,0
0,0,3,0,0,0,0.0,0,0
1,0,24,2,2,0,5.078999999999997,0,0
0,0,23,0,1,1,0.0,0,0
0,0,37,0,1,1,3.5630000000000024,1,0
0,0,62,1,1,1,5.981999999999999,2,0
0,0,28,1,1,0,5.5,0,0
0,0,30,1,1,0,0.0,1,0
0,0,67,1,1,1,5.442999999999998,0,0
0,0,42,3,1,0,4.837000000000003,0,0
0,0,57,4,1,1,7.369,0,0
1,0,23,1,1,0,3.375,0,0
0,0,34,4,1,2,0.0,0,0
0,0,26,0,1,0,1.367,0,0
0,0,35,4,1,2,2.5969999999999995,1,0
0,0,54,3,1,1,3.104000000000001,1,0
1,0,60,1,1,1,3.9109999999999996,0,0
0,0,40,2,1,3,8.57,0,0
0,0,13,0,1,0,1.4059999999999988,0,0
0,0,22,2,1,1,2.469000000000001,0,0
0,0,8,0,0,1,6.938000000000002,0,0
0,0,42,3,1,1,4.040999999999997,0,0
0,0,17,1,1,0,3.0290000000000035,0,0
1,0,4,0,0,0,0.0,0,0
0,0,21,1,1,0,3.340999999999994,0,0
1,0,24,1,1,1,0.0,1,0
0,0,24,1,1,0,3.564,0,0
0,0,18,1,1,0,0.0,0,0
1,0,43,2,1,1,10.883000000000003,1,0
1,0,23,1,1,0,2.007,0,0
0,0,20,1,1,0,2.933,0,0
0,0,15,0,1,1,1.8630000000000004,1,0
0,0,8,0,7,0,23.593999999999998,0,0
1,0,4,0,0,0,22.419000000000004,0,0
0,0,35,2,1,0,3.469000000000001,1,0
0,0,15,1,1,0,2.569999999999993,1,0
1,0,58,3,1,3,6.481,1,0
0,0,21,0,1,0,2.0709999999999997,1,0
1,0,25,1,1,2,2.535,0,0
0,0,33,2,1,0,8.067,0,0
0,0,46,1,1,2,2.367000000000001,1,0
0,0,44,3,1,1,3.0120000000000005,0,0
0,0,19,1,1,0,2.535999999999998,0,0
0,0,23,0,1,0,2.900000000000002,0,0
0,0,41,1,1,1,2.8349999999999973,0,0
1,0,25,1,1,0,5.966999999999999,0,0
0,0,15,0,1,0,0.0,0,0
0,0,11,0,1,1,3.1780000000000044,0,0
1,0,16,0,1,0,2.963000000000001,0,0
0,0,11,0,1,0,4.5120000000000005,0,0
0,0,18,1,1,0,3.7989999999999995,0,0
0,0,27,2,1,1,4.035999999999994,0,0
0,0,5,1,0,0,3.737000000000002,0,0
1,0,19,0,1,0,3.773,0,0
0,0,39,3,1,0,12.141,0,0
0,0,24,1,1,0,7.678000000000001,0,0
0,0,34,2,1,1,0.0,0,0
1,0,21,1,1,0,3.940999999999999,0,0
0,0,50,2,1,3,7.0319999999999965,2,0
0,0,46,7,1,0,6.210000000000001,0,0
0,0,20,1,1,1,3.844000000000001,1,0
0,0,20,1,1,0,4.533000000000001,0,0
0,0,23,2,1,3,4.966000000000001,2,0
0,0,22,0,1,0,2.4769999999999968,0,0
0,0,4,0,0,0,4.398000000000003,0,0
0,0,36,3,1,0,4.007,0,0
0,0,29,2,1,0,2.098,1,0
0,0,47,2,1,1,5.048,1,0
0,0,23,1,1,0,3.8610000000000007,0,0
0,0,51,3,1,1,8.178999999999998,0,0
0,0,36,1,1,0,6.7379999999999995,0,0
0,0,21,1,5,0,1.9059999999999988,1,0
0,0,21,1,1,1,5.636000000000003,1,0
1,0,13,2,1,0,0.0,0,0
0,0,34,4,1,2,3.3370000000000033,0,0
0,0,65,3,1,1,3.638999999999996,1,0
1,0,39,4,1,2,12.451,0,0
1,0,31,1,1,1,10.070000000000007,0,0
0,0,13,1,1,1,0.0,0,0
0,0,10,1,6,0,4.241,0,0
0,0,18,1,1,0,28.230000000000004,0,0
0,0,34,5,1,1,2.8999999999999986,0,0
0,0,5,0,0,0,0.0,0,0
0,0,71,2,1,2,11.881999999999998,0,0
0,0,85,4,1,3,5.061999999999998,1,0
0,0,54,4,1,1,5.906999999999999,0,0
0,0,59,3,1,1,5.110000000000001,1,0
0,0,56,3,1,2,2.266,1,0
0,0,74,5,1,1,3.0999999999999996,0,0
0,0,40,2,1,1,3.309000000000001,1,0
0,0,71,8,1,3,4.268999999999998,0,0
0,0,66,3,1,2,2.8709999999999987,3,0
0,0,38,3,1,0,2.4040000000000035,0,0
0,0,57,6,1,1,6.839999999999996,2,0
0,0,46,3,1,1,2.8000000000000043,0,0
0,0,47,4,1,0,3.637999999999998,1,0
0,0,60,3,1,2,6.040999999999997,1,0
0,0,48,2,1,1,2.0730000000000004,1,0
0,0,51,2,1,2,1.7950000000000017,0,0
0,0,46,4,1,1,2.8029999999999973,0,0
0,0,58,4,1,0,3.3740000000000023,1,0
0,0,68,4,1,3,2.901,0,0
0,0,42,3,1,0,2.5959999999999996,0,0
0,0,62,4,1,2,4.077000000000001,3,0
0,0,61,7,1,1,3.5410000000000004,0,0
0,0,37,2,1,1,1.831999999999999,1,0
0,0,81,8,1,2,3.7329999999999988,0,0
0,0,37,2,1,1,1.2000000000000028,1,0
0,0,51,3,1,2,1.9059999999999988,0,0
0,0,68,2,1,1,3.6999999999999993,0,0
0,0,72,8,1,1,3.873000000000001,3,0
0,0,39,2,1,2,1.7339999999999982,0,0
0,0,48,2,1,0,2.8380000000000045,1,0
0,0,68,6,1,3,4.873999999999995,1,0
0,0,43,2,1,2,2.195999999999998,2,0
0,0,63,4,1,1,3.6370000000000005,0,0
0,0,63,5,1,3,3.378,2,0
0,0,61,5,1,1,4.004000000000005,0,0
0,0,54,2,1,1,3.469000000000001,1,0
0,0,37,3,1,2,2.195999999999998,0,0
0,0,55,3,1,1,2.6000000000000014,0,0
0,0,49,7,1,1,1.976,0,0
0,0,60,2,1,1,2.8339999999999996,1,0
0,0,68,7,1,0,3.769,0,0
0,0,61,4,1,1,3.271000000000001,0,0
0,0,73,8,1,2,4.099999999999998,1,0
0,0,57,3,1,2,3.240000000000002,0,0
0,0,41,3,1,1,2.5410000000000004,0,0
0,0,34,1,1,2,12.809000000000001,2,0
0,0,51,2,1,3,3.097999999999999,0,0
0,0,31,1,1,3,1.8740000000000023,1,0
0,0,31,2,1,1,3.5689999999999955,1,0
0,0,50,5,1,2,2.940000000000005,0,0
1,0,13,1,0,0,1.9709999999999965,0,0
0,0,31,3,1,1,1.4620000000000033,0,0
1,0,12,1,1,1,1.8019999999999996,0,0
0,0,31,1,1,1,5.143999999999998,0,0
1,0,6,1,0,0,8.567999999999998,0,0
1,0,13,0,1,0,6.838,0,0
0,0,21,0,1,1,0.0,0,0
0,0,66,5,1,1,5.138999999999999,0,0
0,0,25,1,1,1,3.568999999999999,0,0
0,0,7,0,1,0,3.1400000000000006,0,0
0,0,28,1,1,0,5.601000000000003,0,0
0,0,66,2,1,0,7.341999999999995,0,0
0,0,46,2,1,0,8.749000000000002,0,0
0,0,55,5,1,1,3.1980000000000004,1,0
0,0,29,1,1,0,3.442,0,0
0,0,32,2,1,0,4.073,0,0
0,0,25,2,1,0,2.8659999999999997,0,0
0,0,34,2,1,0,0.0,0,0
0,0,29,2,1,0,2.2659999999999982,0,0
1,0,45,2,1,0,3.5769999999999995,0,0
0,1,69,1,1,1,5.436,1,0
0,0,53,1,1,1,3.835000000000001,0,0
0,0,27,1,1,0,3.5090000000000003,0,0
0,0,45,3,1,1,3.035999999999998,1,0
0,0,25,1,1,0,5.267000000000003,0,0
0,0,27,2,1,1,26.092999999999996,0,0
0,0,59,3,1,0,6.511000000000003,0,0
0,0,27,3,1,0,4.0689999999999955,0,0
0,0,60,3,1,1,5.938000000000001,0,0
0,0,18,1,1,0,5.439,0,0
1,0,37,1,1,1,7.467999999999998,2,0
0,0,30,4,1,0,8.777000000000001,0,0
0,0,28,1,1,1,5.602999999999998,0,0
0,0,56,5,1,3,6.942,0,0
0,0,33,2,1,1,2.100999999999999,0,0
1,0,22,1,1,0,2.3060000000000045,0,0
0,0,5,1,0,0,0.0,0,0
0,0,82,4,1,1,19.09199999999999,2,0
0,0,61,4,1,0,3.930999999999999,0,0
0,0,5,0,0,0,1.9990000000000006,0,0
0,0,52,2,1,2,4.2429999999999986,2,0
1,0,46,4,1,1,3.9030000000000022,1,0
0,0,72,6,1,1,4.106999999999999,0,0
0,0,19,1,1,1,11.18,0,0
0,0,49,3,1,0,2.8980000000000032,0,0
0,0,22,1,1,1,9.870999999999995,0,0
0,0,67,4,1,2,-3540,2,0
0,0,5,2,0,0,5.469000000000001,0,0
0,0,33,0,1,1,7.381999999999998,1,0
0,0,21,2,1,0,5.360999999999997,0,0
1,0,33,1,1,0,23.027,0,0
0,0,3,0,0,0,0.0,0,0
1,0,66,3,1,2,6.9129999999999985,0,0
0,0,43,1,1,1,2.6620000000000026,0,0
0,0,52,1,1,2,3.84,2,0
0,0,26,0,1,0,2.539999999999999,0,0
0,0,35,2,1,0,3.228999999999999,0,0
0,0,17,2,2,0,2.6350000000000016,1,0
0,0,17,1,2,0,0.0,1,0
0,0,15,2,1,1,2.604999999999997,0,0
0,0,27,2,1,0,7.112000000000002,0,0
0,0,24,1,1,1,0.0,0,0
1,0,14,0,1,1,32.498000000000005,0,0
0,0,11,0,0,0,0.0,0,0
0,0,40,3,1,0,40.176,0,0
0,0,54,3,1,3,5.331000000000003,0,0
0,0,54,4,1,0,45.753,0,0
1,0,20,2,2,0,4.402999999999999,0,0
0,0,15,1,1,0,0.0,0,0
0,0,20,0,1,0,1.8669999999999973,0,0
0,0,43,3,1,0,3.6069999999999993,0,0
0,0,51,3,1,0,3.230000000000004,0,0
0,0,42,3,1,0,7.648000000000003,0,0
0,0,16,1,1,0,1.693999999999999,0,0
0,0,26,4,1,2,5.370000000000001,0,0
0,0,46,3,1,0,3.5729999999999986,0,0
0,0,35,0,1,1,5.408000000000001,0,0
1,0,31,1,1,0,8.010000000000002,0,0
0,0,55,5,1,0,7.068999999999999,0,0
1,0,56,2,1,2,8.813000000000002,0,0
1,0,60,2,1,2,4.564999999999998,0,0
1,0,43,4,1,1,4.177999999999997,0,0
1,0,5,1,0,0,8.536000000000001,0,0
1,0,22,2,1,0,10.008,0,0
0,0,39,2,1,0,0.0,1,0
0,0,25,4,1,0,4.404999999999999,0,0
0,0,17,1,1,0,4.641000000000002,0,0
0,0,18,1,2,0,6.507999999999999,1,0
0,0,21,1,5,0,0.0,1,0
1,0,4,0,0,0,17.480999999999998,0,0
1,0,22,1,1,1,6.305,0,0
0,0,21,2,1,0,0.0,0,0
1,0,37,2,1,0,7.879000000000005,0,0
0,0,24,1,1,0,0.0,1,0
1,0,5,2,0,0,21.118,0,0
1,0,8,0,0,0,8.444000000000003,0,0
1,0,6,0,0,0,4.473999999999997,0,0
1,0,55,2,1,2,4.0660000000000025,3,0
0,0,41,1,1,0,5.274000000000001,1,0
0,0,50,4,1,1,32.103,0,0
0,0,24,0,1,2,1.9000000000000021,0,0
0,0,53,1,1,2,8.168,0,0
0,0,48,1,1,1,10.475999999999999,1,0
0,0,46,3,1,2,2.046999999999997,0,0
0,0,37,3,1,1,2.6950000000000003,1,0
0,0,41,2,1,0,3.544000000000004,0,0
0,0,40,4,1,1,2.9679999999999964,1,0
0,0,25,0,1,0,2.094000000000001,0,0
0,0,8,0,7,0,5.515000000000001,0,0
0,0,33,2,1,2,0.0,0,0
0,0,36,1,1,3,3.7310000000000016,0,0
0,0,19,1,1,0,4.101,0,0
0,0,25,0,1,2,4.415000000000001,0,0
0,0,29,1,1,1,4.331999999999999,1,0
0,0,47,2,1,1,3.472999999999999,0,0
0,0,43,2,1,2,2.628,0,0
0,0,48,1,1,1,3.5420000000000016,0,0
0,0,71,4,1,2,7.468,0,0
0,0,43,1,1,2,3.4150000000000027,1,0
0,0,48,3,1,0,2.9669999999999987,0,0
0,0,33,2,1,1,2.128,0,0
0,0,62,7,1,5,39.20399999999999,2,0
0,0,47,1,1,3,4.344000000000001,0,0
0,0,54,2,1,1,41.175,2,0
0,1,51,2,1,2,4.202,0,0
0,0,59,3,1,2,5.139,0,0
0,0,34,1,1,1,4.333,2,0
0,0,44,1,1,0,3.2059999999999995,0,0
0,0,30,0,1,0,2.3389999999999986,0,0
0,0,35,0,1,1,4.065000000000001,0,0
0,0,56,2,1,1,45.154,0,1
0,0,39,1,1,1,7.399000000000001,0,0
0,0,50,1,1,1,4.103999999999999,0,0
0,0,23,1,1,1,5.574000000000002,0,0
0,0,63,4,1,2,4.811999999999998,0,0
0,0,17,0,1,1,3.195999999999998,0,0
0,0,57,2,1,1,5.172000000000004,2,0
0,0,23,1,2,0,4.144999999999996,1,0
0,0,11,0,3,0,0.0,0,0
0,0,37,4,1,0,28.088,0,0
0,0,29,3,1,1,4.209000000000001,0,0
0,0,22,0,1,0,4.170999999999999,0,0
0,0,63,4,1,3,5.704999999999998,2,0
0,0,46,2,1,3,11.849000000000004,2,0
0,0,7,0,1,1,1.5899999999999963,0,1
0,0,27,4,1,0,4.739000000000004,0,0
0,0,28,0,1,0,7.477999999999994,0,0
0,0,37,3,1,1,0.0,0,0
0,0,5,1,0,0,2.3000000000000043,0,0
0,0,41,3,1,0,4.0049999999999955,0,0
0,0,13,1,1,1,12.353000000000002,0,0
0,0,58,5,1,1,21.348,1,0
0,0,24,1,1,0,16.991,0,0
0,0,21,2,1,0,8.900000000000006,0,0
0,0,18,0,1,1,0.0,0,0
0,0,5,1,0,0,1.201,0,0
1,0,23,2,2,0,8.645999999999999,0,0
0,0,18,1,2,0,0.0,0,0
1,0,23,2,2,0,1.2960000000000012,0,0
0,0,18,1,2,0,0.0,0,0
0,0,33,1,1,0,2.5109999999999992,0,0
1,0,68,5,1,2,6.974,0,0
0,0,62,4,1,2,3.968,0,0
0,0,32,3,1,1,2.937000000000001,1,0
0,0,26,3,1,0,3.5299999999999976,0,0
0,0,36,3,1,1,5.581000000000003,1,0
0,0,50,4,1,0,3.503,1,0
0,0,40,0,1,1,3.2989999999999995,0,0
1,0,53,3,1,0,2.165999999999997,0,0
0,0,12,0,1,1,1.6670000000000016,0,0
0,0,42,5,1,0,3.546999999999997,0,0
0,0,44,2,1,2,2.899000000000001,0,0
0,0,37,0,1,1,2.664999999999999,0,0
0,0,17,1,1,1,6.207000000000001,0,0
0,0,56,2,1,2,16.319,0,0
0,0,38,4,1,2,1.8339999999999996,0,0
0,0,8,0,1,0,2.5749999999999993,0,0
0,0,41,2,1,2,0.0,1,0
0,0,33,1,1,1,2.2959999999999994,0,0
0,0,76,5,1,5,4.942,1,0
0,1,27,2,1,1,1.8659999999999997,0,0
1,0,69,1,1,5,3.6330000000000027,3,0
0,0,19,0,1,1,1.6679999999999993,0,0
0,0,27,0,1,2,3.1400000000000006,0,0
1,0,10,0,1,0,5.204000000000001,0,0
0,0,19,1,1,0,0.0,0,0
1,0,10,1,1,0,1.0749999999999957,0,0
0,0,24,1,1,0,0.0,0,0
0,0,32,3,1,1,2.0350000000000037,0,0
0,0,5,1,0,0,2.0690000000000026,0,0
0,0,21,0,1,0,0.0,0,0
0,0,48,3,1,1,11.108999999999995,1,0
1,0,24,2,1,0,2.7380000000000004,0,0
1,0,6,0,0,0,6.198999999999999,0,0
1,0,25,5,1,0,4.101000000000001,0,0
0,0,18,1,1,0,4.607999999999999,0,0
0,0,30,4,1,1,1.8659999999999997,1,0
1,0,34,2,1,1,2.5440000000000005,0,0
0,0,29,1,1,0,9.904999999999998,0,0
0,0,19,1,1,3,3.307000000000002,0,0
0,0,12,0,1,0,11.312000000000005,0,0
0,0,53,3,1,2,19.752000000000002,0,0
1,0,6,0,0,0,8.104000000000001,0,0
0,0,60,3,1,2,5.570999999999998,1,0
1,0,23,0,1,2,18.125000000000004,0,0
0,0,14,0,1,0,5.829999999999998,0,0
0,0,44,2,1,2,3.710000000000001,1,0
1,0,28,3,1,0,5.869,0,0
1,0,28,0,1,0,3.6699999999999946,0,0
0,0,10,0,3,0,6.945000000000007,0,0
0,0,66,5,1,2,13.245000000000001,1,0
0,0,40,2,1,3,2.6310000000000002,0,0
0,0,47,2,1,1,10.446999999999996,1,0
0,0,56,3,1,2,5.5760000000000005,1,0
0,1,56,4,1,3,1.9010000000000034,1,0
0,0,66,6,1,3,3.8019999999999996,0,0
0,0,59,5,1,2,11.714999999999996,1,0
0,0,48,5,1,1,11.772000000000006,0,0
1,0,27,4,1,0,4.941999999999999,0,0
0,0,42,1,1,0,3.371000000000002,0,0
0,0,55,4,1,3,2.937999999999999,0,0
0,0,42,5,1,2,2.8329999999999984,2,0
1,0,9,0,1,0,5.4410000000000025,0,0
0,0,14,0,2,0,0.0,0,0
1,0,34,1,1,1,2.071999999999999,0,0
0,0,14,0,2,0,0.0,0,0
1,0,31,2,1,0,4.093999999999998,0,0
0,0,31,2,1,0,0.0,0,0
0,0,58,5,1,1,13.588999999999999,0,0
0,0,42,1,1,0,2.6000000000000014,0,0
1,0,12,1,1,0,2.0390000000000015,0,0
0,0,9,1,1,0,0.0,1,0
0,0,58,2,1,6,3.730000000000004,2,0
0,0,53,3,1,1,36.43299999999999,1,0
0,0,31,0,1,1,2.8069999999999986,1,0
0,0,70,7,1,3,4.635000000000005,1,0
0,0,57,4,1,0,5.475999999999999,1,0
0,0,49,0,1,0,5.143000000000001,1,0
0,0,43,1,1,1,51.81099999999999,0,0
1,0,66,3,1,0,6.106999999999999,0,0
0,0,20,1,1,0,3.705999999999996,0,0
0,0,46,3,1,3,16.221000000000004,0,0
0,0,45,1,1,0,5.6370000000000005,0,0
0,0,19,1,1,0,6.836999999999998,0,0
0,0,67,3,1,2,6.001000000000001,0,0
0,0,66,4,1,2,10.385000000000002,0,0
0,0,9,0,1,2,6.408000000000001,1,1
0,0,52,2,1,1,3.4009999999999962,0,0
0,0,58,4,1,1,4.9680000000000035,0,0
0,0,78,4,1,1,7.276999999999994,0,0
0,0,25,1,1,1,10.036999999999999,0,0
0,0,42,2,1,3,2.5450000000000017,2,0
0,0,31,2,1,2,1.8989999999999991,2,0
0,0,34,2,1,2,0.0,3,0
0,0,36,1,1,1,3.2410000000000014,0,0
0,0,54,2,1,2,6.732999999999997,0,0
0,0,73,5,1,0,7.370000000000001,0,0
0,0,47,2,1,0,6.073,0,0
0,0,42,1,1,0,2.408999999999999,0,0
0,0,46,2,1,1,5.804000000000002,0,0
0,0,52,0,1,0,5.667000000000002,0,0
0,0,61,1,1,2,5.972999999999999,0,0
0,0,46,1,1,1,3.875,0,0
0,0,68,2,1,2,8.038,1,0
0,0,24,4,1,0,3.3070000000000004,0,1
0,0,32,4,1,0,0.0,0,0
0,0,29,2,1,0,5.2719999999999985,0,0
0,0,27,1,1,1,3.901,0,0
0,0,23,1,2,0,6.346,1,0
0,0,27,1,1,0,0.0,2,0
0,0,25,0,1,1,19.845,1,0
1,0,15,1,1,0,4.472000000000001,0,0
1,0,33,0,1,0,4.0120000000000005,0,0
1,0,22,1,1,0,12.244000000000007,0,0
1,0,4,0,0,0,2.8679999999999994,0,0
1,0,4,0,0,0,2.1310000000000002,0,0
1,0,14,1,1,1,2.735000000000001,0,0
1,0,18,1,1,0,4.105999999999998,1,0
0,0,57,7,1,4,3.6700000000000017,0,0
0,0,39,2,1,0,2.806000000000001,0,0
0,0,27,2,1,1,4.003999999999998,1,0
0,0,39,2,1,0,2.8019999999999996,0,0
0,0,3,0,0,0,3.7040000000000006,0,0
0,0,3,0,0,0,0.0,0,0
0,0,4,0,0,0,3.807000000000002,0,0
0,0,39,0,1,0,6.841000000000001,2,0
0,0,36,2,1,1,0.0,1,0
0,0,44,2,1,2,5.039999999999999,2,0
1,0,14,0,1,0,2.5009999999999977,0,0
0,0,11,1,1,0,0.0,0,0
0,0,35,1,1,0,11.136000000000003,1,0
0,0,29,2,1,1,1.9079999999999995,1,0
0,0,10,0,3,0,0.0,0,0
0,0,4,0,0,1,1.2309999999999999,0,0
0,0,20,0,1,1,2.5060000000000002,0,0
0,0,4,0,0,1,5.834000000000001,0,0
0,0,33,1,1,0,5.412999999999997,0,0
1,0,15,1,1,0,4.072000000000003,0,0
0,0,14,0,1,0,0.0,0,0
0,0,41,1,1,2,2.0009999999999977,0,0
0,0,25,2,1,0,2.093,1,0
1,0,51,2,1,1,5.547000000000001,1,0
0,0,31,0,1,1,4.436,0,0
0,0,52,5,1,2,4.841999999999999,2,0
0,0,54,3,1,4,4.304000000000002,2,0
0,0,28,2,1,1,5.866999999999997,0,0
0,0,5,0,0,0,0.0,0,0
0,0,24,1,1,0,8.613999999999997,0,0
0,0,20,0,1,0,0.0,0,0
0,0,15,0,1,0,3.628,0,0
0,0,41,2,1,1,5.146000000000001,0,0
0,0,20,1,1,0,1.8659999999999997,0,0
1,0,26,2,1,0,6.235000000000001,1,0
1,0,22,3,1,0,3.668999999999997,0,0
0,0,53,4,1,2,3.9120000000000026,0,0
0,0,31,2,1,0,3.6309999999999967,0,0
0,0,6,0,0,0,1.2700000000000031,0,0
0,0,16,1,1,0,8.140999999999998,0,0
1,0,30,3,1,0,45.41499999999999,0,0
0,0,37,3,1,1,3.834000000000003,0,0
0,0,42,3,1,2,1.939,0,0
1,0,30,0,1,1,1.8329999999999984,0,0
0,0,27,3,1,1,0.0,0,0
0,1,35,0,1,1,1.3350000000000009,1,0
0,0,31,1,1,0,1.9709999999999965,1,0
0,0,38,2,1,0,2.7319999999999993,0,0
0,0,70,7,1,1,6.3770000000000024,2,0
0,0,33,3,1,2,2.436,0,0
0,0,8,0,2,0,4.869,0,0
1,0,18,1,1,0,15.981000000000009,0,0
0,0,44,1,1,0,7.207000000000001,1,0
0,0,14,1,1,0,10.54,0,0
0,0,32,1,1,1,5.814,0,0
0,1,40,3,1,0,8.706000000000003,3,0
0,0,29,0,1,0,12.844999999999999,0,0
0,0,33,0,1,1,21.352000000000004,0,0
0,0,53,3,1,1,1.8049999999999997,0,0
0,0,46,2,1,2,2.3019999999999996,3,0
0,0,62,6,1,3,2.6670000000000016,2,0
0,0,58,5,1,5,2.1690000000000005,1,0
0,0,49,3,1,3,2.7719999999999985,0,0
0,0,42,3,1,1,2.5980000000000025,2,0
0,0,21,1,5,0,14.588000000000001,1,0
0,0,18,1,2,0,3.2010000000000005,1,0
0,0,47,2,1,1,7.442,1,0
0,0,31,2,1,0,5.039999999999999,0,0
0,0,34,3,1,2,5.734,1,0
0,0,17,3,1,0,2.942,0,0
0,0,6,0,0,0,4.232999999999999,0,0
0,0,14,1,1,1,2.599000000000002,1,0
0,0,30,1,1,0,5.838999999999999,1,0
0,0,22,0,1,0,11.720000000000002,0,0
0,0,11,0,1,0,23.556999999999995,0,0
0,0,17,1,1,0,7.6340000000000074,0,0
0,0,20,2,1,1,0.0,1,0
0,0,61,4,1,5,3.8070000000000004,0,0
0,0,38,2,1,2,2.7349999999999994,0,0
0,0,31,0,1,0,4.1080000000000005,0,0
0,0,45,3,1,1,3.0390000000000015,0,0
0,0,55,4,1,1,3.8309999999999995,0,0
0,0,63,0,1,1,4.134999999999998,0,0
0,0,55,4,1,1,3.6709999999999994,0,0
0,0,62,6,1,1,3.9440000000000026,2,0
1,0,9,1,0,0,30.727999999999994,0,0
0,0,21,2,1,1,5.673000000000001,0,0
0,0,38,0,1,1,5.338999999999999,0,0
0,0,44,2,1,3,1.7660000000000018,0,0
0,0,48,2,1,1,1.7339999999999982,2,0
0,0,34,2,1,2,2.5420000000000016,0,0
1,0,19,0,2,0,3.5329999999999977,0,0
0,0,10,1,2,0,4.5070000000000014,0,0
0,0,13,1,2,0,4.072999999999997,0,0
0,0,32,1,1,0,8.369,1,0
1,0,64,2,1,0,7.079000000000001,0,0
1,0,14,0,1,0,5.362000000000002,0,0
0,0,22,3,1,0,6.609999999999999,0,0
0,0,18,1,1,0,0.0,1,0
0,0,60,4,1,1,4.067,0,0
0,0,13,0,1,0,2.740000000000001,1,0
0,0,25,1,1,1,0.0,0,0
1,0,43,1,1,0,2.4399999999999995,0,0
1,0,25,2,1,2,2.8339999999999996,0,0
0,0,45,3,1,0,3.0310000000000006,0,0
0,0,21,0,1,0,4.942,1,0
1,0,46,1,1,0,3.474999999999998,0,0
0,0,58,4,1,0,3.333000000000002,0,0
1,0,23,2,1,0,2.006999999999998,2,0
0,0,40,1,1,1,5.2620000000000005,1,0
0,0,33,4,1,0,3.8800000000000026,0,0
0,0,10,1,2,0,4.135999999999996,0,0
0,0,27,1,1,0,3.5730000000000004,0,0
0,0,62,2,1,2,5.797000000000004,1,0
0,0,39,0,1,0,2.003999999999998,1,0
0,0,22,2,1,1,1.8029999999999973,0,0
1,0,9,1,0,0,2.3360000000000056,0,0
1,0,21,1,1,0,0.0,0,0
1,0,24,1,1,0,1.8689999999999998,0,0
0,0,13,1,1,0,0.0,1,0
0,0,35,2,1,1,1.8350000000000004,1,0
0,0,44,5,1,3,2.0969999999999995,1,0
0,0,27,2,1,0,3.4780000000000006,0,0
1,0,24,1,1,0,0.0,0,0
1,0,20,1,1,0,3.8339999999999996,0,0
0,0,27,2,1,0,0.0,0,0
0,0,46,3,1,0,3.976000000000001,0,0
0,0,21,0,1,0,5.163,0,0
0,0,35,1,1,0,9.584999999999997,0,0
0,0,52,5,1,1,4.561,0,0
0,0,40,3,2,0,9.953000000000003,0,0
0,0,25,2,1,0,2.5349999999999966,0,0
0,0,43,2,1,1,3.5600000000000023,0,0
0,0,23,2,1,0,2.543999999999997,0,0
0,0,45,3,1,1,4.336000000000006,0,0
0,0,16,2,1,0,7.677999999999997,0,0
1,0,19,2,1,0,0.0,0,0
0,0,10,1,2,0,1.8000000000000007,0,0
1,0,20,3,1,1,2.9349999999999987,0,0
0,0,62,4,1,1,6.841000000000001,1,0
0,0,33,0,1,1,10.611,1,0
0,0,22,1,1,2,6.035999999999998,0,0
0,0,41,3,1,0,7.573,0,0
0,0,56,1,1,1,9.347999999999999,0,0
0,0,21,0,1,0,36.733,0,1
0,0,11,0,1,0,0.0,0,0
0,0,45,1,1,0,8.278000000000002,1,0
0,0,21,1,5,0,9.068999999999996,1,0
0,0,60,3,1,5,24.766,0,0
0,0,37,1,1,3,2.333,0,0
0,0,46,2,1,0,5.875,0,0
0,0,36,0,1,0,3.4719999999999978,0,0
0,0,34,3,1,1,3.996000000000002,0,0
0,0,24,2,1,1,3.2379999999999995,0,0
0,0,17,0,1,0,2.6729999999999983,0,0
0,1,25,0,1,0,3.0660000000000025,0,0
0,0,29,2,1,1,3.174999999999997,0,0
0,0,24,1,1,0,2.933,0,0
0,0,29,1,1,0,5.0,0,0
