0,0,53,1,2,0,39,0
0,0,19,0,1,2,1.0489999999999995,0
0,0,59,2,1,5,3.993000000000002,0
0,0,27,1,1,0,1.7759999999999962,0
1,0,27,3,2,0,1.1600000000000037,0
0,0,32,0,1,1,1.3199999999999932,0
1,0,27,3,2,0,1.9920000000000044,0
0,0,8,0,0,0,8.313000000000002,0
0,0,13,0,3,0,4.604999999999997,0
0,0,7,0,0,1,2.6839999999999993,0
0,0,10,0,0,0,3.040000000000001,0
0,0,11,0,0,0,11.317,0
0,0,9,0,0,0,21.557,0
1,0,5,0,0,1,11.883000000000003,0
1,0,9,2,0,1,0.0,0
1,0,38,3,1,1,1.7169999999999987,0
0,0,38,1,1,2,1.4429999999999978,0
0,0,47,0,1,2,2.639000000000003,0
0,0,43,0,1,3,1.959,0
0,0,40,4,1,2,2.277,0
0,0,10,0,0,0,1.6879999999999997,0
0,0,28,0,1,0,2.7199999999999998,0
0,0,48,0,1,1,2.51,0
0,0,13,1,1,1,2.290000000000001,0
0,0,28,0,1,1,1.5899999999999999,0
0,0,46,3,1,3,12.087,0
0,0,8,0,0,0,2.0779999999999994,0
0,0,8,0,0,0,0.0,0
0,0,46,1,1,2,5.360999999999997,0
0,0,19,0,1,0,1.5300000000000011,0
0,0,54,5,1,1,2.2310000000000016,0
1,0,30,5,1,1,1.9170000000000016,0
0,0,7,0,1,0,1.6809999999999974,1
0,0,14,0,1,0,4.7620000000000005,0
0,0,25,0,1,1,2.5600000000000023,0
1,0,29,3,1,1,7.836999999999996,0
0,0,40,0,1,2,2.403000000000006,0
0,0,59,4,1,5,2.997,0
0,0,34,2,1,0,2.0789999999999997,0
1,0,17,1,1,0,3.603999999999999,0
0,0,21,0,1,0,0.0,0
0,0,29,1,1,2,1.7170000000000005,0
0,0,34,2,1,1,2.045,0
0,0,32,3,1,1,2.4720000000000013,0
0,0,32,1,1,0,3.442,0
0,0,52,2,1,2,2.477999999999998,0
0,0,45,2,1,0,1.8030000000000008,0
0,0,19,0,1,0,1.8000000000000007,0
0,0,24,0,1,0,3.085000000000001,0
0,0,39,1,1,1,2.238999999999997,0
0,0,21,1,1,0,2.4750000000000014,0
0,0,18,0,1,0,5.162999999999997,0
0,0,44,1,1,1,4.363000000000007,0
0,0,18,0,13,0,2.715999999999994,0
0,0,67,5,1,0,3.6370000000000005,0
0,0,24,0,1,0,1.8079999999999998,0
0,0,49,7,2,0,7.801000000000002,0
0,0,27,1,4,0,2.512999999999998,0
0,0,49,7,2,0,3.483,0
0,0,16,0,1,0,1.5599999999999996,0
0,0,24,4,2,0,1.274,0
0,0,42,5,1,3,2.335000000000001,0
1,0,15,0,2,0,0.0,0
0,0,65,0,1,3,2.5039999999999996,0
0,0,27,1,4,0,2.1679999999999993,0
1,0,23,0,1,0,0.0,0
0,0,16,0,1,2,2.202,0
0,0,27,1,4,0,1.391,0
1,0,35,0,1,1,2.9220000000000006,0
0,0,50,2,1,4,3.9250000000000007,0
0,0,31,2,1,1,3.0380000000000003,0
1,0,13,0,1,0,5.243999999999996,0
1,0,18,0,1,0,0.0,0
0,0,24,1,1,0,3.0390000000000015,0
0,0,22,0,1,1,2.0820000000000007,0
0,0,36,1,1,1,1.9130000000000038,0
0,0,49,3,1,0,1.6059999999999945,0
0,0,10,0,1,0,2.2319999999999993,0
0,0,32,3,1,0,0.0,0
0,0,17,1,1,0,2.325000000000003,0
0,0,17,0,1,1,1.6030000000000015,0
0,0,8,0,0,0,24.711999999999996,0
1,0,27,1,3,0,3.521000000000001,1
0,0,19,0,2,0,3.3229999999999986,0
0,0,8,0,0,0,2.839000000000002,0
0,0,7,0,0,0,0.0,0
1,0,6,0,0,0,2.436,0
0,0,8,0,0,0,0.0,0
0,0,33,3,1,0,3.4549999999999983,0
1,0,12,0,1,1,1.0250000000000021,0
0,0,10,0,0,0,4.248999999999995,0
1,0,39,3,1,2,1.7260000000000062,0
0,0,9,0,0,0,1.9469999999999956,0
0,0,10,1,2,0,3.203000000000003,0
0,0,10,0,0,0,2.7149999999999963,0
0,0,36,2,1,0,6.879000000000005,0
0,0,15,0,1,0,1.4009999999999962,0
0,0,19,0,2,0,1.649000000000001,0
0,0,12,0,1,0,3.597999999999999,0
1,0,24,2,1,0,0.0,0
1,0,42,2,1,1,2.914999999999999,0
0,0,61,3,1,1,2.683,0
0,0,47,2,1,2,2.116,0
0,0,31,1,1,1,9.881,0
1,0,13,1,1,0,6.159000000000001,0
0,0,12,1,1,1,0.0,0
0,0,54,2,1,2,2.7979999999999983,0
0,0,25,2,1,1,1.686,0
0,0,68,3,1,2,2.530000000000001,0
0,0,34,2,1,0,1.4690000000000012,0
0,0,34,0,1,1,1.4800000000000004,0
0,0,33,2,1,0,1.2809999999999988,0
0,0,10,1,1,1,1.1950000000000003,0
0,0,29,0,1,2,3.0479999999999983,0
0,0,22,0,1,1,1.801000000000002,0
0,0,17,0,1,0,5.234999999999999,0
1,0,39,4,1,3,3.201999999999998,0
0,0,7,0,0,0,1.314,0
0,0,36,4,1,0,2.0820000000000007,0
0,0,19,0,2,0,4.487000000000002,0
0,0,39,2,1,1,3.6370000000000005,0
0,0,14,0,1,0,2.482999999999997,0
0,0,33,3,1,0,1.75,0
0,0,23,1,1,1,1.406,0
1,0,12,0,1,0,3.4440000000000004,0
0,0,12,0,1,1,4.672999999999999,0
0,0,38,4,1,0,4.246,0
0,0,30,2,1,1,2.0740000000000016,0
0,0,27,0,1,0,5.683,0
0,0,39,3,1,0,2.6819999999999986,0
0,0,37,1,1,1,5.7940000000000005,0
0,0,51,3,1,4,3.804000000000002,0
0,0,37,1,1,0,1.678999999999995,0
0,0,39,1,1,3,1.7650000000000006,0
0,0,26,2,1,0,2.8800000000000026,0
0,0,73,6,1,0,3.3900000000000006,1
0,0,4,1,0,1,1.6409999999999982,0
0,0,10,0,0,0,15.805999999999997,0
0,0,13,0,2,0,2.3960000000000004,0
0,0,23,1,2,0,4.007000000000001,0
0,0,8,0,0,0,1.190999999999999,0
0,0,8,0,0,0,36.042,0
0,0,8,0,0,0,5.282000000000004,0
0,0,10,0,0,0,9.404999999999994,0
0,0,15,1,1,0,13.754,0
0,0,24,1,1,2,2.4389999999999983,0
0,0,40,2,1,1,3.243000000000002,0
0,0,41,1,1,2,2.201999999999998,0
1,0,23,0,1,0,2.0820000000000007,0
0,0,42,1,1,1,2.0330000000000013,0
0,0,40,1,1,1,3.4879999999999995,0
0,0,56,3,1,2,2.594999999999999,0
1,0,19,2,1,1,2.6389999999999993,0
0,0,8,0,0,0,1.4010000000000034,0
0,0,49,5,1,2,6.4780000000000015,0
0,0,32,3,1,0,2.925999999999995,0
0,0,8,0,0,0,1.3160000000000025,0
0,0,10,0,0,1,1.5989999999999966,0
0,0,36,0,1,1,3.9250000000000043,0
0,0,36,1,1,0,3.5919999999999987,0
0,0,12,0,0,1,24.518,0
0,0,24,0,1,0,2.762999999999998,0
0,0,18,0,1,2,3.16,0
0,0,10,0,0,0,7.361999999999998,0
0,0,10,0,0,1,15.206000000000003,0
0,0,7,0,0,0,21.075000000000003,0
0,0,24,2,1,0,6.402000000000001,0
1,0,30,0,1,0,10.0,0
0,0,14,0,1,1,2.6819999999999986,0
0,0,12,0,0,1,4.158000000000001,0
1,0,33,2,1,0,32.481,0
0,0,29,0,1,3,24.836000000000002,0
0,0,13,0,1,2,26.918999999999997,0
0,0,41,2,1,1,2.3569999999999993,0
0,0,35,2,1,1,3.7349999999999994,0
0,0,22,1,1,0,1.1199999999999997,0
0,0,44,3,1,0,2.8680000000000003,0
0,0,48,2,1,2,2.6419999999999995,0
0,0,47,4,1,1,2.6770000000000014,0
0,0,34,4,1,0,1.9260000000000002,0
1,0,29,0,1,0,3.073999999999998,0
0,0,27,0,1,0,3.7260000000000026,0
0,0,25,0,1,0,3.599999999999998,0
0,0,60,3,1,3,3.035,0
0,0,15,0,1,1,1.879999999999999,0
0,0,68,3,1,0,3.1600000000000037,0
0,0,46,5,1,3,2.3230000000000004,0
0,0,40,4,1,4,4.117999999999995,0
0,0,48,2,1,1,3.3590000000000018,0
1,0,38,2,1,1,1.6920000000000002,0
0,0,35,3,1,1,1.9470000000000027,0
0,0,36,1,1,1,1.4029999999999987,0
0,0,39,3,1,1,1.4450000000000003,0
0,0,30,0,1,2,2.164999999999999,0
0,0,23,2,1,1,0.0,0
0,0,16,0,1,1,1.3100000000000023,0
0,0,33,1,1,2,2.003,0
1,0,24,1,1,1,2.5519999999999996,0
0,0,66,3,1,1,2.2010000000000005,0
0,1,61,4,1,3,2.165999999999997,0
0,1,42,1,1,0,2.513,0
0,0,56,3,1,0,2.6020000000000003,0
0,0,26,2,1,0,1.3629999999999995,0
1,0,52,4,1,3,2.835000000000001,0
0,0,70,4,1,1,2.4000000000000004,0
1,0,22,1,1,0,1.2149999999999999,0
0,0,40,4,1,1,2.071999999999999,0
1,0,22,1,1,1,2.280999999999999,0
0,0,62,0,1,2,2.8420000000000023,0
1,0,39,3,1,1,2.8739999999999988,0
0,0,53,4,1,3,3.0450000000000017,0
0,0,16,0,1,0,1.7139999999999986,0
0,0,17,0,3,0,29.682000000000002,0
0,0,23,2,1,1,5.440999999999995,0
0,0,28,2,1,1,1.279,0
0,0,47,2,1,0,2.5149999999999997,0
0,0,30,2,1,1,1.6839999999999993,0
1,0,28,1,1,0,1.5200000000000014,0
0,0,15,0,1,1,2.1630000000000003,0
1,0,17,1,1,0,0.0,0
0,0,33,4,1,0,2.717999999999998,0
0,0,63,6,1,2,2.958000000000002,0
0,0,30,3,1,3,2.6430000000000007,0
0,1,64,3,1,1,3.5549999999999997,0
1,0,16,1,1,1,1.279,0
0,0,29,2,1,2,1.3349999999999973,0
0,0,33,3,1,3,1.6280000000000001,0
0,0,39,1,1,2,2.2379999999999995,0
0,0,33,3,1,3,2.200000000000003,0
0,0,26,2,1,0,2.2479999999999976,0
0,0,34,3,1,0,2.911999999999999,0
0,0,9,0,0,0,0.0,0
0,0,34,1,1,3,2.041000000000004,0
0,0,27,0,1,0,1.926000000000002,0
0,0,10,0,1,1,2.0,0
0,0,6,0,0,0,0.0,0
0,0,68,3,1,3,3.314,0
1,0,25,0,1,0,1.3569999999999993,0
0,0,26,4,1,1,1.8889999999999958,0
0,0,9,1,1,0,1.838000000000001,0
0,0,10,0,0,0,14.922999999999995,0
1,0,15,0,1,0,16.521,0
0,0,33,2,1,1,1.429000000000002,0
0,0,16,1,1,0,1.4059999999999988,0
0,0,24,0,1,1,1.7240000000000002,0
0,0,45,3,1,1,3.0,0
0,0,51,2,1,1,2.112000000000002,0
0,0,29,1,1,0,2.040999999999997,0
0,0,55,6,1,4,3.6840000000000046,0
0,0,36,1,1,0,3.154999999999994,0
0,0,43,3,1,1,2.1600000000000037,0
1,0,28,1,1,0,1.5289999999999964,0
0,0,51,3,1,4,2.1510000000000034,0
0,0,28,0,1,2,1.5630000000000024,0
0,0,26,0,1,1,1.445999999999998,0
1,0,15,2,1,1,1.1899999999999977,0
0,0,23,1,1,2,1.3590000000000018,0
0,0,38,0,1,1,2.2819999999999965,0
1,0,32,2,1,0,3.8880000000000052,0
0,0,60,2,1,0,3.67,0
0,0,49,1,1,2,2.5999999999999996,0
0,0,50,5,1,3,3.2829999999999995,0
0,0,52,2,1,3,2.213000000000001,0
0,0,22,1,1,0,1.9130000000000003,0
0,0,29,1,1,1,1.5219999999999985,0
0,0,52,2,1,1,2.715,0
1,0,36,2,1,1,2.0370000000000026,0
0,0,43,1,1,0,2.564,0
0,0,38,3,1,1,1.6829999999999998,0
0,0,28,1,1,2,1.440999999999999,0
0,0,34,2,1,0,1.838000000000001,0
0,0,57,1,1,1,1.721,0
0,0,26,2,1,0,1.235999999999997,0
0,0,17,2,1,1,1.4000000000000021,0
0,0,29,0,1,0,2.8019999999999996,0
0,0,54,3,1,2,2.328000000000003,0
0,0,25,3,1,0,1.7530000000000001,0
0,0,57,4,1,1,3.7949999999999946,0
0,0,51,3,1,2,2.557000000000002,0
1,0,19,0,1,1,3.243000000000002,0
1,0,26,1,1,1,4.5219999999999985,0
0,0,18,0,1,0,0.0,0
0,0,57,0,1,1,4.801000000000002,0
0,0,38,2,1,1,4.037999999999997,0
0,0,20,1,1,1,2.5229999999999997,0
0,0,7,1,0,0,2.8370000000000006,0
0,0,22,0,1,1,0.0,0
0,0,51,8,1,3,4.077,0
0,0,28,0,1,0,1.2379999999999995,0
0,0,28,0,1,0,1.686,0
0,0,27,2,1,1,2.4810000000000016,0
0,0,3,0,0,0,0.0,0
0,0,16,0,1,1,1.2389999999999972,0
0,0,4,0,0,0,0.0,0
0,0,38,0,1,1,1.4000000000000021,0
0,0,21,0,1,2,2.2749999999999986,0
0,0,15,1,1,0,7.280000000000001,0
0,0,20,1,1,1,0.0,0
1,0,31,1,1,0,3.1229999999999976,0
0,0,19,0,1,1,0.0,0
0,0,24,1,1,0,2.565000000000005,0
0,0,22,2,1,0,2.512999999999998,0
0,0,8,0,0,0,0.0,0
0,0,21,2,1,0,2.1270000000000024,0
0,0,28,0,1,2,2.3529999999999944,0
0,0,65,5,1,4,3.6810000000000045,0
0,0,32,2,1,2,3.6879999999999953,0
0,1,60,5,1,2,3.2379999999999995,0
0,0,24,1,2,0,3.2820000000000036,0
0,0,66,1,1,0,5.878999999999998,0
0,0,21,0,1,1,2.5109999999999997,0
0,0,31,4,1,1,1.4500000000000002,0
0,0,17,2,1,1,1.3950000000000005,0
0,0,29,2,1,2,3.161999999999999,0
1,0,36,1,1,1,2.16,0
0,0,24,3,1,1,2.7600000000000016,0
0,0,16,0,1,0,2.472999999999999,0
0,0,60,6,1,4,2.7250000000000014,0
1,0,31,1,1,2,2.639999999999997,0
0,0,44,1,1,1,2.4410000000000025,0
0,0,37,2,1,0,1.7629999999999981,0
1,0,31,3,1,2,1.9190000000000005,0
1,0,22,3,1,0,1.7149999999999999,0
1,0,27,3,1,0,2.038999999999998,0
0,0,61,3,1,4,2.922000000000004,0
1,0,35,1,1,1,2.0450000000000017,0
0,0,55,2,1,2,3.5519999999999996,0
0,0,43,3,1,0,1.7979999999999947,0
0,0,54,7,1,2,3.4840000000000018,0
0,0,49,2,1,0,2.0919999999999987,0
0,0,38,3,1,0,1.5940000000000012,0
0,0,44,2,1,1,1.7139999999999986,0
1,0,36,3,1,0,1.5560000000000045,0
1,0,34,1,1,0,2.4510000000000005,0
0,0,50,5,1,2,1.7129999999999939,0
0,0,62,5,1,3,3.7630000000000052,0
0,0,40,3,1,0,2.2409999999999997,0
0,0,31,1,1,0,2.043,0
0,0,17,0,1,1,2.832,0
0,0,40,1,1,2,4.678000000000001,0
0,0,16,0,1,1,1.6489999999999991,0
0,0,18,1,3,0,6.312999999999999,0
0,0,13,2,1,0,3.0470000000000006,0
1,0,24,1,1,0,41.474,0
0,0,64,3,1,2,4.518,0
0,0,55,2,1,2,2.882999999999999,0
0,0,53,2,1,2,3.556000000000001,0
0,0,21,1,1,0,2.286999999999999,0
0,0,27,0,1,2,0.0,0
0,0,12,2,1,0,2.3200000000000003,0
1,0,28,1,1,0,11.720000000000002,0
1,0,28,2,1,0,3.080999999999996,0
0,0,34,2,1,0,2.7929999999999993,0
0,0,55,5,1,2,3.368000000000002,0
0,0,29,1,1,1,1.794000000000004,0
0,0,63,3,1,5,2.6019999999999968,0
0,0,48,2,1,3,1.4789999999999992,0
1,0,47,0,1,1,2.118000000000002,0
0,0,49,4,1,0,3.1610000000000014,0
0,0,32,0,1,0,2.1639999999999944,0
0,0,24,0,1,0,1.6370000000000005,0
0,0,45,3,1,1,1.919000000000004,0
1,0,25,1,1,1,1.5610000000000002,0
0,0,12,0,0,1,2.1149999999999998,0
0,0,77,7,1,2,2.896,0
0,0,40,3,1,0,2.072,0
0,0,34,3,1,1,2.274000000000001,0
0,0,36,1,1,1,3.0439999999999987,0
0,0,71,3,1,2,2.8759999999999994,0
0,0,43,0,1,0,2.439,0
0,0,24,1,1,1,1.649000000000001,0
0,0,18,1,3,0,1.7540000000000013,0
0,0,35,1,1,2,3.956999999999997,0
0,0,32,1,1,0,2.8900000000000006,0
0,0,33,2,1,0,2.271000000000001,0
0,0,35,1,1,1,2.6380000000000017,0
0,0,23,0,1,0,0.0,0
0,0,64,3,1,1,2.4009999999999962,0
1,0,41,1,1,1,2.0870000000000033,0
0,0,55,0,1,1,3.3590000000000018,0
0,0,17,0,1,1,1.756999999999998,0
0,0,24,0,1,0,2.320999999999998,0
0,0,37,2,1,1,3.639000000000003,0
0,0,15,1,1,1,1.8449999999999989,0
0,0,22,0,1,0,7.1129999999999995,0
0,0,22,0,1,1,8.165999999999997,0
0,0,20,0,4,0,1.955,0
1,0,10,0,1,1,11.042,0
0,0,32,3,1,0,1.3949999999999996,0
1,0,51,2,1,0,2.3679999999999986,0
0,0,60,5,1,1,4.081000000000003,0
0,0,20,1,1,0,1.4420000000000002,0
1,0,40,0,2,0,2.355999999999998,0
1,0,62,1,1,0,5.920999999999999,0
0,0,34,1,1,3,1.3130000000000024,0
1,0,23,1,1,0,1.3590000000000018,0
0,0,31,4,1,0,1.6499999999999986,0
0,0,25,0,1,0,2.1939999999999955,0
0,0,25,0,1,0,1.402000000000001,0
0,0,13,2,1,1,1.8840000000000003,0
1,0,32,0,1,0,2.9179999999999993,0
0,0,3,0,0,0,0.0,0
1,0,49,5,1,2,3.1950000000000003,0
0,0,35,3,1,1,2.5970000000000013,0
0,0,46,2,1,0,2.4010000000000034,0
0,0,27,0,1,1,1.2449999999999974,0
0,0,45,3,1,2,1.8739999999999999,0
0,0,32,2,1,0,1.85,0
0,0,42,3,1,2,1.8059999999999996,0
0,0,21,0,1,0,1.5140000000000002,0
0,0,53,3,1,3,2.9940000000000007,0
0,0,24,1,1,1,1.4420000000000002,0
0,0,54,2,1,0,2.6849999999999987,0
1,0,24,0,1,2,2.7929999999999993,0
0,0,16,0,2,0,0.0,0
0,0,19,0,1,2,1.716000000000001,0
1,0,15,2,1,2,0.0,0
0,0,10,0,0,0,1.3670000000000009,0
0,0,18,1,1,0,2.0790000000000006,0
0,0,49,2,1,0,3.004999999999999,0
0,0,43,4,1,1,1.6340000000000003,0
0,0,31,3,1,1,1.3550000000000004,0
0,0,31,2,1,1,1.8039999999999985,0
0,0,31,0,1,0,1.6410000000000018,0
0,0,33,3,1,2,2.3240000000000016,0
0,0,28,1,1,1,1.9540000000000006,0
0,0,23,0,1,1,2.8799999999999955,0
0,0,20,1,1,0,3.0,0
0,0,29,0,1,1,1.6469999999999985,0
1,0,33,2,1,0,1.875,0
0,0,47,4,1,1,1.9950000000000045,0
1,0,29,0,1,1,1.8009999999999948,0
0,0,62,4,1,1,6.365000000000002,0
1,0,40,0,2,0,1.7700000000000031,0
0,0,14,0,2,0,1.4690000000000012,0
0,0,26,3,1,0,5.475999999999992,0
0,0,15,0,1,0,1.1999999999999993,0
0,0,41,3,1,2,3.601000000000001,0
0,0,55,1,1,4,3.007999999999999,0
0,0,31,2,1,1,1.8339999999999996,0
0,0,38,4,1,4,2.1180000000000003,0
0,0,33,1,1,1,2.4049999999999994,0
0,0,10,0,2,0,3.2780000000000022,0
0,0,21,0,1,2,6.360999999999997,0
1,0,63,2,1,3,10.196000000000002,0
0,0,20,1,1,1,3.5260000000000034,0
0,0,32,1,1,2,3.1539999999999964,0
0,0,16,1,1,0,2.4010000000000034,0
0,0,22,2,1,1,3.2049999999999983,0
0,0,26,1,1,1,2.0799999999999983,0
0,0,47,2,1,1,4.113999999999997,0
0,0,28,1,1,1,5.081000000000003,0
0,0,24,0,1,1,4.805,0
0,0,34,1,1,2,3.0760000000000005,0
0,0,27,1,1,0,1.4469999999999992,0
0,0,15,2,1,1,3.4800000000000004,0
0,0,22,2,1,2,0.0,0
0,0,16,1,1,2,3.7989999999999995,0
1,0,42,1,1,1,4.833000000000002,0
1,0,15,0,1,0,1.3230000000000004,0
1,0,42,1,1,0,4.398,0
1,0,40,3,1,0,3.2789999999999964,0
0,0,17,2,1,0,2.4410000000000025,0
0,0,20,1,1,0,3.478999999999999,0
0,0,10,0,1,0,5.3969999999999985,0
1,0,19,1,1,0,1.3260000000000005,0
0,0,17,2,1,0,1.115000000000002,0
0,0,32,3,1,0,1.240000000000002,0
0,0,10,1,1,0,1.1659999999999968,0
0,0,29,3,1,3,2.1610000000000014,0
0,0,54,0,1,1,3.4339999999999975,0
0,0,36,1,1,1,2.163000000000004,0
0,0,46,3,1,2,3.683,0
0,0,30,0,1,1,2.918999999999997,0
0,0,16,2,1,1,2.08,0
0,0,8,0,0,0,1.1600000000000001,0
0,0,5,0,0,0,2.203999999999999,0
0,0,88,6,1,2,7.040000000000001,1
1,0,28,2,1,2,6.388999999999999,0
0,0,10,0,0,0,1.6460000000000008,0
0,0,17,1,1,0,2.719999999999999,0
0,0,33,2,1,0,0.0,0
0,0,52,2,1,4,3.4030000000000022,0
1,0,28,3,1,1,1.2369999999999983,0
0,0,10,0,0,0,1.2409999999999997,0
0,0,20,1,1,1,1.4390000000000036,0
0,0,8,0,2,0,2.561,0
1,0,7,1,0,0,0.0,0
0,0,12,1,1,0,1.2789999999999964,0
0,0,39,2,1,0,1.5300000000000011,0
0,0,38,2,1,1,1.070999999999998,0
0,0,52,3,1,0,1.597999999999999,0
0,0,14,0,2,0,2.395000000000003,0
1,0,38,0,1,1,0.0,0
0,0,8,0,0,0,2.530999999999999,0
1,0,42,0,1,0,2.919000000000004,0
1,0,26,0,1,3,1.5499999999999972,0
0,0,28,4,1,0,1.240000000000002,0
0,0,15,0,1,1,3.0159999999999982,0
0,0,11,1,1,0,0.0,0
0,0,14,0,1,1,1.3549999999999969,0
0,0,45,2,1,3,2.1910000000000025,0
0,0,21,1,1,0,1.814,0
0,0,20,0,1,1,0.0,0
0,0,16,0,1,1,1.0250000000000001,0
1,0,44,1,1,3,2.4859999999999998,0
0,0,15,0,1,0,1.6780000000000004,0
0,0,43,2,1,3,2.5219999999999994,0
0,0,8,0,0,0,1.6399999999999997,0
0,0,19,1,2,0,4.599,0
0,0,10,0,0,0,3.083000000000002,0
0,0,10,0,0,0,0.0,0
0,0,11,0,0,0,3.2719999999999985,0
1,0,21,0,1,1,2.0459999999999994,0
1,0,19,1,1,0,1.1999999999999993,0
0,0,21,0,1,2,1.154,1
0,0,20,0,1,0,1.3250000000000028,0
0,0,9,0,0,0,1.7639999999999993,0
1,0,4,0,0,1,6.8309999999999995,0
0,0,36,2,1,1,3.2890000000000015,0
0,0,21,1,1,0,4.2010000000000005,0
0,0,7,0,0,0,6.473999999999997,0
0,0,19,0,1,0,3.524000000000001,0
0,0,21,0,1,2,3.0870000000000033,0
1,0,19,0,1,1,0.0,0
0,0,50,3,1,1,2.186,0
0,1,70,1,1,2,2.9739999999999966,0
0,0,17,1,1,0,1.15,0
0,0,35,5,1,1,2.7199999999999998,0
1,0,33,2,1,0,0.0,0
1,0,52,2,1,3,2.17,0
0,0,43,1,1,3,1.7039999999999997,0
0,0,37,3,1,2,1.4510000000000005,0
0,0,42,1,1,2,3.556000000000001,0
0,0,21,2,1,1,1.9629999999999992,0
0,0,22,1,1,0,2.6309999999999985,0
0,0,11,0,1,0,1.2000000000000028,0
1,0,12,0,1,0,1.3649999999999984,0
0,0,20,0,1,2,1.3150000000000013,0
0,0,22,0,1,1,8.084,0
0,0,3,0,0,0,6.639999999999997,0
1,0,24,0,1,0,3.480000000000004,0
0,0,19,1,1,1,3.1159999999999997,0
0,0,6,1,0,0,1.884999999999998,0
0,0,7,1,0,0,0.0,0
0,0,24,2,1,1,2.362000000000002,0
0,0,17,3,1,1,2.512999999999998,0
0,0,43,2,1,3,2.719999999999999,0
0,0,30,1,1,0,2.0080000000000027,0
0,0,23,2,1,1,2.557000000000002,0
0,0,5,0,0,0,1.7239999999999966,0
0,0,8,0,0,1,1.3560000000000016,0
0,0,47,3,1,0,4.003,0
1,0,19,0,1,0,1.4370000000000003,0
0,0,33,2,1,0,1.5590000000000002,0
0,0,59,2,1,3,4.475999999999999,0
1,0,13,0,1,0,1.2060000000000013,0
0,0,54,3,1,0,2.5549999999999997,0
0,0,7,0,0,0,3.7619999999999987,0
0,0,13,0,1,0,0.0,0
0,0,16,0,1,1,2.404,0
0,0,19,1,1,1,2.8320000000000007,0
0,0,14,1,1,0,1.7600000000000016,0
0,0,15,0,1,0,3.128,0
1,0,23,1,1,0,3.2010000000000005,0
0,0,18,1,3,0,0.0,0
0,0,8,0,0,0,11.156999999999996,0
1,0,13,0,1,0,3.635000000000005,0
0,0,8,0,0,0,5.039999999999999,0
0,0,8,0,0,0,2.0049999999999955,0
0,0,6,0,0,0,3.4010000000000034,0
0,0,17,0,1,0,1.3129999999999953,0
0,0,8,0,1,0,0.0,0
0,0,10,0,0,0,10.525000000000006,0
1,0,8,0,2,0,4.360999999999999,0
1,0,14,1,1,0,18.92,0
0,0,36,1,1,1,0.0,0
0,0,12,0,1,0,1.1950000000000003,0
0,0,29,0,1,2,0.0,0
0,0,27,1,4,0,1.1199999999999974,0
0,0,24,4,2,0,4.960000000000001,0
0,0,4,0,0,0,3.2049999999999983,0
1,0,13,0,1,0,2.115000000000002,0
0,0,50,2,1,1,2.683,0
1,0,24,1,1,0,2.0050000000000026,0
0,0,14,1,1,0,0.0,0
1,0,9,1,1,0,5.751999999999995,0
0,0,8,0,0,0,1.8400000000000034,0
0,0,26,4,1,1,5.604999999999997,0
0,1,147,6,1,2,13.921999999999999,1
1,0,30,1,1,1,3.1560000000000024,0
1,0,82,2,1,1,13.002000000000002,1
0,1,32,1,1,0,11.403999999999996,0
0,0,52,1,1,0,7.7989999999999995,0
0,0,34,1,1,0,5.158999999999999,0
0,0,61,2,1,1,3.5600000000000023,0
0,0,29,0,1,1,3.674,0
0,0,60,5,1,2,2.519,0
0,0,7,0,0,0,1.6460000000000008,0
0,0,45,1,1,2,3.161999999999999,0
0,0,59,5,1,0,2.5570000000000004,0
0,0,41,0,1,1,2.5599999999999987,0
1,0,62,3,1,0,2.7650000000000006,0
0,0,14,1,2,0,1.2349999999999994,0
0,0,14,1,2,0,2.521000000000001,0
0,0,33,2,1,1,0.0,0
0,0,22,2,1,1,2.155000000000001,0
1,0,43,3,1,1,2.0470000000000006,0
0,0,40,3,1,2,2.9609999999999985,0
0,0,32,2,1,0,1.6799999999999997,0
0,0,41,2,1,0,1.7100000000000009,0
0,0,15,1,1,0,2.3299999999999983,0
1,0,5,1,0,0,8.439999999999998,0
0,0,15,1,1,1,4.757000000000005,0
0,0,37,2,1,0,2.3230000000000004,0
0,0,47,2,1,0,1.9989999999999952,0
0,0,41,4,1,1,3.115000000000002,0
0,0,28,1,1,1,2.8470000000000013,0
0,0,5,1,0,1,1.67,0
1,0,25,3,1,3,3.3640000000000003,0
0,0,18,1,1,0,0.0,0
0,0,31,0,1,1,1.3549999999999995,0
0,0,53,3,1,2,2.327,0
0,0,22,1,1,0,1.3529999999999998,0
0,0,8,0,0,0,1.8399999999999999,0
0,1,59,3,1,2,5.001000000000001,0
0,0,23,1,1,0,1.564,0
0,0,34,3,1,1,2.0790000000000006,0
0,0,27,1,1,2,1.9649999999999999,0
0,0,28,2,1,1,1.3569999999999993,0
0,0,19,1,1,0,1.8039999999999985,0
0,0,23,1,1,0,2.433,0
1,0,28,0,1,0,3.168000000000003,0
0,0,10,0,0,0,2.3149999999999977,0
0,0,8,0,0,0,3.9949999999999974,0
1,0,24,0,1,0,1.720000000000006,0
0,0,3,0,0,0,2.0899999999999963,0
1,0,25,1,1,1,2.5120000000000005,0
0,0,34,0,1,0,3.3980000000000032,0
0,0,45,0,1,0,2.280999999999999,0
0,0,49,4,1,2,1.6879999999999953,0
0,0,36,1,1,0,1.6350000000000051,0
0,0,38,0,1,0,2.8059999999999974,0
0,0,48,2,1,1,2.311,0
0,0,39,1,1,1,2.3200000000000003,0
1,0,18,2,1,0,2.479,0
0,0,35,0,1,1,1.2799999999999998,0
1,0,27,1,1,1,1.803,0
0,0,36,2,1,2,1.396,0
0,0,33,0,1,1,2.3610000000000007,0
1,0,30,2,1,1,1.3249999999999993,0
0,0,57,0,1,0,3.7300000000000004,0
0,0,60,1,1,0,1.8330000000000002,0
1,0,58,3,1,5,3.2010000000000005,0
0,0,23,0,1,0,1.6750000000000007,0
1,0,22,1,1,3,0.0,0
0,0,25,2,1,0,2.0779999999999994,0
1,0,19,2,1,1,0.0,0
0,0,59,6,1,2,3.8029999999999973,0
0,0,33,1,1,2,2.801000000000002,0
0,0,19,0,1,0,3.1580000000000013,0
0,0,46,5,1,3,2.237000000000002,0
0,1,28,2,1,0,2.3589999999999947,0
0,0,19,2,1,1,2.642000000000003,0
1,0,43,3,1,1,2.485999999999997,0
0,0,9,0,0,0,2.3220000000000027,0
0,0,11,0,1,0,4.713999999999999,0
0,0,33,1,1,1,2.9979999999999976,0
0,0,38,1,1,0,5.204000000000001,0
0,0,50,1,1,0,2.8330000000000055,0
0,0,24,2,1,0,2.844,0
0,0,30,3,1,0,2.0789999999999997,0
0,0,20,0,4,0,10.167,0
0,0,47,4,1,2,15.038,0
1,0,68,1,1,1,4.480999999999998,0
0,0,38,1,1,2,2.1529999999999987,0
0,0,30,1,1,1,2.6040000000000063,0
0,0,12,1,1,0,1.6749999999999972,0
0,0,23,0,1,2,2.442,0
0,0,51,2,1,0,4.484000000000002,0
0,0,20,1,1,0,2.4409999999999954,0
0,0,45,2,1,2,2.439,0
0,0,21,0,1,0,3.084000000000003,0
0,0,41,3,1,0,3.509999999999998,0
0,0,42,3,1,0,3.3649999999999998,0
0,0,16,0,1,1,1.3950000000000005,0
0,1,23,3,1,0,4.442,0
0,0,28,0,1,0,1.876999999999999,0
0,0,23,1,1,1,1.963000000000001,0
0,0,38,2,1,2,2.4780000000000015,0
0,0,35,3,1,1,3.4449999999999967,0
0,0,25,2,1,1,2.676000000000002,0
0,0,13,1,1,1,1.6829999999999998,0
1,0,21,1,1,0,3.5569999999999986,0
0,0,46,0,1,2,3.2010000000000005,0
0,0,8,0,0,1,1.4819999999999993,0
0,0,26,1,1,1,2.396000000000001,0
0,0,17,0,1,0,2.929000000000002,0
0,0,24,1,1,1,2.798000000000002,0
1,0,20,0,1,0,1.232999999999997,0
0,0,28,1,1,0,2.4399999999999977,0
0,0,17,2,1,0,3.3300000000000054,0
0,0,26,2,1,0,5.8729999999999976,0
0,1,38,2,1,1,1.6409999999999982,0
0,0,31,1,1,1,1.6400000000000006,0
0,0,19,1,1,0,2.1240000000000023,0
0,0,11,0,1,1,0.0,0
0,0,45,3,1,1,4.073,0
0,0,33,1,1,2,2.365,0
0,0,47,4,1,0,1.9930000000000003,0
0,0,50,1,1,1,2.521,0
0,0,36,1,1,0,2.2810000000000006,0
1,0,22,2,1,1,1.6079999999999988,0
0,0,18,1,1,1,2.194000000000001,0
0,0,28,0,1,1,1.839999999999998,0
0,0,53,2,1,0,3.399000000000001,0
0,0,29,3,1,0,2.801000000000002,0
0,0,10,1,1,0,1.9569999999999972,0
0,0,61,1,1,1,2.969000000000001,0
0,0,32,1,1,0,1.2710000000000008,0
0,0,7,0,0,0,2.519999999999996,0
0,0,11,1,1,0,0.0,0
0,0,52,2,1,3,6.242000000000004,0
0,0,44,0,1,3,3.4399999999999977,0
0,0,29,2,1,0,2.158999999999999,0
0,0,9,0,1,0,1.6829999999999998,0
0,0,17,1,1,0,3.2040000000000006,0
0,0,43,4,1,0,3.1940000000000026,0
0,0,11,1,1,2,2.2419999999999973,0
0,0,46,1,1,2,2.8030000000000044,0
0,0,22,0,1,0,2.2749999999999986,0
0,0,7,0,1,0,3.6869999999999976,0
0,0,25,0,1,2,2.4330000000000003,0
0,0,26,1,1,0,3.2840000000000007,0
0,0,29,0,1,0,3.0749999999999993,0
0,0,20,1,1,1,1.4830000000000005,0
0,0,8,1,0,1,1.8449999999999989,0
0,0,37,2,1,1,3.958000000000002,0
0,0,24,1,1,2,2.280999999999999,0
0,0,26,0,1,2,1.681000000000001,0
0,0,32,0,1,1,2.4770000000000003,0
0,0,20,2,1,0,4.718,0
0,0,26,1,1,0,2.4019999999999975,0
0,0,21,2,1,0,4.356000000000002,0
0,0,60,0,1,2,4.923000000000002,0
0,0,12,0,1,0,2.154999999999994,0
0,0,22,1,1,0,2.128,0
0,0,24,2,1,0,1.9610000000000056,0
0,0,28,3,1,0,4.757999999999996,0
0,0,23,0,1,1,3.835000000000001,0
0,0,24,1,1,1,7.803000000000004,0
0,0,55,4,1,5,3.3229999999999995,0
0,0,31,3,1,2,2.1129999999999995,0
0,0,33,2,1,1,2.0869999999999997,0
1,0,11,2,0,1,1.2720000000000002,0
0,0,18,1,1,1,1.200000000000001,0
0,0,33,2,1,3,1.7689999999999984,0
0,0,41,2,1,2,2.3510000000000026,0
0,0,32,2,1,1,2.360999999999997,0
0,0,18,1,1,1,1.529,0
0,0,33,2,1,1,1.3950000000000031,0
0,0,28,1,1,1,1.5589999999999975,0
0,0,13,1,1,0,2.0380000000000003,0
0,0,35,4,1,2,5.800000000000001,0
0,0,11,2,2,0,2.4039999999999964,0
0,0,29,2,1,1,1.9220000000000041,0
0,0,11,1,1,0,1.5579999999999998,0
1,0,13,2,1,0,1.314,0
0,0,11,0,0,1,2.0390000000000015,0
1,0,19,1,1,0,3.8859999999999957,0
0,0,34,1,1,0,2.361000000000004,0
0,0,52,3,1,3,4.244,0
0,0,33,1,1,2,1.5599999999999952,0
1,0,51,3,1,2,2.510000000000005,0
0,0,54,2,1,0,2.485999999999997,0
0,0,23,2,1,0,1.9220000000000002,0
0,0,44,2,1,1,2.3909999999999996,0
0,0,23,0,1,0,1.6000000000000005,0
0,0,17,2,1,2,3.29,0
0,0,36,3,1,0,2.08,0
0,0,44,2,1,1,1.4809999999999999,0
0,0,22,2,1,0,2.1180000000000003,0
0,0,56,5,1,3,4.041,0
0,0,18,3,1,1,1.1110000000000007,0
1,0,50,1,1,2,3.215,0
0,0,27,1,1,0,1.3549999999999969,0
0,0,59,6,1,3,2.871000000000002,0
0,0,21,3,1,1,1.4890000000000008,0
1,0,5,0,0,0,1.9149999999999991,0
0,0,43,3,1,1,1.1549999999999976,0
0,0,41,4,1,2,2.486000000000004,0
0,0,60,6,1,2,5.155000000000001,0
0,0,28,2,1,1,1.9629999999999939,0
1,0,13,2,1,0,2.0390000000000015,0
0,0,9,4,0,1,0.0,0
0,0,21,3,1,1,1.8449999999999989,0
0,0,30,3,1,0,2.6380000000000052,0
0,0,33,1,1,2,1.5289999999999964,0
0,0,49,3,1,1,1.240000000000002,0
0,0,15,0,1,1,1.1850000000000023,0
1,0,26,4,1,0,1.7689999999999984,0
0,0,36,2,1,1,3.753,0
1,0,22,0,1,0,2.6879999999999953,0
0,0,26,0,4,0,15.718,0
0,0,43,0,1,1,11.48,0
0,0,39,2,1,2,2.6310000000000002,0
0,0,36,4,1,2,2.6459999999999972,0
0,0,28,1,1,0,1.3999999999999986,0
0,0,58,1,1,1,3.317,0
1,0,29,0,1,1,4.3629999999999995,0
0,0,24,0,1,0,1.6440000000000055,0
0,0,20,0,1,1,2.519999999999996,0
0,0,7,0,0,0,25.831000000000003,0
0,0,26,2,1,0,4.529000000000002,0
0,0,24,0,1,1,2.314,0
1,0,25,3,1,0,4.846,0
0,0,35,3,1,0,4.0809999999999995,0
0,0,59,3,1,2,3.1529999999999987,0
0,0,32,3,1,2,2.9970000000000034,0
1,0,16,0,1,0,4.369,0
1,0,45,1,1,1,3.911999999999999,0
0,0,31,5,1,0,2.844000000000001,0
0,0,33,2,1,1,2.4749999999999943,0
0,0,11,0,0,1,1.1200000000000045,0
0,0,14,1,1,2,2.7349999999999994,0
0,0,33,1,1,3,1.6739999999999995,0
0,0,21,0,1,2,1.3960000000000008,0
0,0,36,1,1,2,2.1169999999999973,0
0,0,39,4,1,2,3.405000000000001,0
0,0,42,1,1,1,8.043,0
0,0,35,4,1,2,3.1560000000000006,0
0,0,34,0,1,0,2.3550000000000004,0
0,0,32,1,1,0,2.4389999999999983,0
0,0,15,1,1,0,1.485000000000003,0
0,0,23,2,1,0,2.7239999999999966,0
0,0,18,0,1,2,1.7560000000000002,0
0,0,8,0,0,0,0.0,0
0,0,26,2,1,0,5.675000000000001,0
0,0,20,1,1,0,4.683000000000003,0
0,0,47,0,1,2,16.244,0
0,0,10,1,0,1,3.0379999999999967,0
0,0,16,0,1,0,2.115000000000002,0
0,0,31,4,1,2,3.442999999999998,0
0,0,20,0,1,0,2.0,0
0,0,10,0,0,0,1.1630000000000038,0
0,0,15,1,1,0,4.234,0
0,0,20,0,1,3,1.2800000000000002,0
0,0,35,1,1,2,1.689,0
0,0,20,1,1,1,2.112,0
0,0,17,3,1,1,2.599,0
0,0,46,1,1,4,2.280999999999999,0
0,0,38,2,1,1,1.9670000000000023,0
0,0,6,1,0,0,3.9179999999999993,0
1,0,5,1,0,0,2.5189999999999984,0
0,0,28,3,1,0,1.9230000000000018,0
0,0,6,0,1,0,2.637999999999998,1
0,0,18,0,1,0,2.033999999999999,0
1,0,16,1,1,0,2.003,0
0,0,8,0,0,0,1.8419999999999987,0
0,0,8,0,0,0,0.0,0
0,0,8,0,1,0,1.5210000000000008,1
1,0,37,1,1,0,1.6430000000000007,0
1,0,15,0,1,1,1.2360000000000042,0
1,0,44,3,1,0,2.6409999999999982,0
1,0,17,1,1,0,1.4840000000000018,0
0,0,8,0,0,0,0.0,0
1,0,21,0,1,0,3.955999999999996,0
0,0,41,3,1,0,2.115000000000002,0
0,0,34,2,1,0,1.8019999999999996,0
1,0,28,2,1,1,2.4029999999999987,0
0,0,10,0,0,0,2.0420000000000016,0
0,0,29,1,1,0,1.9269999999999996,0
1,0,28,2,1,1,1.9129999999999967,0
0,0,18,0,1,1,1.8350000000000009,0
0,0,40,4,1,1,3.436,0
0,0,13,1,1,0,2.3270000000000004,0
0,0,35,3,1,0,3.7239999999999993,0
0,0,46,3,1,2,1.9250000000000007,0
0,0,25,1,1,0,1.2300000000000004,0
0,0,28,0,1,1,2.5589999999999993,0
0,0,10,1,1,0,1.766,1
1,0,23,2,1,1,2.472999999999999,0
1,0,15,0,1,0,2.9220000000000006,1
0,0,23,1,1,0,1.3150000000000013,0
0,0,38,4,1,0,1.439,0
0,0,12,0,1,0,1.6050000000000004,0
0,0,23,0,1,1,1.875,0
0,0,15,0,1,0,0.0,0
0,0,27,3,1,1,1.6509999999999998,0
0,0,20,1,1,1,3.1149999999999984,0
0,0,40,2,1,0,2.4350000000000023,0
0,1,47,2,1,2,3.7689999999999984,0
0,0,45,1,1,1,2.2319999999999993,0
0,0,46,1,1,3,3.7659999999999982,0
1,0,33,2,1,1,1.916000000000004,0
0,0,24,3,1,1,1.3719999999999999,0
0,0,59,5,1,1,3.789999999999999,0
0,0,9,0,0,0,18.92,0
0,0,11,0,1,1,2.203999999999999,0
1,0,11,0,1,1,0.0,0
1,0,12,0,1,0,1.511000000000001,0
1,0,27,0,1,1,1.450000000000001,0
0,0,9,0,0,0,1.7539999999999978,0
0,0,15,0,2,0,5.042000000000002,0
0,0,11,0,1,0,21.524,0
0,0,8,0,0,0,3.5559999999999974,0
0,0,10,0,0,0,8.683999999999997,0
0,0,8,0,0,0,8.192000000000007,0
0,0,15,1,1,0,1.3580000000000005,0
0,0,9,0,0,0,0.0,0
0,0,30,1,1,1,4.845,0
1,0,27,1,1,1,3.641,1
0,0,26,0,1,1,1.517999999999999,0
0,0,13,1,1,1,16.011000000000003,0
0,0,31,1,1,2,1.4690000000000012,0
0,0,8,0,0,0,1.4409999999999954,0
0,0,18,3,1,0,0.0,0
0,0,38,4,1,2,2.196000000000005,0
0,0,25,2,1,2,3.401999999999994,1
0,0,10,0,0,0,6.721000000000004,0
0,0,8,0,0,0,3.0360000000000014,0
0,0,32,0,1,0,12.245999999999995,0
0,0,15,0,1,2,3.194,0
0,0,8,0,0,0,7.725,0
0,0,7,0,0,0,0.0,0
0,0,49,2,1,1,4.035000000000002,1
0,0,7,0,0,0,2.2399999999999984,0
0,0,21,1,1,0,7.367000000000001,1
1,0,51,1,1,1,3.521000000000001,0
1,0,12,0,0,1,3.1179999999999986,0
0,0,6,1,0,1,19.039,0
0,0,18,1,1,0,1.519999999999996,0
0,0,34,2,1,1,2.203000000000003,0
0,0,22,2,1,1,1.9960000000000022,0
0,0,46,4,1,1,2.596999999999994,0
1,0,25,2,1,0,2.044,0
0,0,12,0,0,0,5.281,0
0,0,15,1,1,0,1.593,0
0,0,21,0,1,0,3.5999999999999996,0
0,0,17,0,1,0,0.0,0
0,0,10,0,0,0,14.366000000000001,0
1,0,28,2,1,1,6.797000000000001,0
0,0,10,0,0,0,3.607999999999997,0
0,0,10,0,0,1,2.469000000000001,0
1,0,20,0,1,0,4.167000000000002,0
1,0,30,1,1,1,2.195999999999998,0
0,0,20,1,1,1,2.0870000000000033,0
0,0,3,0,0,0,0.0,0
0,0,20,0,1,0,2.5589999999999975,0
0,0,31,1,1,0,2.637999999999998,0
1,0,8,1,2,0,2.3530000000000015,0
0,0,9,0,0,1,0.0,0
0,0,31,0,1,1,2.3260000000000005,0
0,0,23,1,1,0,2.6420000000000003,0
0,0,15,1,1,0,1.6830000000000003,0
0,0,11,1,1,0,3.0349999999999993,0
1,0,21,2,1,0,10.844000000000001,0
1,0,32,3,1,0,3.637999999999998,0
0,0,10,0,0,0,1.3979999999999997,0
0,0,28,1,1,2,5.595000000000002,0
0,0,10,0,0,0,1.6799999999999997,0
0,0,37,1,1,0,3.4810000000000016,0
0,0,11,0,0,0,1.7639999999999958,0
0,0,18,0,1,1,1.2349999999999994,0
0,0,15,0,2,0,6.689,0
0,0,7,0,0,1,2.4710000000000036,0
0,0,9,0,0,0,1.485999999999997,0
0,0,19,1,1,0,1.1940000000000026,0
0,0,25,1,1,1,2.363999999999997,0
0,0,40,2,1,0,3.2379999999999995,0
0,0,29,2,1,0,2.1570000000000036,0
0,0,18,1,1,1,1.2010000000000005,0
1,0,22,2,1,0,5.920000000000002,0
0,0,18,0,1,1,1.2400000000000002,0
0,0,22,0,1,0,2.2859999999999996,0
0,0,19,1,2,0,1.3190000000000008,0
0,0,3,0,0,0,0.0,0
0,0,24,1,1,0,1.4849999999999994,0
0,0,9,1,1,0,1.9949999999999992,1
0,0,26,2,1,0,4.843,0
0,0,19,1,1,0,2.5150000000000006,1
0,0,34,3,1,0,12.645,0
0,0,30,1,1,1,2.2820000000000036,0
0,0,33,2,1,0,2.918999999999997,0
0,0,16,1,1,0,1.1510000000000034,0
0,0,46,2,1,1,2.519999999999996,0
0,0,10,0,0,0,7.689,0
0,0,33,1,1,4,8.999000000000002,0
0,0,20,0,4,0,1.6759999999999948,0
0,0,9,0,0,0,0.0,0
0,0,45,6,1,1,4.963999999999999,0
0,0,9,0,0,0,1.6470000000000002,0
0,0,24,3,1,0,0.0,0
0,0,16,1,1,0,1.5140000000000002,0
0,0,30,1,1,0,2.279,0
0,0,30,1,1,0,1.5969999999999995,0
0,0,24,2,1,0,2.4800000000000004,0
0,0,13,0,3,0,3.635,0
0,0,16,0,2,0,4.769000000000002,0
0,0,18,0,1,2,3.1259999999999977,0
1,0,23,1,1,1,1.5139999999999993,0
0,0,29,0,1,2,3.521000000000001,0
0,0,8,0,0,0,4.114999999999998,0
0,0,18,0,13,0,8.199000000000005,0
0,0,21,0,1,2,3.5629999999999953,0
0,0,9,0,0,0,0.0,0
0,0,10,0,0,1,17.112000000000002,0
1,0,16,0,1,1,3.8850000000000002,0
0,0,14,0,1,2,2.6820000000000004,0
0,0,8,0,0,0,2.443999999999999,0
0,0,8,0,0,1,0.0,0
0,0,20,0,1,1,2.671000000000001,0
0,0,20,0,1,2,0.0,0
0,0,9,0,0,0,6.845000000000001,0
0,0,10,0,0,0,3.1980000000000004,0
0,0,9,0,0,0,6.640999999999998,0
0,0,11,0,0,0,0.0,0
1,0,33,1,1,1,17.036,0
0,0,10,0,0,0,2.323999999999998,0
1,0,29,0,1,2,5.280000000000001,0
0,0,44,1,1,2,2.7550000000000026,1
0,0,50,3,1,1,2.3599999999999994,0
0,0,20,1,1,0,2.3259999999999996,1
0,0,9,0,0,0,0.0,0
0,0,47,1,1,1,1.2340000000000004,0
0,0,8,0,0,0,1.7199999999999998,0
1,0,12,1,0,1,5.006,0
1,0,12,1,1,0,23.004,0
0,0,18,1,1,2,1.1099999999999994,0
0,0,18,0,13,0,8.204999999999998,0
0,0,9,0,0,0,4.794000000000004,0
0,0,25,3,1,1,0.0,0
0,0,7,0,0,0,21.48599999999999,0
0,0,9,0,0,0,2.2749999999999986,0
0,0,38,0,1,1,5.679000000000002,0
0,0,10,0,0,0,2.2059999999999995,0
0,0,43,3,1,1,8.794,0
0,0,27,4,1,1,3.2860000000000014,0
1,0,39,1,1,0,10.442999999999998,0
0,0,9,0,0,1,2.636000000000003,0
0,0,20,0,1,3,0.0,0
0,0,16,0,1,1,1.2019999999999982,0
0,0,18,0,13,0,4.917999999999999,0
0,0,7,0,0,0,1.2759999999999962,0
1,0,22,0,1,1,4.486000000000004,0
0,0,9,0,0,0,3.7929999999999993,0
1,0,18,0,1,1,4.486,0
0,0,7,0,0,0,7.835,0
0,0,10,0,1,0,2.9189999999999987,1
0,0,10,0,0,0,4.16,0
1,0,14,2,1,1,11.684000000000005,0
0,0,8,0,0,0,0.0,0
0,0,40,1,1,1,2.4369999999999976,0
0,0,9,0,0,0,10.524999999999999,0
1,0,37,1,1,1,2.6739999999999995,0
0,0,11,0,0,0,8.169000000000004,0
1,0,28,0,1,1,26.230999999999995,0
1,0,22,0,1,1,0.0,0
1,0,32,2,1,2,4.399999999999999,0
0,0,7,0,0,1,6.687999999999999,0
0,0,10,0,0,0,2.2349999999999994,0
0,0,18,0,13,0,5.157000000000004,0
0,0,16,0,2,0,1.5259999999999962,0
0,0,7,0,0,1,15.399999999999999,0
0,0,50,0,1,3,20.522,0
0,0,22,0,1,1,2.682000000000002,0
0,0,49,4,1,3,2.6720000000000006,0
0,1,27,1,1,1,2.2459999999999987,0
1,0,35,2,1,2,1.6389999999999993,0
0,0,34,1,1,2,1.443999999999999,0
1,0,15,1,1,0,2.9529999999999994,0
0,0,20,0,1,0,0.0,0
0,0,34,2,1,1,2.922000000000004,0
0,0,52,2,1,2,2.6809999999999974,0
0,0,31,4,1,0,1.3590000000000018,0
1,0,17,1,1,1,2.958999999999996,0
0,0,32,1,1,2,2.166000000000004,0
0,0,40,2,1,1,2.918999999999997,0
0,0,22,0,1,0,2.0390000000000015,0
0,0,7,0,0,0,5.430999999999997,0
1,0,26,2,1,1,2.8840000000000003,0
0,0,13,0,1,0,1.436,0
0,0,44,3,1,2,-3540,0
0,0,36,2,1,0,1.641,0
1,0,21,0,1,1,1.6800000000000002,0
0,0,13,1,1,0,2.1959999999999997,0
1,0,19,2,1,0,27.964,0
0,0,11,1,1,1,1.4750000000000014,0
0,0,11,0,1,0,2.1610000000000014,0
1,0,6,0,0,0,6.080999999999996,0
0,0,9,0,2,0,1.7140000000000057,0
0,0,3,0,0,0,3.646000000000001,0
0,0,34,4,1,2,2.4009999999999962,0
0,0,4,0,0,1,1.1129999999999995,0
0,0,30,2,1,1,2.4549999999999983,0
0,0,25,2,1,2,2.504000000000005,0
0,0,36,2,1,1,2.8429999999999964,0
0,0,23,0,1,1,3.6849999999999996,0
0,0,14,0,1,0,0.0,0
1,0,4,1,0,1,2.596,0
1,0,15,1,1,2,0.0,0
0,0,11,0,1,0,1.2770000000000001,0
1,0,23,1,1,0,1.6039999999999992,0
0,0,25,3,1,1,2.1640000000000015,0
1,0,26,2,1,1,0.0,0
0,0,16,0,2,0,1.2720000000000002,0
1,0,31,1,1,1,2.7659999999999982,0
0,0,14,0,1,0,0.0,0
1,0,35,1,1,1,3.3160000000000025,0
0,0,17,0,1,0,0.0,0
0,0,28,1,1,1,3.0379999999999967,0
0,0,33,5,1,0,0.0,0
0,1,49,3,1,3,2.121000000000002,0
0,0,53,1,1,2,3.3279999999999994,0
0,0,36,0,1,2,1.9110000000000014,0
0,0,29,2,1,0,1.564,0
0,0,38,3,1,2,2.4840000000000018,0
0,0,13,0,1,0,1.5559999999999974,0
0,0,11,0,0,1,0.0,0
1,0,40,3,1,0,3.561,0
0,0,15,0,1,0,1.3999999999999986,0
0,0,10,2,0,1,3.3149999999999977,0
0,0,8,1,0,1,3.760000000000005,0
0,0,26,0,4,0,3.1610000000000014,0
0,0,7,0,0,1,6.678999999999995,0
1,0,5,0,0,0,7.199999999999996,0
0,0,30,3,1,0,1.9619999999999997,0
0,0,39,1,1,0,2.723,0
0,0,29,1,1,1,11.84,0
0,0,7,0,0,0,7.314,0
1,0,29,0,1,1,6.042999999999999,0
1,0,40,2,1,2,2.2450000000000045,0
0,0,25,0,1,1,3.558,0
0,0,41,3,1,0,1.9969999999999999,0
0,0,10,0,0,0,1.9599999999999937,0
0,0,28,3,1,0,2.2450000000000045,0
1,0,30,5,1,0,5.152999999999999,0
1,0,32,2,1,0,2.362000000000002,0
1,0,9,2,1,0,2.5649999999999977,0
0,0,10,0,0,0,0.0,0
0,0,16,1,1,1,1.8810000000000002,0
1,0,15,3,1,0,1.676000000000002,0
0,0,31,1,1,1,2.1260000000000003,0
0,0,8,1,0,1,2.874,0
0,0,11,1,1,0,0.0,0
1,0,16,1,1,0,3.3659999999999997,0
0,0,24,3,1,1,1.5099999999999998,0
0,0,7,0,0,0,1.3599999999999994,0
0,0,24,2,1,1,1.6090000000000018,0
0,0,16,0,1,1,2.350999999999999,0
0,0,22,1,1,1,1.689,0
0,0,33,3,1,3,4.155999999999999,0
0,0,27,2,1,1,1.3200000000000003,0
0,0,48,4,1,3,3.6739999999999995,0
0,0,23,1,1,0,2.0090000000000003,0
0,0,41,2,1,3,4.155000000000001,0
0,0,22,0,1,1,1.9590000000000032,0
0,0,23,0,1,1,2.887999999999998,0
0,0,13,0,1,1,2.1569999999999965,0
0,0,29,0,1,0,3.7210000000000036,0
0,0,40,2,1,1,4.311999999999998,0
0,0,15,1,1,0,2.9680000000000035,0
0,0,9,0,0,1,0.0,0
0,0,13,1,1,0,1.9919999999999973,0
0,0,24,0,1,0,2.2040000000000006,0
0,0,19,0,1,0,3.158999999999999,0
0,0,32,5,1,1,3.121000000000002,0
0,0,29,4,1,0,1.799,0
0,0,27,2,1,2,5.927000000000001,0
0,0,22,1,1,1,2.51,0
0,0,36,3,1,1,2.9239999999999995,0
0,0,9,0,1,0,1.4009999999999998,1
0,0,13,0,1,0,5.003000000000002,0
0,0,11,2,2,0,2.320999999999998,0
0,0,26,1,1,0,11.073,0
0,0,17,0,3,0,9.0,0
0,0,35,3,1,4,6.642000000000003,0
0,0,7,0,0,0,1.161999999999999,0
0,0,47,0,1,2,2.9939999999999998,0
0,0,9,0,1,0,1.205999999999996,1
1,0,31,2,1,2,1.6430000000000007,0
0,0,25,0,1,0,1.8340000000000032,0
0,0,11,1,1,0,2.7719999999999985,0
0,0,58,0,1,1,2.08,0
0,0,20,0,1,0,2.994,0
0,0,38,2,1,1,2.9610000000000003,0
0,0,29,2,1,0,1.7590000000000003,0
0,0,16,2,1,0,1.190999999999999,0
0,0,23,3,1,2,1.7650000000000006,0
0,0,32,3,1,2,3.7989999999999995,0
0,0,32,2,1,0,6.3580000000000005,0
0,0,34,2,1,1,24.197999999999997,0
0,1,67,0,1,1,4.522000000000006,0
0,0,31,2,1,2,3.0389999999999944,0
0,0,23,0,1,1,2.2830000000000013,0
0,0,29,0,1,1,1.8049999999999997,0
1,0,7,0,1,0,2.0300000000000002,0
0,0,28,1,1,0,4.686,0
0,0,34,1,1,1,4.597,0
0,0,25,2,1,0,5.887999999999998,0
1,0,31,4,1,0,0.0,0
0,0,22,2,1,0,4.720000000000002,0
0,0,39,3,1,1,2.317,0
0,1,20,1,1,0,2.4719999999999978,0
1,0,19,2,1,0,1.5310000000000024,0
0,0,22,3,1,0,2.8379999999999974,0
0,0,24,3,1,0,3.317,0
0,0,31,4,1,1,2.521000000000001,0
0,0,38,1,1,1,3.5549999999999997,0
0,0,36,3,1,0,4.597999999999999,0
1,0,19,2,1,0,4.530000000000001,0
0,0,20,0,1,0,3.439,0
0,0,9,0,1,0,2.914999999999999,1
0,0,23,1,1,1,3.076999999999998,0
0,0,19,4,1,0,2.8830000000000027,0
1,0,25,0,1,0,3.64,0
0,0,36,3,1,1,6.852,0
0,0,8,3,0,0,1.4349999999999987,0
1,0,15,1,1,0,2.554000000000002,0
1,0,37,3,1,0,3.3959999999999972,0
0,0,26,2,1,0,2.4400000000000013,0
1,0,13,0,1,0,0.0,0
0,0,24,0,1,0,2.7280000000000015,0
0,0,26,0,1,1,2.9959999999999987,0
0,0,15,1,1,0,2.6759999999999984,0
0,0,18,2,1,0,2.480000000000004,0
0,0,5,0,0,1,1.8449999999999989,0
0,0,32,3,1,0,3.0450000000000017,0
0,0,14,1,1,0,3.1939999999999955,0
0,0,38,2,1,3,8.201999999999998,0
0,0,23,2,1,1,2.953000000000003,0
0,0,32,4,1,0,3.610999999999997,0
0,0,19,0,1,1,3.4380000000000024,0
0,0,15,0,1,1,4.642000000000003,0
0,0,30,1,1,0,4.273999999999999,0
0,0,52,4,1,0,5.4830000000000005,0
0,0,24,2,1,2,4.241,0
0,0,13,0,1,1,2.6310000000000002,0
1,0,52,1,1,0,8.163,0
1,0,17,2,1,0,8.279,0
1,0,47,3,1,0,8.518,0
0,0,44,2,1,1,3.3659999999999997,0
0,0,49,1,1,1,3.161999999999999,0
0,0,20,1,1,0,2.113999999999997,0
0,0,47,2,1,1,2.081000000000003,0
0,0,27,1,1,3,3.801000000000002,0
0,0,34,3,1,1,1.76,0
0,0,37,4,1,2,1.8359999999999999,0
1,0,18,2,1,0,3.441,0
0,0,40,3,1,1,2.282000000000001,0
0,0,22,2,1,1,2.2439999999999998,0
0,0,45,2,1,0,2.6839999999999993,0
1,0,50,3,1,1,2.516,0
0,0,25,0,1,0,2.474,0
0,0,45,2,1,2,1.4050000000000011,0
0,0,33,3,1,1,1.2799999999999976,0
0,0,27,3,1,1,2.3540000000000028,0
1,0,24,2,1,0,0.0,0
1,0,23,1,1,0,1.320999999999998,0
1,0,30,1,1,2,1.439,0
1,0,46,1,1,0,2.3610000000000007,0
0,0,86,3,1,2,8.399999999999999,1
0,0,23,1,1,0,4.880000000000003,0
0,0,29,1,1,1,2.0549999999999997,0
0,1,53,5,1,1,2.549999999999997,0
0,0,28,1,1,0,2.6739999999999995,0
0,0,27,2,1,1,0.0,0
0,0,24,1,1,1,5.010000000000005,0
0,0,12,0,1,2,2.1509999999999962,0
0,0,13,0,1,2,9.240000000000002,0
0,0,19,0,1,0,4.29,0
1,0,14,2,1,1,2.5939999999999994,0
0,0,21,2,1,1,1.2360000000000007,0
0,0,28,0,1,1,4.168000000000001,0
0,0,33,1,1,3,1.6759999999999984,0
1,0,39,3,1,1,2.8810000000000002,0
1,0,33,1,1,0,1.490000000000002,0
0,0,24,1,2,0,1.5139999999999993,0
0,0,25,1,1,1,2.6799999999999997,0
0,0,34,3,1,0,1.725999999999999,0
0,0,25,0,1,2,1.6280000000000037,0
0,0,55,2,1,3,2.2919999999999945,0
0,0,30,1,1,1,1.264000000000003,0
0,0,30,0,1,0,1.3599999999999994,0
0,0,30,0,1,0,1.7310000000000016,0
0,0,32,1,1,0,1.9519999999999982,0
0,0,19,2,1,0,1.9209999999999994,0
0,0,30,2,1,0,2.246000000000002,0
0,0,40,1,1,0,4.678999999999995,0
0,0,9,1,1,0,2.9570000000000007,0
1,0,36,1,1,0,1.764000000000003,0
0,0,37,3,1,1,3.1129999999999995,0
0,0,21,0,1,0,1.881999999999998,0
0,0,14,1,1,0,1.436,0
0,0,15,2,1,0,2.684,0
0,0,24,1,1,0,2.8859999999999997,0
0,0,40,2,1,1,3.1110000000000007,0
0,0,21,2,1,1,4.119999999999999,0
0,0,30,2,1,2,0.0,0
0,0,37,5,1,3,2.405000000000001,0
0,0,36,2,1,1,2.474999999999998,0
0,0,57,0,1,1,3.118000000000002,0
0,0,22,1,1,0,3.570999999999998,0
0,0,25,1,1,1,5.0340000000000025,0
1,0,47,4,1,3,2.277000000000001,0
0,0,8,0,0,0,1.198999999999998,0
0,0,5,0,0,1,1.6839999999999975,0
0,0,25,2,1,0,3.521000000000001,0
0,0,14,1,1,0,0.0,0
0,0,19,1,1,0,2.3200000000000003,0
0,0,29,0,1,1,7.874000000000002,0
0,0,16,0,1,0,3.966000000000001,0
0,0,53,1,1,2,3.6799999999999997,0
0,0,17,0,1,0,1.4009999999999962,0
0,0,23,0,1,0,1.2340000000000018,0
0,0,15,1,1,1,1.764000000000003,0
0,0,33,2,1,1,2.364,0
0,0,60,1,1,1,6.2330000000000005,0
0,0,44,3,1,1,3.3279999999999994,0
0,0,41,3,1,2,2.7159999999999993,0
0,0,34,0,1,0,1.604000000000001,0
1,0,26,2,1,0,1.440999999999999,0
0,0,46,2,1,1,2.475999999999999,0
0,0,53,5,1,3,2.8000000000000007,0
0,0,66,4,1,2,3.4830000000000005,0
1,0,37,2,1,1,1.311,0
0,0,17,0,1,0,1.644000000000002,0
0,0,32,4,1,1,1.6049999999999969,0
0,0,59,5,1,5,2.192,0
0,0,54,4,1,1,2.774000000000001,0
1,0,6,0,0,0,1.0249999999999986,0
0,0,44,0,1,1,1.8389999999999986,0
0,0,39,2,1,2,2.1240000000000023,0
0,0,24,3,1,1,1.2830000000000013,0
1,0,22,2,1,0,1.2000000000000028,0
0,0,35,1,1,2,1.9969999999999999,0
0,0,43,3,1,1,1.9159999999999968,0
1,0,8,0,1,2,1.4810000000000016,0
0,0,16,1,1,1,2.4450000000000003,0
1,0,19,3,1,1,1.3200000000000003,0
0,0,49,3,1,2,2.434999999999995,0
0,0,47,1,1,3,2.2020000000000053,0
0,0,27,0,1,1,1.2779999999999987,0
0,0,17,0,1,0,1.6400000000000006,0
0,0,31,0,1,2,1.604,0
0,1,40,2,1,0,1.4009999999999998,0
0,0,26,3,1,0,1.154,0
0,0,17,1,1,0,2.242,0
0,0,39,3,1,1,2.6420000000000012,0
0,0,22,1,1,1,1.4419999999999984,0
0,0,45,3,1,0,3.3580000000000005,0
0,0,31,4,1,2,2.9979999999999993,0
0,1,55,2,1,1,3.7280000000000015,1
0,0,43,2,1,0,3.751999999999999,0
0,0,28,1,1,0,1.6430000000000007,0
0,0,32,1,1,1,2.277000000000001,0
0,0,34,1,1,1,2.888999999999996,0
0,0,26,3,1,2,3.3910000000000053,0
0,0,37,4,1,2,6.247,1
0,0,37,2,1,0,2.110999999999997,0
1,0,24,2,1,1,1.2809999999999988,0
1,0,22,2,1,0,2.530000000000001,0
0,0,17,0,1,1,3.4380000000000024,0
0,0,15,1,1,1,1.475999999999999,0
0,0,25,0,1,0,2.7560000000000002,0
0,0,14,0,1,1,0.0,0
0,0,30,1,1,1,2.202999999999996,0
0,0,38,2,1,3,2.318000000000005,0
0,0,31,1,1,0,2.086,0
0,0,54,3,1,2,2.2479999999999998,0
0,0,21,3,1,2,1.3550000000000004,0
0,0,32,0,1,1,2.1519999999999992,0
0,0,20,0,1,0,2.2070000000000007,0
0,0,25,0,1,0,4.118,0
1,0,4,0,0,0,1.238999999999999,0
1,0,42,3,1,0,3.998000000000001,0
0,0,24,1,1,0,5.405000000000001,0
0,0,65,4,1,3,3.353999999999999,0
0,0,21,0,1,1,1.355999999999998,0
0,0,41,0,1,0,1.7660000000000018,0
0,0,43,3,1,3,2.8049999999999997,0
0,0,35,3,1,1,2.5889999999999986,0
0,0,18,2,1,2,1.3260000000000005,0
0,0,40,3,1,2,2.719999999999999,0
0,0,15,0,1,0,3.478999999999999,0
0,0,28,5,1,0,11.96,0
0,0,46,0,1,2,2.203000000000003,0
0,0,31,3,1,1,1.2379999999999995,0
0,0,37,2,1,0,1.6389999999999958,0
0,0,38,2,1,0,1.7600000000000002,0
0,0,16,2,1,0,1.2759999999999998,0
0,0,31,2,1,3,2.3280000000000003,0
0,0,32,2,1,0,1.3570000000000002,0
0,0,52,2,1,2,2.282,0
0,0,34,2,1,0,2.241999999999999,0
1,0,30,0,1,1,1.436,0
0,0,28,2,1,1,1.9979999999999993,0
1,0,22,3,1,0,1.3170000000000002,0
0,0,41,2,1,2,3.242000000000001,0
0,0,40,2,1,2,5.0859999999999985,0
0,0,22,3,1,0,1.9550000000000018,0
0,0,63,6,1,1,2.8870000000000005,0
0,0,3,0,0,0,1.3500000000000014,0
0,0,22,1,1,1,2.1639999999999944,0
0,0,10,0,1,1,2.5160000000000053,0
0,0,23,0,1,0,19.803999999999995,0
0,0,19,1,1,2,3.8760000000000048,0
0,0,43,2,1,2,4.72,0
0,0,33,2,1,3,2.5300000000000002,0
0,0,24,2,1,1,2.117000000000001,0
0,0,23,2,1,0,2.237,0
0,0,53,2,1,3,4.0809999999999995,0
1,0,41,3,1,1,3.4029999999999987,0
0,0,21,1,1,1,1.2379999999999995,0
0,0,40,2,1,1,2.3540000000000028,0
0,0,35,2,1,1,1.2449999999999974,0
0,0,32,2,1,2,2.276,0
1,0,19,0,1,0,2.5680000000000014,0
0,0,39,2,1,1,3.0009999999999977,0
0,0,46,1,1,1,3.270000000000003,0
0,0,32,1,1,0,1.490000000000002,0
0,0,16,1,1,0,3.7989999999999995,0
0,0,9,0,0,0,2.8810000000000002,0
1,0,8,1,2,0,10.515999999999998,0
0,0,10,0,0,0,1.4739999999999966,0
1,0,5,0,0,0,6.359999999999999,0
0,0,11,0,0,1,1.8860000000000001,0
0,0,9,0,0,0,11.033000000000001,0
0,0,49,3,1,3,4.567999999999998,0
0,1,45,3,1,2,2.593,0
0,0,36,3,1,1,3.4090000000000025,0
0,0,4,0,0,0,1.3959999999999972,0
0,0,9,0,0,0,1.3540000000000028,0
0,0,15,2,1,1,1.6899999999999977,0
0,0,14,1,1,1,2.2749999999999986,0
0,0,35,2,1,1,2.044000000000004,0
0,0,33,1,1,0,2.073999999999998,0
0,0,28,2,1,2,1.7220000000000013,0
1,0,9,0,1,0,1.360999999999997,0
0,0,20,0,1,1,1.5650000000000048,0
0,0,43,3,1,2,1.908999999999999,0
0,0,23,1,1,1,1.5649999999999977,0
0,0,25,1,1,1,1.4810000000000016,0
0,0,9,0,0,0,3.4439999999999955,0
0,0,15,0,1,2,1.794000000000004,0
1,0,14,0,1,0,6.851999999999997,0
1,0,17,1,1,0,1.071000000000005,0
0,0,39,1,1,1,3.436,0
0,0,20,2,1,0,1.2040000000000002,0
0,0,18,0,1,0,1.3599999999999999,0
1,0,22,1,1,0,3.3199999999999994,0
0,0,14,1,1,0,0.0,1
0,0,54,3,1,1,4.799000000000001,0
1,0,18,0,1,0,1.8449999999999989,0
0,0,9,1,1,2,1.3149999999999995,0
0,0,17,4,1,1,2.2409999999999997,0
0,0,52,2,1,3,3.5600000000000023,0
0,0,37,1,1,2,3.2360000000000007,0
0,0,32,2,1,1,2.279,0
0,0,25,2,1,2,2.407,0
0,0,33,0,1,1,2.4719999999999978,0
0,0,18,1,1,0,1.9650000000000034,0
0,0,15,0,1,0,1.7149999999999963,0
0,0,13,1,1,0,1.9650000000000034,0
1,0,35,1,1,0,2.201999999999998,0
0,0,16,0,1,0,2.600999999999999,0
0,0,20,2,1,0,2.487000000000002,0
0,0,22,0,1,1,1.1499999999999986,0
0,0,17,0,1,0,2.801000000000002,0
0,0,29,1,1,0,4.794999999999995,0
0,0,21,2,1,0,0.0,0
0,0,20,0,1,1,4.998000000000005,0
0,0,16,0,1,1,0.0,0
1,0,22,1,1,1,3.0009999999999977,0
0,0,15,0,1,0,1.9999999999999996,0
0,0,19,1,1,0,3.325,0
0,0,34,1,1,0,2.442,0
0,0,31,1,1,0,3.6799999999999997,0
0,0,24,1,1,1,13.520000000000001,0
1,0,8,0,1,0,8.193000000000001,0
0,0,19,0,2,0,1.8900000000000006,0
0,0,37,1,1,0,3.553999999999995,0
1,0,6,0,0,0,1.161999999999999,0
0,0,36,2,1,0,4.409000000000006,0
0,0,8,0,1,1,1.070999999999998,0
0,0,27,2,1,1,3.4840000000000018,0
0,0,26,1,1,0,2.5189999999999984,0
0,0,36,3,1,0,3.1909999999999954,0
0,0,25,1,1,1,1.166000000000004,0
0,0,3,0,0,0,1.314,0
1,0,38,1,1,1,1.5989999999999966,0
0,0,7,0,1,0,1.2409999999999999,0
0,0,43,4,1,2,2.605,0
0,0,12,1,1,1,1.6399999999999997,0
0,0,18,1,1,0,1.1610000000000005,0
0,0,33,2,1,0,2.5230000000000006,0
0,0,21,2,1,1,1.3559999999999999,0
0,0,26,0,1,0,2.083,0
0,0,10,0,1,0,1.5919999999999987,0
0,0,46,2,1,2,1.9590000000000014,0
0,0,28,1,1,1,1.8960000000000008,0
0,0,44,3,1,2,1.1049999999999969,0
0,0,29,0,1,1,1.689,0
0,0,34,1,1,0,1.6700000000000017,0
0,0,9,0,0,0,3.6469999999999985,0
0,0,8,0,0,0,5.393999999999998,0
0,0,15,0,1,0,2.727000000000004,0
1,0,15,2,1,1,2.878999999999998,0
0,0,8,0,0,0,2.439,0
0,0,30,1,1,1,7.878,0
0,0,36,4,1,0,1.6460000000000008,0
0,0,32,3,1,1,1.1570000000000036,0
0,0,9,0,0,0,1.2339999999999947,0
0,0,15,2,1,0,1.2000000000000028,0
0,0,7,0,0,0,10.879999999999995,0
0,0,29,0,1,2,2.1690000000000005,0
1,0,31,3,1,1,10.91,0
0,0,30,3,1,0,3.0489999999999995,0
0,0,23,1,1,1,1.5219999999999985,0
0,0,29,2,1,1,1.309000000000001,0
0,0,8,0,1,0,4.286999999999999,0
0,0,31,1,1,1,13.518,0
0,0,14,0,1,0,1.6360000000000028,0
0,0,37,3,1,1,12.439,1
0,0,53,2,1,1,3.25,0
1,0,27,1,1,1,1.3969999999999985,0
0,0,11,1,1,1,1.1940000000000026,0
0,0,4,0,0,0,2.24,0
0,0,19,0,1,1,1.9999999999999996,0
0,0,17,0,1,2,13.719,0
0,0,10,0,0,0,3.3210000000000015,0
0,0,16,0,1,1,7.402999999999999,0
1,0,54,1,1,2,6.7230000000000025,0
1,0,8,0,2,0,16.914,0
1,0,45,3,1,1,1.9239999999999995,0
0,0,15,0,1,0,1.161999999999999,0
1,0,21,0,1,2,2.0799999999999983,0
0,0,17,0,3,0,20.922000000000004,0
0,0,18,0,13,0,14.392,0
0,0,33,3,1,1,3.728999999999999,0
0,0,39,2,1,0,1.7100000000000009,0
1,0,62,2,1,1,8.131,0
1,0,44,1,1,0,2.0379999999999967,0
0,0,9,0,0,0,32.276999999999994,0
0,0,11,0,0,0,10.205000000000002,0
0,0,41,4,1,2,3.2369999999999983,0
0,0,20,3,1,0,1.7929999999999993,0
0,0,34,2,1,1,1.804000000000002,0
0,0,24,2,1,0,1.1559999999999988,0
0,0,14,1,1,0,0.0,0
0,0,31,2,1,1,1.399000000000001,0
1,0,30,2,1,0,1.6799999999999997,0
0,0,41,3,1,0,2.2820000000000036,0
0,0,22,1,1,0,14.526999999999994,0
1,0,23,2,1,0,2.081000000000003,0
1,0,11,0,1,0,9.271,0
1,0,21,2,1,0,1.5239999999999991,0
0,0,15,0,2,0,1.2759999999999998,0
0,0,17,2,1,1,4.726000000000001,0
0,0,8,0,0,0,13.122,0
1,0,4,1,0,0,0.0,0
1,0,17,2,1,0,5.032,0
1,0,45,4,1,1,3.530000000000001,0
1,0,24,2,1,0,1.4699999999999989,0
1,0,10,0,0,1,1.1599999999999966,0
0,0,8,1,1,1,3.0,0
0,0,22,2,1,1,1.6000000000000014,0
1,0,24,1,1,0,2.804000000000002,0
0,0,18,0,13,0,2.7560000000000002,0
0,0,8,0,0,0,8.200000000000003,0
0,0,9,0,0,0,19.089,0
0,0,9,0,1,0,10.161000000000001,0
0,0,29,2,1,0,1.7930000000000028,0
0,0,37,0,1,1,2.364999999999995,0
1,0,27,1,1,0,2.039999999999999,0
0,0,27,3,1,0,1.6810000000000045,0
0,0,13,0,1,0,2.3909999999999982,0
0,0,41,3,1,0,4.725000000000001,0
0,0,18,2,1,0,1.1300000000000026,0
0,0,41,2,1,0,2.151999999999994,0
0,0,15,1,1,0,6.158000000000001,0
0,0,6,1,0,0,1.561,0
0,0,16,0,1,2,2.439,0
0,0,32,1,1,0,1.5590000000000046,0
0,0,43,2,1,1,2.476,1
1,0,32,1,1,0,4.365,0
1,0,16,1,1,1,3.7640000000000002,0
0,0,16,2,1,0,0.0,0
0,0,60,2,1,1,2.4770000000000003,0
0,0,21,1,1,2,1.443999999999999,0
0,0,39,3,1,1,1.6850000000000023,0
0,0,26,1,1,0,1.9469999999999992,0
0,0,34,5,1,2,2.6529999999999987,0
1,0,31,2,1,1,1.3099999999999987,0
1,0,21,0,1,3,1.1610000000000014,0
0,0,39,3,1,2,2.282,0
0,0,20,1,1,0,1.350999999999999,0
0,0,33,2,1,1,4.364000000000001,0
0,0,59,4,1,3,3.325000000000003,0
0,0,17,3,1,0,1.277000000000001,0
0,0,3,0,0,0,5.434999999999995,0
0,0,21,1,1,0,2.0420000000000016,0
0,0,14,0,1,1,0.0,0
0,0,58,3,1,4,4.207000000000001,0
0,0,12,0,1,0,3.0060000000000002,0
0,0,33,1,1,0,1.1499999999999986,0
0,0,58,5,1,0,3.155000000000001,0
0,0,56,7,1,2,4.165999999999997,0
0,0,27,1,1,1,2.8030000000000044,0
0,0,29,1,1,2,1.5999999999999996,0
0,0,22,0,1,1,2.08,0
0,0,64,1,1,2,3.8770000000000007,0
0,0,15,0,1,1,1.154,0
1,0,55,2,1,0,6.48,0
1,0,18,0,1,0,1.8829999999999991,0
0,0,42,3,1,0,1.8399999999999999,0
0,0,28,0,1,1,4.045999999999999,0
0,0,41,3,1,1,2.112000000000002,0
0,0,52,6,1,0,3.2079999999999984,0
1,0,18,2,1,0,1.5550000000000033,0
0,0,59,3,1,1,3.4029999999999987,0
0,0,24,0,1,0,1.2079999999999984,0
0,0,35,2,1,2,1.7879999999999967,0
0,0,69,3,1,4,3.6380000000000052,0
0,0,11,1,1,0,2.1999999999999957,1
0,0,30,1,1,0,0.0,0
1,0,14,1,1,0,3.679000000000002,0
0,0,67,4,1,1,3.128999999999998,0
0,0,49,3,1,0,2.0860000000000056,0
0,0,30,3,1,0,1.9919999999999973,0
0,0,21,1,1,2,1.713000000000001,0
0,0,42,1,1,1,3.490000000000002,0
0,0,13,3,1,0,2.229,0
0,0,16,1,1,0,6.89,0
0,0,25,0,1,0,2.9939999999999998,0
0,0,32,2,1,0,22.644000000000002,0
0,0,40,1,1,1,3.5589999999999975,0
0,0,25,2,1,0,1.8370000000000033,0
0,0,10,0,0,0,1.4420000000000002,0
0,0,48,2,1,2,5.000999999999998,0
1,0,14,0,1,1,1.6779999999999973,0
0,0,12,3,1,1,1.8860000000000028,0
0,0,20,2,1,0,2.1169999999999973,0
0,0,27,1,1,1,2.433,0
0,0,147,8,1,5,14.521000000000008,1
0,0,15,1,1,0,1.4489999999999998,0
0,0,18,0,1,1,1.998000000000001,0
0,0,31,2,1,1,2.3549999999999986,0
0,0,47,3,1,1,3.5600000000000005,0
0,0,7,0,0,0,2.5970000000000013,0
0,0,23,1,1,0,3.969999999999999,1
0,0,9,0,0,0,1.1900000000000013,0
0,0,8,0,0,0,22.688,0
0,0,8,0,0,1,13.032000000000004,0
0,0,33,2,1,1,5.321,0
0,0,35,1,1,3,2.843,0
0,0,64,4,1,0,3.9610000000000003,0
0,0,24,2,1,0,4.196999999999999,0
1,0,20,1,1,1,0.0,0
1,0,21,0,1,1,2.245000000000001,0
0,0,23,2,1,1,0.0,0
0,0,33,1,1,0,1.2729999999999997,0
1,0,11,0,1,0,1.4899999999999984,0
1,0,23,1,1,0,1.3500000000000014,0
0,0,20,1,1,0,1.809000000000001,0
0,0,24,3,1,0,1.4749999999999979,0
0,0,59,4,1,2,2.561,0
0,0,43,4,1,2,1.9700000000000024,0
1,0,39,2,1,0,1.3889999999999958,0
0,0,38,1,1,0,2.6750000000000043,0
1,0,26,2,1,0,0.0,0
0,0,14,0,1,0,4.530999999999999,0
0,0,15,0,2,0,0.0,0
1,0,16,1,1,0,2.872,0
0,0,9,0,0,1,0.0,0
1,0,7,0,0,0,7.283999999999999,0
0,0,8,0,0,0,0.0,0
1,0,13,1,1,0,1.6340000000000003,0
1,0,27,1,3,0,1.9690000000000012,1
0,0,25,1,1,1,3.350999999999999,0
0,0,7,0,0,0,8.083000000000006,0
0,0,22,2,1,1,0.0,0
0,0,11,0,1,2,1.322000000000001,0
0,0,10,0,0,0,2.0410000000000004,0
0,0,8,0,0,0,2.074,0
0,0,8,0,0,0,2.2849999999999984,0
1,0,5,1,0,0,5.720000000000002,0
0,0,10,0,0,0,17.8,0
0,0,20,3,1,0,69.11499999999998,0
0,0,4,0,0,0,2.4100000000000037,0
0,0,10,1,2,0,1.4690000000000012,0
0,0,7,0,0,0,2.4469999999999956,0
0,0,13,0,1,0,3.520000000000003,0
1,0,23,1,1,0,4.119,0
0,0,24,2,1,1,0.0,0
0,0,70,5,1,3,3.9549999999999996,0
1,0,14,1,1,0,1.96,0
0,0,57,0,1,0,2.7300000000000004,0
0,0,35,1,1,1,1.3889999999999993,0
0,0,45,4,1,3,2.282,0
0,0,27,0,1,0,2.2540000000000013,0
0,0,23,2,1,0,0.0,0
0,0,34,0,1,0,2.469999999999999,0
0,0,34,2,1,2,1.3550000000000004,0
0,0,10,1,1,0,1.399000000000001,0
1,0,39,1,1,0,2.3230000000000004,0
0,0,31,2,1,1,2.8019999999999996,0
0,0,24,1,1,0,2.279,0
0,0,40,1,1,1,1.9199999999999982,0
0,0,32,1,1,1,2.4430000000000014,0
1,0,19,0,1,0,1.639000000000003,0
0,0,44,4,1,0,9.084999999999994,1
0,0,28,1,1,0,3.0350000000000037,0
0,0,21,4,1,1,2.4780000000000015,0
0,0,11,2,1,0,1.5210000000000008,0
0,0,15,0,1,0,0.0,0
0,0,38,5,1,2,1.634999999999998,0
0,0,39,1,1,3,2.4819999999999993,0
0,0,50,2,1,1,2.206000000000003,0
0,0,52,4,1,1,2.313999999999993,0
0,0,26,0,1,0,1.9180000000000064,0
1,0,14,0,1,0,0.0,0
1,0,8,0,2,0,2.3609999999999998,0
1,0,12,0,1,0,2.324,0
0,0,31,1,1,0,3.764000000000001,0
0,0,50,2,1,0,2.5969999999999995,0
0,0,25,1,1,0,3.282,0
0,0,13,0,1,0,1.5969999999999995,0
0,0,19,1,1,0,2.0060000000000002,0
1,0,29,2,1,0,2.071999999999999,0
0,0,4,0,0,0,1.1580000000000013,0
1,0,14,0,1,0,0.0,0
0,0,16,1,1,1,1.5999999999999979,0
0,0,24,1,1,0,1.2000000000000028,0
0,0,25,1,1,0,3.8089999999999975,0
0,0,51,2,1,0,4.670000000000002,0
1,0,17,1,1,0,2.0450000000000017,0
0,0,270,13,1,7,32.757999999999996,1
0,0,37,0,1,0,2.3979999999999997,0
0,0,110,7,1,2,10.53,1
0,0,6,0,0,0,15.95,0
0,0,10,0,1,0,1.8790000000000049,0
0,0,14,0,1,0,2.806999999999995,0
0,0,18,1,1,0,2.3629999999999995,0
0,0,34,0,1,2,16.910000000000004,0
0,0,45,2,1,0,6.803999999999999,0
0,0,60,1,1,2,2.1959999999999997,0
0,0,36,1,1,1,2.176,0
0,0,30,1,1,2,1.4350000000000005,0
0,0,40,2,1,0,1.7089999999999996,0
0,0,36,2,1,1,1.6500000000000004,0
0,0,35,2,1,2,2.5109999999999992,0
0,0,34,0,1,0,7.481000000000002,0
0,0,41,2,1,3,2.4849999999999994,0
0,0,33,2,1,0,2.242000000000001,0
0,0,39,1,1,1,2.796999999999997,0
0,0,22,0,1,1,2.603999999999999,0
0,0,27,0,1,1,1.791000000000004,0
1,0,40,3,1,0,3.1629999999999967,0
0,0,26,0,4,0,2.6840000000000046,0
0,0,10,0,1,1,4.957000000000001,0
0,0,19,1,1,1,1.5999999999999943,1
0,0,61,2,1,2,3.355000000000004,0
0,0,41,4,1,1,1.7199999999999989,0
0,0,46,1,1,0,3.3689999999999998,0
0,0,35,1,1,0,2.236,0
0,0,47,1,1,1,5.6819999999999995,0
0,0,24,1,1,2,2.5570000000000004,0
0,0,30,2,1,0,2.319000000000001,0
0,0,33,0,1,1,3.3599999999999994,0
0,0,29,0,1,1,9.117999999999999,0
0,0,39,2,1,0,2.9200000000000017,0
0,0,34,2,1,0,2.4399999999999977,0
0,0,30,1,1,0,2.567,0
1,0,16,3,1,0,7.518999999999998,0
1,0,8,3,0,0,2.1140000000000043,0
1,0,6,0,0,0,1.240000000000002,0
1,0,14,1,2,0,2.4399999999999977,0
0,0,5,1,0,0,1.205999999999996,0
0,0,48,2,1,1,1.8420000000000059,0
0,0,55,2,1,2,2.271000000000001,0
0,0,12,1,1,0,2.4479999999999933,0
0,0,20,0,1,1,1.318000000000005,0
1,0,19,2,1,0,6.234999999999999,0
0,0,30,1,1,1,1.5640000000000003,0
0,0,19,0,1,1,3.2809999999999997,0
0,0,34,2,1,1,0.0,0
0,1,41,4,1,1,1.9969999999999999,0
0,0,23,0,1,1,2.5180000000000007,0
0,0,18,0,1,0,3.8889999999999993,0
1,0,22,2,1,0,3.6310000000000002,0
0,0,20,0,4,0,2.6030000000000015,0
0,0,19,0,1,2,3.3989999999999974,0
0,0,8,0,2,0,0.0,0
0,0,46,1,1,2,7.038,0
0,0,36,1,1,0,1.9619999999999997,0
1,0,34,0,1,2,6.125,0
1,0,36,0,1,0,1.3520000000000039,0
0,0,22,1,1,1,1.6499999999999986,0
0,0,5,0,0,0,2.277000000000001,0
1,0,49,3,1,4,2.9229999999999947,0
0,0,44,3,1,1,2.3970000000000056,0
0,0,38,1,1,0,1.8419999999999987,0
1,0,42,1,1,1,3.2349999999999994,0
0,0,41,0,1,2,2.7959999999999994,0
1,0,5,1,0,0,5.806999999999995,0
1,0,41,1,1,0,3.234,0
0,0,49,1,1,0,2.3690000000000007,0
0,0,31,1,1,2,1.520999999999999,0
0,0,34,0,1,1,1.5490000000000013,0
0,0,25,1,1,0,2.8439999999999994,0
0,0,11,0,1,1,7.636999999999999,0
0,0,18,0,13,0,5.125,0
1,0,3,0,0,0,5.000999999999998,0
1,0,26,0,1,0,6.884,0
0,0,18,0,13,0,3.514000000000003,0
1,0,4,0,0,0,1.6360000000000028,0
0,0,8,0,0,0,1.803999999999995,0
0,0,15,0,1,0,2.004000000000005,0
0,0,10,0,1,0,6.716999999999999,0
0,0,40,2,1,0,2.521000000000001,0
0,0,39,2,1,1,2.2010000000000005,0
0,0,10,0,2,0,1.352,0
0,0,9,0,0,1,3.2809999999999997,0
0,0,17,0,1,1,4.33,0
0,0,13,0,1,2,13.07,0
1,0,19,1,1,1,4.759,0
0,0,70,0,1,1,2.242000000000001,0
0,0,37,1,1,1,1.3179999999999978,0
0,0,10,0,0,0,4.121000000000002,0
0,0,24,0,1,0,2.289999999999999,0
1,0,17,1,1,0,1.6749999999999972,0
0,0,23,3,1,0,3.200000000000003,0
0,0,18,3,1,0,2.6030000000000015,0
0,0,13,0,3,0,3.7560000000000002,0
0,0,18,0,13,0,4.5959999999999965,0
0,0,8,0,0,0,4.285000000000004,0
0,0,10,0,0,0,4.445,0
0,0,11,0,0,0,3.4749999999999996,0
0,0,10,0,0,1,4.515,0
0,0,10,0,0,0,2.6900000000000013,0
0,0,7,1,0,1,17.994999999999997,0
0,0,43,2,1,2,2.5600000000000023,0
0,0,9,0,0,0,5.0,0
0,0,18,0,1,0,9.003999999999998,0
1,0,58,3,1,4,7.912999999999997,1
0,0,40,1,1,2,5.601000000000006,0
0,0,35,1,1,3,2.6449999999999996,0
0,0,31,2,1,2,1.681,0
0,0,39,1,1,3,2.1130000000000004,0
0,0,66,2,1,2,5.4430000000000005,0
0,0,24,1,1,0,1.8849999999999998,0
0,0,29,0,1,2,2.4339999999999993,0
0,0,42,0,1,2,2.0440000000000005,0
0,0,21,1,1,1,1.5120000000000005,0
0,0,14,1,1,0,6.128999999999998,0
1,0,28,1,1,0,1.4299999999999997,0
0,0,49,2,1,2,2.120000000000001,0
0,0,37,1,1,1,13.003000000000004,1
0,0,10,0,0,0,1.9569999999999936,0
0,0,8,0,0,0,2.7660000000000053,0
0,0,21,0,1,0,1.8780000000000001,0
0,0,20,0,1,0,2.4849999999999994,0
0,0,8,0,0,0,10.152000000000001,0
0,0,9,0,0,0,3.7650000000000006,0
0,0,33,2,1,0,1.8049999999999988,0
0,0,8,0,0,0,1.9100000000000001,0
0,0,17,1,1,1,2.447000000000001,0
0,0,9,0,0,0,0.0,0
0,0,57,3,1,2,10.432,0
0,0,47,2,1,2,2.122,0
1,0,12,0,1,1,1.2139999999999986,0
0,0,49,2,1,2,1.4000000000000021,0
1,0,51,1,1,2,2.754999999999999,0
0,0,49,2,1,2,6.391000000000002,0
0,0,16,0,1,1,3.9649999999999963,0
0,0,3,0,0,0,1.9140000000000015,0
1,0,21,1,1,1,3.485999999999997,0
0,0,56,2,1,1,8.753,0
0,0,8,0,0,0,1.321000000000005,0
0,0,22,1,1,0,2.604999999999997,0
0,0,25,3,1,0,1.804000000000002,0
0,0,18,0,13,0,1.43,0
0,0,58,4,1,2,3.7199999999999998,0
0,0,35,1,1,1,2.529,0
0,0,31,3,1,1,1.3120000000000012,0
0,0,36,1,1,1,1.923,0
0,0,22,0,1,1,1.8369999999999997,0
0,0,12,1,1,0,2.3249999999999993,1
0,0,9,0,0,0,1.4739999999999984,0
0,0,21,0,1,0,8.450000000000003,0
0,0,9,0,0,0,7.033000000000001,0
0,0,18,0,13,0,0.0,0
1,0,11,0,1,0,18.683,0
1,0,35,1,1,0,7.437999999999995,0
1,0,19,1,1,1,2.1640000000000015,0
0,0,22,2,1,0,0.0,0
0,0,56,3,1,1,2.4080000000000004,0
1,0,10,1,1,0,1.0709999999999997,0
1,0,20,0,1,0,1.638,0
1,0,8,0,2,0,1.1959999999999997,0
0,0,26,0,1,0,1.2859999999999996,0
0,0,27,1,1,0,2.360000000000001,0
0,0,31,1,1,1,2.155999999999999,0
0,0,33,2,1,2,2.040000000000001,0
0,0,52,6,1,3,3.3580000000000005,1
0,0,17,0,1,0,1.2399999999999984,0
0,0,49,2,1,0,4.167000000000002,0
1,0,40,4,1,1,3.5229999999999997,0
0,0,48,3,1,0,3.1529999999999987,0
0,0,54,1,1,1,2.802000000000003,0
0,0,67,1,1,1,3.6899999999999977,0
0,0,30,1,1,2,1.8669999999999973,0
0,0,19,2,1,0,1.9179999999999993,0
0,0,21,1,1,2,6.688000000000002,0
0,0,25,1,1,0,4.798000000000002,0
0,0,9,0,0,1,2.274000000000001,0
0,0,14,0,1,1,6.600999999999999,0
0,0,12,0,0,0,0.0,0
0,0,17,0,1,0,4.489,0
0,0,15,0,1,1,13.315,0
0,0,15,0,1,1,5.315000000000001,0
1,0,18,0,1,0,3.16,0
1,0,16,1,1,0,1.559000000000001,0
0,0,10,0,0,0,2.799999999999997,0
0,0,39,3,1,0,5.291000000000004,0
0,0,15,0,1,0,2.3959999999999937,0
1,0,32,1,1,1,3.719000000000001,0
1,0,23,2,1,2,5.324000000000005,0
0,0,10,0,0,1,1.4409999999999954,0
0,0,10,0,0,0,14.988999999999997,0
0,0,5,0,0,0,6.1209999999999996,0
0,0,20,0,1,1,4.203000000000001,0
1,0,3,0,0,1,9.036999999999999,0
0,0,17,0,1,0,1.6400000000000006,0
0,0,7,0,0,0,1.3659999999999997,0
0,0,32,2,1,0,24.689,0
1,0,25,2,1,0,1.070999999999998,0
1,0,22,2,1,0,1.524000000000001,0
0,0,10,0,0,0,1.1099999999999994,0
0,0,25,0,1,0,3.289999999999999,0
1,0,25,1,1,0,2.551000000000002,0
0,0,7,0,0,0,0.0,0
0,0,18,0,1,0,3.2829999999999995,0
0,0,7,0,0,0,1.8820000000000006,0
0,0,51,4,1,2,4.877000000000001,0
0,0,51,4,1,2,2.0519999999999996,0
0,0,21,2,1,1,1.0249999999999986,0
1,0,15,0,1,1,16.720000000000002,0
1,0,9,1,0,0,10.925999999999998,0
1,0,7,1,0,0,1.514000000000003,0
0,0,9,0,0,0,8.759,0
0,0,49,3,1,2,2.3359999999999985,0
0,0,50,0,1,3,2.186,0
0,0,39,0,1,2,1.5629999999999953,0
0,0,19,1,1,1,1.2409999999999997,0
0,0,26,0,1,0,1.240000000000002,0
0,0,40,2,1,0,1.639,0
0,0,45,3,1,1,1.6400000000000001,0
0,0,41,3,1,1,1.4859999999999998,0
0,0,37,3,1,3,1.8389999999999995,0
0,0,44,2,1,1,1.6300000000000008,0
0,0,26,0,1,0,2.722999999999999,0
0,0,9,0,0,0,4.356999999999999,0
0,0,46,3,1,0,3.3230000000000004,0
1,0,23,2,1,1,2.277000000000001,0
1,0,33,1,1,1,0.0,0
0,0,32,3,1,0,2.8810000000000002,0
0,0,43,3,1,3,1.4050000000000011,0
0,0,26,2,1,0,1.1609999999999978,0
0,0,43,5,1,1,2.1620000000000026,0
0,0,59,2,1,2,3.120999999999995,0
0,0,41,4,1,0,1.5549999999999997,0
0,0,46,2,1,0,2.555000000000007,0
0,0,41,3,1,1,3.3599999999999994,0
0,0,25,1,1,0,0.0,0
1,0,67,1,1,1,3.4039999999999964,0
0,0,50,2,1,1,2.2120000000000033,0
0,0,29,2,1,0,1.468999999999994,0
0,0,25,1,1,2,4.6440000000000055,0
1,0,43,3,1,0,7.9169999999999945,0
0,0,55,2,1,3,3.480000000000004,0
0,0,32,1,1,1,1.7179999999999995,0
0,0,9,0,0,0,11.562000000000001,0
1,0,25,0,1,1,13.759999999999998,0
0,0,57,2,1,1,2.5600000000000023,0
0,1,27,0,1,2,1.803999999999995,0
0,0,25,1,1,2,1.7950000000000017,0
1,0,42,1,1,3,2.442,0
0,0,32,1,1,3,2.3200000000000003,0
0,0,27,1,1,2,1.6780000000000044,0
0,0,26,1,1,2,2.799999999999997,0
0,0,14,1,1,0,2.195999999999998,0
1,0,21,0,1,0,11.204,0
0,0,44,1,1,0,2.561,0
0,0,10,0,0,0,1.1950000000000003,0
0,0,19,1,1,0,1.8899999999999997,0
0,0,19,1,1,1,4.6,0
0,0,28,1,1,3,6.754,0
0,0,34,3,1,2,2.475999999999999,0
0,0,21,1,1,1,1.5650000000000013,0
0,0,10,0,1,0,1.3550000000000004,0
1,0,4,0,0,0,6.280000000000001,0
0,0,34,2,1,0,2.003,0
0,0,35,0,1,1,4.717999999999996,0
1,0,47,1,1,0,2.1600000000000037,0
0,0,40,0,1,0,1.774000000000001,0
0,0,33,2,1,0,1.8669999999999973,0
0,0,19,0,2,0,4.813000000000002,0
0,0,54,2,1,2,2.9939999999999998,0
0,0,35,0,1,0,18.361000000000004,0
1,0,33,0,1,2,1.6689999999999996,0
0,0,39,2,1,2,4.282,0
0,0,34,0,1,2,2.519,0
0,0,20,0,1,0,1.9640000000000004,0
0,0,15,0,2,0,1.6449999999999996,0
1,0,9,0,0,0,1.190999999999999,0
1,0,8,0,1,0,4.086000000000002,0
0,0,10,0,0,0,5.038,0
1,0,46,2,1,0,6.995000000000001,0
0,0,49,4,1,1,3.6019999999999968,0
0,0,29,2,1,0,2.240000000000002,0
0,0,25,2,1,0,1.639000000000003,0
0,0,23,1,1,1,2.559999999999995,0
0,0,44,4,1,1,2.440000000000005,0
1,0,49,3,1,0,3.6799999999999997,0
0,0,36,2,1,2,9.134999999999998,0
0,0,68,0,1,1,3.5059999999999993,0
0,0,36,4,1,1,3.609,0
0,0,10,0,1,0,1.5250000000000004,1
0,0,41,1,1,2,2.4250000000000007,0
0,0,31,0,1,2,1.2059999999999995,0
0,0,18,0,13,0,2.113999999999999,0
0,0,10,0,0,0,7.399000000000001,0
0,0,56,2,1,1,2.5199999999999996,0
0,0,26,2,1,0,2.242000000000001,0
0,0,31,0,1,0,0.0,0
0,0,35,0,1,1,1.404,0
0,0,57,3,1,2,1.9229999999999983,0
0,0,6,0,1,0,3.3599999999999994,0
0,0,36,1,1,0,0.0,0
1,0,13,0,1,0,10.350999999999999,0
0,0,5,1,0,0,0.0,0
0,0,9,1,0,0,2.527000000000001,0
0,0,57,3,1,2,2.6090000000000018,0
0,0,34,2,1,2,1.1049999999999969,0
0,0,22,2,1,0,1.8440000000000012,0
0,0,9,0,0,0,5.596000000000004,0
1,0,17,1,1,0,1.8429999999999964,0
0,0,18,0,1,0,0.0,0
0,0,43,2,1,1,2.318,0
1,0,28,2,1,0,6.600000000000001,0
0,0,15,2,1,1,11.448,0
0,0,26,1,1,0,2.4309999999999974,0
0,0,30,3,1,0,1.769000000000002,0
0,0,10,0,1,0,1.681000000000001,0
0,0,18,3,1,0,1.7589999999999968,0
1,0,37,1,1,1,2.4770000000000003,0
0,0,30,2,1,0,2.7160000000000046,0
0,0,9,0,0,0,2.317999999999998,0
0,0,9,0,0,0,2.003,0
0,0,11,0,0,0,21.717,0
0,0,7,0,0,0,33.526,0
0,0,10,0,0,0,31.513999999999996,0
0,0,42,0,1,2,2.5599999999999996,0
0,0,8,0,0,0,5.525,0
0,0,30,1,1,0,4.754999999999999,0
0,0,40,1,1,0,1.843,0
0,0,18,0,1,0,1.4370000000000012,0
0,0,37,2,1,0,1.8790000000000013,1
1,0,35,3,1,0,2.6020000000000003,0
1,0,11,2,1,0,7.763000000000002,0
0,0,59,3,1,1,2.2369999999999948,0
0,0,26,1,1,0,1.4440000000000026,0
0,0,47,1,1,3,1.9939999999999998,0
1,0,20,2,1,0,2.6060000000000016,0
0,0,16,0,1,0,0.0,0
0,0,12,0,1,0,2.9549999999999983,0
0,0,4,1,0,0,2.280000000000001,0
0,0,9,1,1,0,1.2800000000000011,0
0,0,9,0,0,0,2.519999999999996,0
0,0,28,1,1,0,3.039999999999999,0
0,0,32,1,1,0,1.1600000000000037,0
0,0,18,2,1,1,1.205999999999996,0
0,0,43,1,1,0,3.5530000000000044,0
0,0,11,0,1,0,1.7299999999999969,0
0,0,21,0,1,1,0.0,0
1,0,15,1,1,0,1.756,0
0,0,40,1,1,2,2.718,0
0,0,14,0,1,0,1.4770000000000003,0
0,0,50,2,1,1,3.0840000000000005,0
0,0,44,1,1,1,2.2769999999999992,0
0,0,33,1,1,0,6.277999999999999,0
0,0,16,0,1,0,1.3270000000000017,0
0,0,30,3,1,2,1.4789999999999992,0
1,0,42,5,1,3,2.353999999999999,0
0,0,21,1,1,2,2.641000000000002,0
1,0,58,4,1,0,2.414999999999999,0
0,0,42,5,1,3,1.1050000000000004,0
0,0,37,2,1,1,1.684000000000001,0
0,0,19,0,2,0,2.7199999999999953,0
0,0,9,0,0,0,1.5550000000000068,0
0,0,28,2,1,0,2.519999999999996,0
0,0,26,3,1,0,2.567999999999998,0
0,0,9,0,0,0,2.318000000000005,0
0,0,13,0,2,0,11.759999999999998,0
0,0,23,1,2,0,3.558,0
0,0,57,3,1,1,3.1670000000000016,0
0,0,30,3,1,3,4.119,0
1,0,15,0,2,0,1.3960000000000008,0
0,0,22,1,1,0,2.1999999999999993,0
1,0,7,0,0,0,1.1609999999999996,0
0,0,51,2,1,0,16.761,0
1,0,25,1,1,0,1.5570000000000022,0
0,0,5,1,0,0,0.0,0
0,0,32,1,1,0,2.995000000000001,0
0,0,35,0,1,1,0.0,0
0,0,25,4,1,0,1.7310000000000016,0
0,0,10,1,1,0,1.7099999999999937,0
0,0,10,0,0,0,4.68,0
0,0,17,0,1,0,11.400000000000006,0
0,0,9,0,0,0,3.0,0
0,0,49,1,1,1,3.686,0
0,0,33,1,1,1,-3540,0
0,0,20,0,1,0,2.926,0
0,0,8,0,0,0,16.83,0
1,0,27,1,3,0,17.647000000000002,1
0,0,11,0,0,1,8.482999999999997,0
0,0,9,0,0,0,10.274999999999999,0
0,0,10,0,0,0,34.28,0
0,0,27,1,1,1,4.9979999999999976,0
1,0,7,1,0,1,18.040000000000006,0
1,0,13,1,1,1,0.0,0
0,0,9,0,0,1,1.401999999999994,0
0,0,10,0,0,0,3.4340000000000046,0
0,0,17,0,1,0,8.640999999999998,0
0,0,5,0,0,0,1.1600000000000001,0
0,0,21,2,1,0,3.8870000000000005,0
0,0,6,2,0,0,15.758,0
0,0,29,1,1,0,3.9570000000000007,0
0,0,11,0,1,0,2.9620000000000033,0
1,0,24,0,1,0,2.5589999999999975,0
0,0,10,0,0,0,2.442,0
0,0,18,1,1,0,14.000999999999998,0
0,0,15,0,2,0,11.998999999999995,0
0,0,8,0,0,0,1.1149999999999993,0
0,0,24,1,1,1,23.529,0
1,0,4,0,0,0,16.070999999999998,0
0,0,9,0,0,0,1.365000000000002,0
0,0,41,0,1,1,29.080000000000005,0
0,0,27,0,1,0,2.718,0
1,0,53,2,1,3,2.8810000000000002,0
0,0,35,3,1,0,6.123999999999999,0
0,0,36,0,1,0,4.239000000000001,0
0,0,14,2,1,0,46.672999999999995,0
1,0,7,0,1,0,2.080000000000002,0
0,0,9,1,1,1,1.8399999999999999,0
0,0,20,1,1,0,2.5279999999999987,0
0,0,33,1,1,0,2.6769999999999996,0
0,0,25,4,1,1,2.5209999999999972,0
0,0,24,3,1,2,2.717000000000006,0
0,0,38,2,1,1,2.516999999999996,0
0,0,17,0,1,0,1.3200000000000003,0
0,0,17,1,1,0,2.399000000000001,0
0,0,15,2,1,1,1.8810000000000002,0
0,0,48,3,1,3,5.479999999999997,0
0,0,33,2,1,0,3.0900000000000034,0
0,0,37,2,1,2,4.155000000000001,0
0,0,24,1,1,0,2.237000000000002,0
0,0,15,0,1,1,1.7579999999999956,0
0,0,4,0,0,0,1.966000000000001,0
0,0,45,4,1,0,7.157,0
0,0,34,2,1,2,4.078000000000001,0
0,0,24,3,1,2,2.7639999999999993,0
0,0,7,0,0,0,1.4799999999999986,0
0,0,21,2,1,2,4.122,0
0,0,7,0,0,0,20.838,0
0,0,18,0,1,3,12.484000000000002,0
0,0,26,0,4,0,23.195,0
1,0,41,2,1,3,18.196999999999996,0
0,0,10,0,0,1,0.0,0
0,0,4,1,0,1,2.3590000000000018,0
0,0,40,1,1,1,2.679000000000002,0
0,0,31,4,1,3,3.0820000000000007,0
0,0,21,0,1,1,2.6430000000000007,0
0,0,30,2,1,1,2.0389999999999944,0
0,0,36,3,1,0,1.686,0
0,0,6,0,0,0,2.9150000000000063,0
0,0,37,3,1,3,2.675999999999995,0
0,0,22,2,1,1,3.1679999999999993,0
0,0,21,0,1,1,2.0,0
0,0,41,2,1,1,5.239,0
1,0,40,4,1,0,4.4030000000000005,0
0,0,15,0,1,0,4.112,0
0,0,54,2,1,1,3.7239999999999984,0
0,0,19,3,1,0,1.963000000000001,0
0,0,22,1,1,0,3.0779999999999994,0
0,0,22,1,1,1,2.3200000000000003,0
0,0,56,2,1,3,3.6000000000000014,0
0,0,38,2,1,0,5.111999999999998,0
0,0,40,1,1,1,1.764000000000003,0
0,0,42,2,1,0,1.4420000000000002,0
0,0,10,1,1,1,2.036999999999999,0
1,0,21,0,1,1,0.0,0
0,0,46,2,1,1,2.0060000000000002,0
0,0,30,0,1,0,1.9209999999999994,0
0,0,21,1,1,1,1.277000000000001,0
0,0,18,1,1,0,0.0,0
0,0,52,3,1,2,3.0829999999999984,0
0,0,26,1,1,0,2.9919999999999973,0
0,0,40,2,1,3,2.764000000000003,0
0,0,43,3,1,1,4.0020000000000024,0
0,0,21,0,1,0,2.0079999999999956,0
0,0,22,1,1,1,0.0,0
0,0,42,2,1,2,1.833,0
0,0,23,1,1,0,1.6759999999999997,0
0,0,17,1,1,0,1.9640000000000004,0
0,0,51,0,1,1,2.393,0
0,0,33,2,1,0,1.529,0
0,0,23,1,1,1,1.6790000000000003,0
0,0,42,5,1,2,2.5939999999999994,0
0,0,25,4,1,1,1.806000000000001,0
0,0,44,2,1,2,1.9990000000000006,0
0,0,15,1,1,2,1.5219999999999985,0
1,0,41,2,1,0,1.6739999999999995,0
0,0,5,0,1,0,1.1960000000000015,1
0,0,17,0,1,1,2.3290000000000006,0
0,0,40,3,1,1,2.4770000000000003,1
0,0,44,7,1,3,9.838999999999995,0
0,0,53,2,1,0,5.760000000000005,0
0,0,39,4,1,2,1.6839999999999975,0
0,0,16,0,1,2,1.7199999999999989,0
0,0,15,0,1,1,0.0,0
0,0,22,0,1,0,2.1200000000000045,0
1,0,5,1,0,0,1.2309999999999945,0
0,0,34,1,1,1,2.605000000000004,0
0,0,48,5,1,2,2.396000000000001,0
0,0,45,2,1,4,3.0820000000000007,0
0,0,16,0,1,0,1.9570000000000007,0
0,0,25,1,1,0,2.5659999999999954,0
0,0,13,0,1,0,0.0,0
0,0,20,2,1,2,2.634,0
0,0,57,5,1,3,4.287999999999999,0
0,0,30,1,1,0,3.354000000000001,0
1,0,14,1,2,0,5.0379999999999985,0
0,0,31,0,1,1,2.5660000000000025,0
0,0,9,0,2,0,1.5579999999999998,0
1,0,63,7,1,1,10.68,0
0,0,39,3,1,0,1.485999999999997,0
0,0,64,3,1,2,3.2450000000000045,0
1,0,15,0,1,0,1.070999999999998,0
0,0,32,1,1,2,2.519999999999996,0
0,0,20,0,1,1,1.8370000000000033,0
0,0,33,2,1,0,2.557000000000002,0
0,0,27,2,1,1,1.8089999999999975,0
0,0,11,0,0,0,19.995000000000005,0
0,0,13,0,1,1,120,0
0,0,18,0,1,1,3.2779999999999987,0
0,0,53,1,2,0,5.099999999999998,0
